query_id,pred_id,similarity,correct
id_6811,id_6811,0.6294,True
id_6811,id_6811,0.4403,True
id_6811,id_9668,0.4422,False
id_6811,id_6811,0.6466,True
id_6811,id_6811,0.5667,True
id_6811,id_9931,0.3952,False
id_6811,id_6811,0.7406,True
id_6811,id_6811,0.6278,True
id_6811,id_6811,0.5109,True
id_6811,id_6811,0.7100,True
id_6811,id_6811,0.7273,True
id_6811,id_6811,0.6628,True
id_6811,id_6811,0.7743,True
id_6811,id_9271,0.4022,False
id_6811,id_6811,0.7135,True
id_6811,id_6811,0.5473,True
id_6811,id_6811,0.7804,True
id_6811,id_6811,0.7008,True
id_6811,id_6811,0.7094,True
id_6811,id_6811,0.7501,True
id_6811,id_6811,0.7227,True
id_6811,id_6811,0.5024,True
id_6811,id_6811,0.7072,True
id_6811,id_6811,0.6191,True
id_6811,id_6811,0.4780,True
id_6811,id_6811,0.7393,True
id_6811,id_6811,0.7013,True
id_6811,id_6811,0.5444,True
id_6811,id_6811,0.4503,True
id_6811,id_6811,0.7435,True
id_6811,id_6811,0.7017,True
id_6811,id_3750,0.3908,False
id_6811,id_6811,0.7323,True
id_6811,id_6811,0.7245,True
id_6811,id_6811,0.6689,True
id_6811,id_6811,0.6608,True
id_6811,id_6811,0.6677,True
id_6811,id_6811,0.4811,True
id_6811,id_6811,0.6248,True
id_6811,id_7270,0.4884,False
id_6811,id_5043,0.4907,False
id_6811,id_6811,0.6432,True
id_6811,id_6811,0.6571,True
id_6811,id_6811,0.6544,True
id_6811,id_5596,0.3804,False
id_6811,id_6811,0.6185,True
id_6811,id_6811,0.5941,True
id_6811,id_6811,0.4750,True
id_6811,id_10419,0.3319,False
id_6811,id_4968,0.4640,False
id_6811,id_6811,0.5247,True
id_6811,id_6288,0.4988,False
id_6811,id_6811,0.6059,True
id_6811,id_6811,0.4500,True
id_6811,id_6811,0.6021,True
id_6811,id_6811,0.7478,True
id_6811,id_6811,0.5101,True
id_6811,id_6816,0.3595,False
id_6811,id_6811,0.6669,True
id_6811,id_6811,0.6586,True
id_6811,id_6811,0.6870,True
id_6811,id_6811,0.6670,True
id_6811,id_6811,0.5689,True
id_6811,id_6811,0.7433,True
id_6811,id_4317,0.4496,False
id_6811,id_6811,0.6582,True
id_6811,id_6811,0.7491,True
id_6811,id_6811,0.5399,True
id_6811,id_4285,0.3406,False
id_6811,id_6811,0.6237,True
id_6811,id_4515,0.4619,False
id_6811,id_6811,0.7616,True
id_6811,id_5422,0.4206,False
id_6811,id_6811,0.6677,True
id_6811,id_3238,0.3890,False
id_6811,id_6811,0.7431,True
id_6811,id_6811,0.5861,True
id_6811,id_6811,0.7381,True
id_6811,id_6811,0.7437,True
id_6811,id_6811,0.6907,True
id_6811,id_6811,0.4706,True
id_6811,id_4968,0.4025,False
id_6811,id_6811,0.6686,True
id_6811,id_7019,0.3502,False
id_6811,id_6816,0.4272,False
id_6811,id_6811,0.6372,True
id_6811,id_6811,0.5919,True
id_6811,id_6811,0.7167,True
id_6811,id_8423,0.2924,False
id_6811,id_1627,0.3909,False
id_6811,id_6811,0.6715,True
id_6811,id_6811,0.4676,True
id_6811,id_6811,0.7428,True
id_6811,id_6811,0.7435,True
id_6811,id_6811,0.6957,True
id_6811,id_6811,0.4537,True
id_6811,id_6811,0.6706,True
id_6811,id_5043,0.5721,False
id_6811,id_6811,0.6898,True
id_6811,id_9037,0.3558,False
id_6811,id_6811,0.5799,True
id_6811,id_6811,0.5905,True
id_6811,id_6811,0.6727,True
id_6811,id_4317,0.4557,False
id_6811,id_5714,0.3240,False
id_6811,id_2103,0.3066,False
id_6811,id_6811,0.4227,True
id_6811,id_6811,0.5277,True
id_6811,id_6407,0.3386,False
id_6811,id_6811,0.7419,True
id_6811,id_6811,0.5292,True
id_6811,id_6811,0.7367,True
id_6811,id_6811,0.4640,True
id_6811,id_6811,0.7443,True
id_6811,id_6811,0.7448,True
id_6811,id_1255,0.3243,False
id_6811,id_6811,0.5274,True
id_6811,id_6811,0.4897,True
id_6811,id_6594,0.4412,False
id_6811,id_6811,0.3694,True
id_6811,id_10419,0.4777,False
id_6811,id_7925,0.3868,False
id_6811,id_9873,0.4326,False
id_6811,id_6811,0.5408,True
id_6811,id_6811,0.6366,True
id_6811,id_6811,0.5037,True
id_6811,id_8977,0.3735,False
id_6811,id_6811,0.6632,True
id_6811,id_6811,0.7554,True
id_6811,id_6811,0.5493,True
id_6811,id_6811,0.6739,True
id_6811,id_5235,0.4330,False
id_6811,id_7069,0.5626,False
id_6811,id_6811,0.6550,True
id_6811,id_4317,0.5052,False
id_6811,id_2751,0.3900,False
id_6811,id_6811,0.6875,True
id_6811,id_6811,0.6587,True
id_6811,id_6811,0.6450,True
id_6811,id_6811,0.6964,True
id_6811,id_6811,0.5217,True
id_6811,id_6811,0.6644,True
id_6811,id_6811,0.7330,True
id_6811,id_1627,0.4878,False
id_6811,id_4968,0.4911,False
id_6811,id_6811,0.5701,True
id_6811,id_10571,0.4226,False
id_6811,id_6811,0.6254,True
id_6811,id_6811,0.6772,True
id_6811,id_4317,0.4688,False
id_6811,id_6811,0.5680,True
id_6811,id_7019,0.4760,False
id_6811,id_6811,0.6576,True
id_6811,id_6811,0.7427,True
id_6811,id_6811,0.7338,True
id_6811,id_6811,0.5715,True
id_6811,id_6811,0.7325,True
id_6811,id_10110,0.4133,False
id_6811,id_6302,0.3719,False
id_6811,id_6811,0.6882,True
id_6811,id_6811,0.6388,True
id_6811,id_6811,0.4873,True
id_6811,id_6811,0.6561,True
id_6811,id_6811,0.6063,True
id_6811,id_6811,0.7148,True
id_6811,id_8021,0.3951,False
id_6811,id_6811,0.7138,True
id_6811,id_6811,0.7735,True
id_6811,id_6811,0.6011,True
id_9267,id_8547,0.3690,False
id_9267,id_9267,0.5646,True
id_9267,id_6284,0.4041,False
id_9267,id_9267,0.5509,True
id_9267,id_9599,0.3743,False
id_9267,id_5687,0.3586,False
id_9267,id_1924,0.4534,False
id_9267,id_10079,0.4024,False
id_9598,id_9598,0.4976,True
id_9598,id_8870,0.4119,False
id_9598,id_9598,0.4596,True
id_9598,id_4135,0.4053,False
id_9598,id_9598,0.5480,True
id_9598,id_9598,0.6064,True
id_9598,id_9598,0.4530,True
id_9598,id_9598,0.5256,True
id_9598,id_9598,0.4143,True
id_9598,id_4063,0.3988,False
id_9598,id_9598,0.6027,True
id_9598,id_7733,0.4014,False
id_9598,id_10482,0.4392,False
id_212,id_212,0.7709,True
id_212,id_212,0.6498,True
id_212,id_2685,0.3439,False
id_212,id_212,0.5402,True
id_212,id_212,0.4688,True
id_212,id_212,0.7204,True
id_212,id_212,0.7351,True
id_212,id_212,0.7097,True
id_9166,id_9166,0.5841,True
id_9166,id_5896,0.5019,False
id_9166,id_9166,0.4899,True
id_9166,id_6139,0.3600,False
id_9166,id_6398,0.3966,False
id_9166,id_9166,0.5967,True
id_9166,id_5206,0.4499,False
id_9166,id_9166,0.4911,True
id_9166,id_9166,0.3943,True
id_9166,id_4165,0.3941,False
id_9166,id_1981,0.4278,False
id_9166,id_6821,0.4404,False
id_9166,id_4268,0.3202,False
id_9166,id_9166,0.5756,True
id_9166,id_5869,0.2842,False
id_7953,id_1360,0.4166,False
id_7953,id_7953,0.5473,True
id_7953,id_5593,0.5506,False
id_7953,id_7953,0.4504,True
id_7953,id_7953,0.5256,True
id_7953,id_7953,0.5703,True
id_7953,id_7953,0.3728,True
id_7953,id_5895,0.4740,False
id_1412,id_5038,0.3969,False
id_1412,id_1412,0.7891,True
id_1412,id_4820,0.3718,False
id_1412,id_1412,0.5421,True
id_1412,id_1412,0.6194,True
id_1412,id_8414,0.4813,False
id_1412,id_2293,0.3685,False
id_1412,id_3497,0.3788,False
id_1412,id_1412,0.8078,True
id_1412,id_1412,0.7268,True
id_1412,id_708,0.3751,False
id_1412,id_1412,0.7635,True
id_1412,id_1412,0.6548,True
id_1412,id_1412,0.7980,True
id_1412,id_5886,0.3466,False
id_1412,id_1412,0.6236,True
id_1412,id_5806,0.4180,False
id_1412,id_1412,0.8120,True
id_1412,id_1412,0.7009,True
id_1412,id_1412,0.3798,True
id_1412,id_5827,0.4065,False
id_1412,id_1168,0.2801,False
id_1412,id_1412,0.6902,True
id_1412,id_1412,0.7700,True
id_1412,id_1412,0.7010,True
id_1412,id_1412,0.7357,True
id_1412,id_1412,0.7304,True
id_1412,id_1412,0.6682,True
id_1412,id_1153,0.3163,False
id_1412,id_3578,0.2890,False
id_1412,id_1412,0.6992,True
id_1412,id_1412,0.7941,True
id_1412,id_1412,0.5333,True
id_1412,id_1412,0.6507,True
id_1412,id_1412,0.7896,True
id_1412,id_1412,0.6586,True
id_1412,id_1795,0.4033,False
id_1412,id_4956,0.4696,False
id_1412,id_1412,0.8321,True
id_1412,id_977,0.3975,False
id_1412,id_1412,0.7015,True
id_1412,id_1412,0.7953,True
id_1412,id_7089,0.3049,False
id_1412,id_1412,0.4476,True
id_1412,id_1412,0.6432,True
id_1412,id_1412,0.7695,True
id_1412,id_1412,0.6015,True
id_1412,id_8682,0.3276,False
id_1412,id_1412,0.7557,True
id_1412,id_6453,0.3411,False
id_1412,id_1412,0.3821,True
id_1412,id_5206,0.4077,False
id_1412,id_1412,0.5510,True
id_1412,id_8036,0.3681,False
id_1412,id_1412,0.6216,True
id_1412,id_1412,0.5018,True
id_1412,id_8972,0.3670,False
id_1412,id_1412,0.6980,True
id_1412,id_1412,0.6178,True
id_1412,id_1412,0.7716,True
id_1412,id_5038,0.3910,False
id_1412,id_1412,0.5572,True
id_1412,id_649,0.3582,False
id_1412,id_1412,0.4996,True
id_1412,id_708,0.4052,False
id_6620,id_3461,0.3988,False
id_6620,id_6620,0.4000,True
id_6620,id_6620,0.4395,True
id_6620,id_6503,0.4237,False
id_6620,id_708,0.4241,False
id_6620,id_6620,0.4887,True
id_6620,id_1532,0.3540,False
id_6620,id_5101,0.4897,False
id_6620,id_6620,0.6029,True
id_6620,id_6620,0.6213,True
id_6620,id_6620,0.6183,True
id_2930,id_9419,0.4975,False
id_2930,id_2576,0.5084,False
id_2930,id_2930,0.6600,True
id_2930,id_2930,0.6400,True
id_2930,id_4045,0.4211,False
id_2930,id_2930,0.4835,True
id_2930,id_2930,0.5827,True
id_2930,id_2930,0.6855,True
id_2930,id_2930,0.6255,True
id_3281,id_5892,0.3087,False
id_3281,id_6476,0.5110,False
id_3281,id_3281,0.5749,True
id_3281,id_7756,0.3299,False
id_3281,id_6321,0.4561,False
id_3281,id_2291,0.3641,False
id_3281,id_4619,0.3842,False
id_3281,id_3281,0.4052,True
id_6033,id_6033,0.7277,True
id_6033,id_6033,0.5455,True
id_6033,id_4436,0.3127,False
id_6033,id_6033,0.6129,True
id_6033,id_6033,0.5272,True
id_6033,id_5956,0.4027,False
id_6033,id_1597,0.3664,False
id_6033,id_4165,0.3916,False
id_6033,id_5869,0.4179,False
id_6033,id_4165,0.3767,False
id_6033,id_9950,0.4288,False
id_6033,id_6033,0.5440,True
id_6033,id_6033,0.5272,True
id_6033,id_6033,0.5793,True
id_6033,id_6033,0.6060,True
id_6033,id_6033,0.5116,True
id_4541,id_3551,0.3702,False
id_4541,id_4834,0.4021,False
id_4541,id_4165,0.4201,False
id_4541,id_7090,0.2928,False
id_4541,id_4541,0.4204,True
id_4541,id_4541,0.3897,True
id_4541,id_6278,0.3944,False
id_4541,id_4233,0.4160,False
id_4541,id_3578,0.3792,False
id_2101,id_2101,0.6500,True
id_2101,id_3497,0.4511,False
id_2101,id_2354,0.4186,False
id_2101,id_2101,0.5752,True
id_2101,id_2101,0.6799,True
id_2101,id_2101,0.5728,True
id_2101,id_2357,0.4140,False
id_2101,id_2101,0.6430,True
id_2101,id_2101,0.6223,True
id_2101,id_2101,0.4290,True
id_2101,id_2101,0.4793,True
id_2101,id_5928,0.3692,False
id_2101,id_2101,0.5830,True
id_2101,id_2101,0.5853,True
id_2101,id_2101,0.4442,True
id_2101,id_2101,0.4846,True
id_2101,id_2101,0.5695,True
id_2101,id_2101,0.5653,True
id_2101,id_2101,0.7803,True
id_2101,id_2101,0.6995,True
id_10393,id_4716,0.4402,False
id_10393,id_9694,0.2707,False
id_10393,id_7879,0.4156,False
id_10393,id_8912,0.2872,False
id_10393,id_8682,0.2900,False
id_6948,id_4433,0.4043,False
id_6948,id_2216,0.4365,False
id_6948,id_6948,0.5470,True
id_6948,id_6948,0.4853,True
id_6948,id_5045,0.4735,False
id_6948,id_6948,0.5362,True
id_6948,id_4368,0.3285,False
id_6948,id_6948,0.5668,True
id_6948,id_5045,0.4413,False
id_6948,id_6948,0.4249,True
id_2833,id_2833,0.5624,True
id_2833,id_2833,0.6924,True
id_2833,id_2833,0.6879,True
id_2833,id_2833,0.7669,True
id_2833,id_2833,0.6723,True
id_2833,id_2833,0.5838,True
id_2833,id_2833,0.6823,True
id_2833,id_2833,0.6606,True
id_2833,id_2833,0.7200,True
id_2833,id_2833,0.6609,True
id_2833,id_2833,0.6347,True
id_2833,id_2833,0.6945,True
id_3026,id_3778,0.3950,False
id_3026,id_2685,0.3072,False
id_3026,id_977,0.3564,False
id_3026,id_27,0.3265,False
id_3026,id_6407,0.3653,False
id_3026,id_3026,0.3967,True
id_3026,id_10541,0.3365,False
id_793,id_9398,0.4019,False
id_793,id_793,0.5837,True
id_793,id_793,0.6089,True
id_793,id_99,0.4091,False
id_793,id_248,0.5167,False
id_793,id_793,0.4733,True
id_793,id_10422,0.4469,False
id_793,id_10422,0.4723,False
id_793,id_793,0.6435,True
id_793,id_793,0.5668,True
id_793,id_3497,0.3971,False
id_793,id_793,0.5162,True
id_793,id_907,0.3360,False
id_1295,id_1295,0.5435,True
id_1295,id_8897,0.3719,False
id_1295,id_2361,0.4219,False
id_1295,id_4135,0.3785,False
id_1295,id_1295,0.6235,True
id_1295,id_9599,0.5336,False
id_1295,id_6213,0.3273,False
id_1295,id_1295,0.5225,True
id_1295,id_7090,0.3962,False
id_2623,id_10048,0.5025,False
id_2623,id_2987,0.5013,False
id_2623,id_4135,0.3602,False
id_2623,id_6278,0.3899,False
id_2623,id_10356,0.4350,False
id_2623,id_9821,0.4532,False
id_8946,id_8946,0.7044,True
id_8946,id_8946,0.7482,True
id_8946,id_8946,0.6396,True
id_8946,id_8946,0.5473,True
id_8946,id_8946,0.5588,True
id_8946,id_8946,0.5431,True
id_8946,id_8946,0.3325,True
id_8946,id_9016,0.4592,False
id_8946,id_10181,0.2672,False
id_5520,id_5520,0.4514,True
id_5520,id_4174,0.3864,False
id_5520,id_142,0.3531,False
id_5520,id_3916,0.3808,False
id_5520,id_1853,0.3186,False
id_5520,id_1481,0.3830,False
id_5520,id_97,0.3872,False
id_8897,id_6821,0.4761,False
id_8897,id_6821,0.4089,False
id_8897,id_5895,0.4776,False
id_8897,id_4825,0.4108,False
id_8897,id_3538,0.3360,False
id_8897,id_8897,0.5184,True
id_8897,id_9393,0.3665,False
id_8897,id_8897,0.7734,True
id_8897,id_2287,0.5810,False
id_5429,id_5429,0.4925,True
id_5429,id_1365,0.3843,False
id_5429,id_5429,0.6811,True
id_5429,id_5429,0.5262,True
id_5429,id_5429,0.6305,True
id_5429,id_5429,0.6244,True
id_5429,id_5429,0.5822,True
id_5429,id_8437,0.3185,False
id_5429,id_5429,0.4912,True
id_5429,id_9599,0.4704,False
id_5429,id_9599,0.4134,False
id_5429,id_5429,0.6491,True
id_5221,id_7367,0.4288,False
id_5221,id_5221,0.4438,True
id_5221,id_5221,0.5874,True
id_5221,id_65,0.3975,False
id_5221,id_5221,0.5956,True
id_5221,id_5221,0.5541,True
id_5221,id_5221,0.4817,True
id_5221,id_5221,0.4645,True
id_5221,id_5221,0.6418,True
id_5221,id_5221,0.7656,True
id_5221,id_5221,0.6461,True
id_5221,id_5221,0.3487,True
id_5221,id_5221,0.5194,True
id_5221,id_5221,0.2870,True
id_5221,id_5221,0.4193,True
id_5221,id_5221,0.3559,True
id_5221,id_5221,0.4651,True
id_5221,id_7470,0.3213,False
id_5221,id_5221,0.6353,True
id_5221,id_5221,0.5437,True
id_7904,id_7904,0.6824,True
id_7904,id_7904,0.5867,True
id_7904,id_7904,0.4588,True
id_7904,id_7904,0.5879,True
id_7904,id_6001,0.3362,False
id_7904,id_7904,0.6069,True
id_7904,id_7904,0.6711,True
id_7904,id_7904,0.4918,True
id_7904,id_7904,0.5816,True
id_3161,id_3161,0.7200,True
id_3161,id_3161,0.5693,True
id_3161,id_3161,0.5835,True
id_3161,id_3161,0.6752,True
id_3161,id_3161,0.6967,True
id_3161,id_3161,0.7483,True
id_3161,id_3161,0.7365,True
id_3161,id_3161,0.7115,True
id_3161,id_3161,0.6106,True
id_3161,id_3161,0.7179,True
id_3161,id_3161,0.6256,True
id_3161,id_3161,0.6225,True
id_3161,id_3161,0.7168,True
id_3161,id_3161,0.5934,True
id_3161,id_3161,0.5016,True
id_3161,id_3161,0.7095,True
id_3161,id_3161,0.4142,True
id_3161,id_3161,0.6298,True
id_3161,id_3161,0.6566,True
id_3161,id_3161,0.6910,True
id_3161,id_3161,0.3503,True
id_3161,id_3161,0.6433,True
id_3161,id_3161,0.7833,True
id_3161,id_3161,0.5306,True
id_3161,id_3161,0.4622,True
id_8297,id_8297,0.7473,True
id_8297,id_8297,0.7117,True
id_8297,id_8297,0.6004,True
id_8297,id_8297,0.7505,True
id_8297,id_6288,0.6204,False
id_8297,id_8297,0.7383,True
id_8297,id_10482,0.4030,False
id_8297,id_8297,0.6428,True
id_8297,id_8297,0.5585,True
id_8297,id_8297,0.6744,True
id_8297,id_8297,0.6039,True
id_8297,id_8297,0.3828,True
id_5206,id_5206,0.4089,True
id_5206,id_7756,0.4702,False
id_5206,id_1761,0.4168,False
id_5206,id_5206,0.4516,True
id_5206,id_5206,0.4666,True
id_5206,id_5206,0.4690,True
id_5206,id_5206,0.4380,True
id_5198,id_8169,0.3355,False
id_5198,id_5198,0.5745,True
id_5198,id_5198,0.6157,True
id_5198,id_5198,0.5879,True
id_5198,id_5198,0.6374,True
id_5198,id_5198,0.6722,True
id_5198,id_8987,0.4730,False
id_5198,id_8987,0.3831,False
id_5198,id_5198,0.5097,True
id_5198,id_5198,0.5355,True
id_5198,id_9960,0.5386,False
id_5198,id_5198,0.5902,True
id_4222,id_4222,0.6747,True
id_4222,id_3503,0.4974,False
id_4222,id_4222,0.4619,True
id_4222,id_4222,0.4775,True
id_4222,id_4222,0.6459,True
id_4222,id_4222,0.5660,True
id_4222,id_4222,0.5673,True
id_4222,id_4222,0.7425,True
id_4222,id_4222,0.6724,True
id_4222,id_4222,0.6239,True
id_4222,id_4222,0.3468,True
id_4222,id_3503,0.3436,False
id_4222,id_4222,0.4811,True
id_4222,id_4222,0.3395,True
id_4222,id_4222,0.5011,True
id_4222,id_4222,0.7059,True
id_4222,id_7575,0.4400,False
id_4222,id_10079,0.3948,False
id_4222,id_1939,0.3894,False
id_4222,id_4222,0.5137,True
id_1724,id_5043,0.3943,False
id_1724,id_1724,0.6463,True
id_1724,id_9517,0.3991,False
id_1724,id_8011,0.4708,False
id_1724,id_1724,0.5342,True
id_1724,id_1724,0.6863,True
id_1724,id_8469,0.4179,False
id_1724,id_1724,0.5772,True
id_1724,id_1724,0.5774,True
id_1724,id_3660,0.4703,False
id_1724,id_9155,0.4573,False
id_1724,id_1724,0.4066,True
id_1724,id_1674,0.3169,False
id_5988,id_4567,0.3092,False
id_5988,id_6030,0.4345,False
id_5988,id_5988,0.4680,True
id_5988,id_8482,0.4085,False
id_5988,id_4893,0.4241,False
id_5988,id_6611,0.4780,False
id_5988,id_4086,0.3903,False
id_5988,id_5988,0.3951,True
id_5988,id_5988,0.4353,True
id_5988,id_5988,0.3729,True
id_5988,id_5988,0.4436,True
id_5988,id_5988,0.5679,True
id_5988,id_5988,0.4976,True
id_3379,id_3379,0.6440,True
id_3379,id_3379,0.4624,True
id_3379,id_3379,0.6227,True
id_3379,id_3379,0.5877,True
id_3379,id_3379,0.5379,True
id_3379,id_8866,0.3700,False
id_3379,id_3379,0.5500,True
id_3379,id_3379,0.6998,True
id_3379,id_2867,0.3666,False
id_3379,id_3379,0.4036,True
id_3379,id_3379,0.6217,True
id_3379,id_3379,0.4751,True
id_3379,id_2881,0.5352,False
id_3457,id_3457,0.7692,True
id_3457,id_3457,0.5350,True
id_3457,id_3457,0.7257,True
id_3457,id_3457,0.6920,True
id_3457,id_3457,0.4697,True
id_3457,id_3457,0.5305,True
id_3457,id_3457,0.4685,True
id_3457,id_3457,0.5853,True
id_3457,id_3457,0.7259,True
id_3457,id_3457,0.4479,True
id_3457,id_3457,0.4781,True
id_3457,id_10021,0.4013,False
id_3457,id_3457,0.6957,True
id_3457,id_3457,0.6795,True
id_3457,id_3457,0.6439,True
id_3457,id_3457,0.4609,True
id_3457,id_3457,0.7252,True
id_3457,id_8055,0.3289,False
id_3457,id_3457,0.6912,True
id_3457,id_3457,0.5582,True
id_3457,id_3457,0.6182,True
id_3457,id_3457,0.4821,True
id_3457,id_3457,0.6977,True
id_3457,id_3457,0.5568,True
id_3457,id_3060,0.3114,False
id_3457,id_3457,0.6536,True
id_3457,id_3457,0.6860,True
id_3457,id_3457,0.7154,True
id_3457,id_3457,0.7722,True
id_3457,id_3457,0.6584,True
id_3457,id_3457,0.7397,True
id_3457,id_3457,0.7302,True
id_3457,id_3457,0.6340,True
id_3457,id_3457,0.6537,True
id_3457,id_7474,0.3757,False
id_3457,id_3457,0.6055,True
id_3457,id_3457,0.5341,True
id_3457,id_3457,0.6469,True
id_3457,id_3457,0.8016,True
id_3457,id_3457,0.5500,True
id_3457,id_3457,0.7366,True
id_3457,id_7756,0.3364,False
id_3457,id_3457,0.6990,True
id_3457,id_3457,0.4548,True
id_3457,id_3457,0.6136,True
id_3457,id_3457,0.5063,True
id_3457,id_3457,0.6478,True
id_1286,id_4165,0.4305,False
id_1286,id_1795,0.5064,False
id_1286,id_4966,0.3853,False
id_1286,id_1286,0.4345,True
id_1286,id_1286,0.5974,True
id_1286,id_4820,0.3862,False
id_1286,id_1752,0.4344,False
id_1286,id_1286,0.5609,True
id_1286,id_1286,0.3924,True
id_1286,id_1286,0.6215,True
id_1286,id_1286,0.5678,True
id_1286,id_1286,0.6847,True
id_1286,id_1286,0.5719,True
id_1286,id_1286,0.4989,True
id_1286,id_1286,0.4977,True
id_1286,id_4247,0.3650,False
id_1286,id_1286,0.4257,True
id_1286,id_1286,0.4790,True
id_1286,id_2809,0.4127,False
id_1286,id_3866,0.3914,False
id_1286,id_1286,0.3327,True
id_1286,id_1286,0.5570,True
id_1286,id_1286,0.5582,True
id_1286,id_1286,0.6355,True
id_1286,id_1286,0.6428,True
id_9271,id_10232,0.3284,False
id_9271,id_9271,0.5796,True
id_9271,id_9271,0.5808,True
id_9271,id_9271,0.4966,True
id_9271,id_9286,0.4461,False
id_9271,id_9271,0.6061,True
id_9271,id_4358,0.3111,False
id_9271,id_9271,0.4160,True
id_9271,id_9694,0.4177,False
id_9271,id_6568,0.3819,False
id_9271,id_8977,0.4701,False
id_9271,id_9271,0.6032,True
id_9271,id_9271,0.5088,True
id_9271,id_5962,0.3789,False
id_9271,id_9271,0.6204,True
id_9271,id_9530,0.4478,False
id_9271,id_9271,0.3702,True
id_9271,id_9271,0.4677,True
id_9271,id_9271,0.6449,True
id_9271,id_9271,0.6259,True
id_9271,id_9271,0.4222,True
id_9271,id_10181,0.4199,False
id_9271,id_10135,0.4089,False
id_9271,id_9271,0.5646,True
id_9271,id_9271,0.6081,True
id_9271,id_8036,0.5425,False
id_9271,id_9271,0.3394,True
id_9271,id_9271,0.5818,True
id_9271,id_3569,0.3942,False
id_9271,id_9271,0.4214,True
id_4882,id_4882,0.5308,True
id_4882,id_5687,0.4590,False
id_4882,id_3917,0.4845,False
id_4882,id_4882,0.6001,True
id_4882,id_2354,0.3735,False
id_4882,id_4882,0.3975,True
id_4882,id_4882,0.5008,True
id_4882,id_3497,0.4985,False
id_4882,id_4882,0.6910,True
id_4882,id_4882,0.6451,True
id_4882,id_4882,0.5596,True
id_470,id_3497,0.4778,False
id_470,id_470,0.5870,True
id_470,id_4047,0.3974,False
id_470,id_470,0.3942,True
id_470,id_5251,0.4305,False
id_470,id_2730,0.3149,False
id_470,id_470,0.5038,True
id_470,id_470,0.6140,True
id_470,id_470,0.5332,True
id_470,id_556,0.4132,False
id_470,id_470,0.5862,True
id_470,id_7300,0.4240,False
id_470,id_470,0.4174,True
id_470,id_470,0.4917,True
id_470,id_470,0.4043,True
id_470,id_470,0.5788,True
id_470,id_470,0.5164,True
id_470,id_470,0.4316,True
id_470,id_414,0.3921,False
id_470,id_470,0.4277,True
id_470,id_470,0.5896,True
id_470,id_470,0.4749,True
id_470,id_470,0.5820,True
id_470,id_470,0.4046,True
id_470,id_3257,0.4042,False
id_470,id_8116,0.5059,False
id_470,id_470,0.4423,True
id_470,id_470,0.6194,True
id_470,id_2154,0.4364,False
id_470,id_7925,0.3480,False
id_470,id_470,0.5378,True
id_470,id_3622,0.4886,False
id_470,id_99,0.4733,False
id_470,id_470,0.5524,True
id_470,id_3709,0.3465,False
id_470,id_470,0.5076,True
id_3136,id_3136,0.5744,True
id_3136,id_5441,0.4072,False
id_3136,id_5223,0.4880,False
id_3136,id_4532,0.3466,False
id_3136,id_3136,0.6033,True
id_3136,id_3136,0.5512,True
id_3136,id_216,0.3798,False
id_3136,id_3136,0.6054,True
id_1365,id_1365,0.5440,True
id_1365,id_1365,0.6195,True
id_1365,id_4169,0.4339,False
id_1365,id_1365,0.5037,True
id_1365,id_1365,0.4913,True
id_1365,id_1365,0.4803,True
id_1365,id_1365,0.5837,True
id_1365,id_1365,0.4178,True
id_1365,id_1365,0.4908,True
id_1365,id_4923,0.3391,False
id_1365,id_2569,0.3889,False
id_1365,id_9393,0.3162,False
id_1365,id_1365,0.5478,True
id_1365,id_1365,0.3439,True
id_1365,id_1365,0.4920,True
id_1365,id_1365,0.3326,True
id_1365,id_1365,0.5708,True
id_1365,id_1365,0.5825,True
id_1365,id_4853,0.2936,False
id_1365,id_1365,0.6405,True
id_1365,id_1365,0.6722,True
id_1365,id_1365,0.5129,True
id_1365,id_5045,0.3669,False
id_1365,id_1365,0.6591,True
id_1365,id_5131,0.3568,False
id_1365,id_1365,0.4740,True
id_1365,id_1365,0.3612,True
id_1365,id_1365,0.5705,True
id_7032,id_8977,0.4004,False
id_7032,id_9881,0.3753,False
id_7032,id_7032,0.4825,True
id_7032,id_9171,0.4132,False
id_7032,id_7032,0.4478,True
id_7032,id_6288,0.4458,False
id_7032,id_7032,0.6156,True
id_7032,id_7032,0.5054,True
id_7032,id_7032,0.4922,True
id_7032,id_7032,0.5814,True
id_7032,id_4968,0.4164,False
id_7032,id_7032,0.5510,True
id_7367,id_7367,0.5416,True
id_7367,id_7367,0.5035,True
id_7367,id_7367,0.6395,True
id_7367,id_7367,0.5936,True
id_7367,id_7367,0.6269,True
id_7367,id_7367,0.4541,True
id_7367,id_7367,0.5422,True
id_7367,id_7367,0.5559,True
id_7367,id_4726,0.3606,False
id_7367,id_2913,0.3479,False
id_7367,id_7367,0.6312,True
id_7367,id_4583,0.4941,False
id_7367,id_4059,0.3466,False
id_7367,id_7367,0.6494,True
id_7367,id_8152,0.5195,False
id_7367,id_7367,0.6155,True
id_7367,id_7367,0.6303,True
id_7367,id_7367,0.3992,True
id_8423,id_8897,0.4700,False
id_8423,id_8423,0.7203,True
id_8423,id_8423,0.7089,True
id_8423,id_5896,0.4226,False
id_8423,id_8423,0.5347,True
id_1981,id_1981,0.6096,True
id_1981,id_6948,0.2753,False
id_1981,id_1597,0.4257,False
id_1981,id_1981,0.7307,True
id_1981,id_221,0.3665,False
id_1981,id_10048,0.4327,False
id_1981,id_3517,0.4172,False
id_1981,id_1981,0.6073,True
id_1981,id_1981,0.6286,True
id_1981,id_1981,0.5705,True
id_1981,id_1981,0.6333,True
id_1981,id_6434,0.4011,False
id_1981,id_2867,0.3058,False
id_1981,id_2670,0.3904,False
id_1981,id_1981,0.7057,True
id_1981,id_1981,0.4594,True
id_1981,id_1981,0.5620,True
id_1981,id_1981,0.4422,True
id_1981,id_4492,0.4283,False
id_1981,id_1981,0.6556,True
id_1981,id_7446,0.3720,False
id_1981,id_1981,0.6474,True
id_1981,id_9945,0.4552,False
id_1981,id_1981,0.5678,True
id_1981,id_1981,0.5794,True
id_1981,id_8206,0.4239,False
id_1981,id_1981,0.6278,True
id_1981,id_1981,0.6001,True
id_1981,id_8199,0.4800,False
id_1981,id_3735,0.4777,False
id_1981,id_1981,0.7431,True
id_1981,id_1532,0.4191,False
id_1981,id_9598,0.3455,False
id_1981,id_1981,0.5670,True
id_1981,id_3538,0.3408,False
id_1981,id_1981,0.6023,True
id_1981,id_1981,0.6153,True
id_1981,id_7427,0.4155,False
id_1981,id_1981,0.4587,True
id_1981,id_1981,0.6881,True
id_1981,id_1981,0.6838,True
id_1981,id_10428,0.3354,False
id_1981,id_1981,0.6096,True
id_1981,id_1981,0.5895,True
id_1981,id_3503,0.3785,False
id_1981,id_1981,0.5765,True
id_1981,id_1981,0.7283,True
id_1981,id_7089,0.3689,False
id_1981,id_1981,0.6169,True
id_1981,id_9694,0.3390,False
id_1981,id_1981,0.6090,True
id_1981,id_1981,0.6118,True
id_1981,id_1981,0.5888,True
id_1981,id_1981,0.6910,True
id_1981,id_1981,0.4767,True
id_1981,id_1981,0.5919,True
id_1981,id_7834,0.3974,False
id_1981,id_1434,0.5416,False
id_1981,id_1981,0.5194,True
id_1981,id_1597,0.4732,False
id_2878,id_2878,0.7564,True
id_2878,id_2569,0.3382,False
id_2878,id_2878,0.6523,True
id_2878,id_786,0.4431,False
id_2878,id_2878,0.7497,True
id_2878,id_2878,0.6969,True
id_2878,id_2878,0.6275,True
id_2878,id_2878,0.7088,True
id_2878,id_2878,0.7773,True
id_7554,id_7658,0.4447,False
id_7554,id_1888,0.3922,False
id_7554,id_7554,0.4597,True
id_7554,id_10518,0.3753,False
id_7554,id_7554,0.5428,True
id_7554,id_7554,0.3434,True
id_7554,id_8037,0.3557,False
id_7554,id_7554,0.4966,True
id_7554,id_7554,0.4801,True
id_7554,id_8088,0.4163,False
id_4923,id_2369,0.3398,False
id_4923,id_4923,0.5944,True
id_4923,id_2689,0.3403,False
id_4923,id_4923,0.5390,True
id_4923,id_4923,0.6432,True
id_4923,id_3517,0.4131,False
id_4923,id_4923,0.5534,True
id_4923,id_4923,0.5689,True
id_4923,id_4923,0.5092,True
id_4923,id_9383,0.4373,False
id_4923,id_4923,0.5515,True
id_4923,id_4923,0.5030,True
id_4923,id_90,0.3223,False
id_4923,id_4923,0.4568,True
id_4923,id_6523,0.3530,False
id_312,id_312,0.5932,True
id_312,id_312,0.7202,True
id_312,id_312,0.4330,True
id_312,id_312,0.5592,True
id_312,id_312,0.5921,True
id_312,id_312,0.5209,True
id_312,id_312,0.5653,True
id_312,id_312,0.7675,True
id_312,id_312,0.6009,True
id_312,id_312,0.6579,True
id_312,id_312,0.6129,True
id_312,id_312,0.5988,True
id_312,id_312,0.5581,True
id_312,id_312,0.5832,True
id_312,id_312,0.5915,True
id_312,id_312,0.4873,True
id_8797,id_4169,0.4746,False
id_8797,id_8797,0.5972,True
id_8797,id_8797,0.6062,True
id_8797,id_8797,0.6984,True
id_8797,id_8797,0.5784,True
id_8797,id_8797,0.6491,True
id_8797,id_5726,0.3736,False
id_8797,id_8797,0.6633,True
id_8866,id_8866,0.5588,True
id_8866,id_8866,0.5315,True
id_8866,id_8866,0.4582,True
id_8866,id_8866,0.3718,True
id_8866,id_8866,0.7411,True
id_8866,id_8866,0.7308,True
id_8866,id_693,0.3968,False
id_8866,id_8866,0.6045,True
id_8866,id_8866,0.5794,True
id_8866,id_8866,0.6364,True
id_8866,id_8866,0.4376,True
id_8866,id_8866,0.7283,True
id_8866,id_2257,0.4308,False
id_8866,id_8866,0.6298,True
id_8866,id_8866,0.6937,True
id_8866,id_8866,0.6920,True
id_8866,id_8866,0.5475,True
id_8866,id_8866,0.7885,True
id_8866,id_8866,0.7815,True
id_8866,id_5472,0.4582,False
id_8866,id_8866,0.7876,True
id_8866,id_8866,0.7614,True
id_8866,id_8866,0.8411,True
id_8866,id_8866,0.6068,True
id_8866,id_4956,0.4702,False
id_8866,id_8866,0.7443,True
id_8866,id_8866,0.6785,True
id_8866,id_8866,0.6415,True
id_8866,id_8866,0.7906,True
id_8866,id_8866,0.6005,True
id_7506,id_7506,0.4722,True
id_7506,id_7506,0.4046,True
id_7506,id_7658,0.5297,False
id_7506,id_7506,0.3586,True
id_7506,id_6611,0.4750,False
id_7506,id_9530,0.5022,False
id_7506,id_7506,0.4507,True
id_7506,id_7506,0.4054,True
id_7506,id_7506,0.4819,True
id_7506,id_7506,0.5238,True
id_7506,id_9695,0.3452,False
id_7506,id_3397,0.4396,False
id_7506,id_7506,0.4302,True
id_7506,id_7506,0.4458,True
id_7506,id_7506,0.5658,True
id_7506,id_5760,0.4963,False
id_7506,id_6434,0.3974,False
id_7506,id_2149,0.3884,False
id_7506,id_4138,0.4142,False
id_7506,id_7506,0.4550,True
id_7506,id_9821,0.3567,False
id_7506,id_7270,0.4196,False
id_7506,id_7506,0.3967,True
id_7506,id_7506,0.3491,True
id_7506,id_7506,0.5741,True
id_7506,id_6062,0.4899,False
id_7506,id_7506,0.4075,True
id_7506,id_5760,0.4931,False
id_7506,id_7506,0.5568,True
id_8243,id_8243,0.5935,True
id_8243,id_9794,0.3265,False
id_8243,id_8243,0.4539,True
id_8243,id_5080,0.4756,False
id_8243,id_8243,0.5388,True
id_8243,id_8243,0.4632,True
id_8243,id_8423,0.3938,False
id_8243,id_8243,0.5371,True
id_8243,id_8243,0.5752,True
id_2439,id_6245,0.3757,False
id_2439,id_3207,0.2990,False
id_2439,id_2439,0.4745,True
id_2439,id_74,0.4073,False
id_2439,id_4492,0.3275,False
id_2439,id_10515,0.4294,False
id_2439,id_2439,0.3553,True
id_2439,id_4321,0.3361,False
id_2439,id_6894,0.3768,False
id_2439,id_65,0.4117,False
id_2439,id_7685,0.3737,False
id_2439,id_2439,0.6032,True
id_2439,id_5045,0.4373,False
id_2439,id_2439,0.5684,True
id_2439,id_4175,0.4033,False
id_2439,id_2439,0.5488,True
id_2439,id_2439,0.3474,True
id_2439,id_7567,0.3597,False
id_2439,id_8627,0.4564,False
id_2439,id_2439,0.5627,True
id_2439,id_252,0.2916,False
id_2439,id_2439,0.5240,True
id_2439,id_2439,0.3717,True
id_2439,id_1597,0.3980,False
id_2439,id_2439,0.5474,True
id_2439,id_3758,0.3805,False
id_2439,id_2439,0.5074,True
id_2439,id_2439,0.5713,True
id_2439,id_10515,0.2737,False
id_2439,id_2439,0.6045,True
id_2439,id_2439,0.3920,True
id_2439,id_2439,0.5728,True
id_2439,id_2439,0.5964,True
id_2439,id_1295,0.3918,False
id_2439,id_2439,0.4850,True
id_2439,id_2439,0.6153,True
id_2439,id_9550,0.5446,False
id_2439,id_2439,0.4582,True
id_2439,id_2439,0.5379,True
id_2439,id_2439,0.4937,True
id_2439,id_1360,0.4307,False
id_2439,id_2439,0.5552,True
id_2439,id_2439,0.4368,True
id_2439,id_3623,0.3976,False
id_2439,id_2439,0.5369,True
id_2439,id_1981,0.3988,False
id_2439,id_10021,0.3728,False
id_2439,id_2439,0.5679,True
id_2439,id_2439,0.5665,True
id_2439,id_2439,0.5460,True
id_2439,id_6882,0.3486,False
id_2439,id_2439,0.6307,True
id_2439,id_7315,0.3244,False
id_2439,id_3646,0.3655,False
id_2439,id_2439,0.4993,True
id_2439,id_1674,0.3857,False
id_2439,id_2439,0.6275,True
id_2439,id_2439,0.6944,True
id_2439,id_162,0.3576,False
id_2439,id_2439,0.4426,True
id_2439,id_2439,0.4295,True
id_2439,id_2439,0.5483,True
id_2439,id_4710,0.2995,False
id_2439,id_4165,0.3768,False
id_2439,id_97,0.3452,False
id_2439,id_2439,0.4920,True
id_2439,id_2439,0.4111,True
id_2439,id_2439,0.6548,True
id_2439,id_3735,0.3420,False
id_2439,id_3569,0.4742,False
id_2439,id_9398,0.4405,False
id_2439,id_2439,0.5988,True
id_2439,id_1350,0.4021,False
id_2439,id_5870,0.5643,False
id_2439,id_4135,0.2441,False
id_2439,id_6938,0.4011,False
id_2439,id_2439,0.4502,True
id_2439,id_2439,0.4662,True
id_2439,id_2439,0.5353,True
id_2439,id_2439,0.4131,True
id_2439,id_5429,0.3120,False
id_2439,id_2439,0.4464,True
id_2439,id_6775,0.3863,False
id_2439,id_2439,0.5324,True
id_2439,id_1612,0.4802,False
id_2439,id_177,0.4461,False
id_2439,id_2439,0.4951,True
id_2439,id_2439,0.4879,True
id_2439,id_1924,0.3641,False
id_2439,id_8423,0.3555,False
id_2439,id_2439,0.4719,True
id_2439,id_2439,0.4484,True
id_2439,id_2439,0.4515,True
id_2439,id_9393,0.4216,False
id_2439,id_2439,0.5363,True
id_2439,id_7752,0.4044,False
id_2439,id_1350,0.4666,False
id_2439,id_2439,0.3456,True
id_2439,id_2439,0.4264,True
id_2439,id_3758,0.3084,False
id_2439,id_786,0.5584,False
id_2439,id_6744,0.4129,False
id_2439,id_2802,0.2927,False
id_2439,id_2439,0.4969,True
id_2439,id_2439,0.4819,True
id_2439,id_2439,0.4648,True
id_2439,id_834,0.3476,False
id_2439,id_2439,0.4318,True
id_2439,id_2439,0.5902,True
id_2439,id_520,0.3205,False
id_2439,id_2439,0.5120,True
id_2439,id_2439,0.4654,True
id_2439,id_1981,0.4566,False
id_2439,id_2646,0.3937,False
id_2439,id_4247,0.3537,False
id_2439,id_2439,0.6141,True
id_2439,id_8870,0.4265,False
id_2439,id_2439,0.6399,True
id_2439,id_7752,0.3853,False
id_2439,id_5714,0.3736,False
id_2439,id_2987,0.4829,False
id_2439,id_2439,0.4370,True
id_2439,id_2439,0.4289,True
id_2439,id_8206,0.3379,False
id_2439,id_2439,0.4016,True
id_2439,id_4169,0.3836,False
id_2439,id_2232,0.3260,False
id_2439,id_4835,0.3767,False
id_2439,id_2439,0.5464,True
id_2439,id_2439,0.4470,True
id_2439,id_3735,0.4562,False
id_2439,id_2439,0.5880,True
id_2439,id_1981,0.4686,False
id_2439,id_8637,0.3487,False
id_2439,id_4492,0.3142,False
id_2439,id_221,0.3700,False
id_2439,id_2439,0.5651,True
id_2439,id_3379,0.3833,False
id_2439,id_2439,0.4566,True
id_2439,id_2439,0.6029,True
id_2439,id_2439,0.4956,True
id_2439,id_1350,0.4770,False
id_2439,id_2439,0.5616,True
id_2439,id_2439,0.4746,True
id_2439,id_6368,0.4296,False
id_2439,id_2439,0.4112,True
id_2439,id_2439,0.4300,True
id_2439,id_2439,0.5802,True
id_2439,id_2439,0.5494,True
id_2439,id_2439,0.4708,True
id_2439,id_8243,0.3319,False
id_2439,id_2232,0.4261,False
id_2439,id_953,0.3291,False
id_2439,id_1465,0.3479,False
id_2439,id_2439,0.5964,True
id_2439,id_2439,0.4982,True
id_2439,id_3039,0.2953,False
id_2439,id_56,0.3463,False
id_2439,id_9550,0.3688,False
id_2439,id_2439,0.5991,True
id_2439,id_6821,0.3203,False
id_2439,id_2439,0.5984,True
id_2439,id_2439,0.4802,True
id_2439,id_2439,0.6319,True
id_2439,id_3456,0.2835,False
id_2439,id_2439,0.4343,True
id_2439,id_2439,0.4989,True
id_2439,id_2439,0.4022,True
id_2439,id_2439,0.4194,True
id_2439,id_2439,0.4675,True
id_2439,id_2439,0.4815,True
id_2312,id_2312,0.6127,True
id_2312,id_2312,0.6698,True
id_2312,id_8970,0.4087,False
id_2312,id_2312,0.6574,True
id_2312,id_8021,0.4471,False
id_2312,id_2312,0.6881,True
id_2312,id_7022,0.4838,False
id_2312,id_2312,0.6598,True
id_2312,id_1001,0.3971,False
id_2312,id_2312,0.7181,True
id_2312,id_2312,0.5585,True
id_2312,id_2312,0.6856,True
id_2312,id_2312,0.7390,True
id_2312,id_2312,0.5032,True
id_2312,id_2312,0.6995,True
id_2312,id_2312,0.7640,True
id_2312,id_2312,0.7727,True
id_2312,id_8970,0.4087,False
id_2312,id_3926,0.4013,False
id_5928,id_5928,0.5053,True
id_5928,id_6611,0.3080,False
id_5928,id_5928,0.4738,True
id_5928,id_8482,0.5094,False
id_5928,id_3709,0.4174,False
id_5928,id_8531,0.4772,False
id_5928,id_8987,0.4994,False
id_5928,id_1357,0.3587,False
id_3923,id_6186,0.3617,False
id_3923,id_3923,0.5610,True
id_3923,id_4517,0.5260,False
id_3923,id_1168,0.3869,False
id_3923,id_1168,0.3889,False
id_3923,id_3923,0.6433,True
id_3923,id_4542,0.3248,False
id_3923,id_3923,0.4676,True
id_3923,id_6028,0.3806,False
id_3923,id_3923,0.5144,True
id_3923,id_3923,0.6047,True
id_3923,id_3923,0.4441,True
id_3923,id_3923,0.6201,True
id_3923,id_3923,0.3919,True
id_3923,id_3923,0.5235,True
id_3923,id_8866,0.4166,False
id_3923,id_3923,0.6375,True
id_3923,id_3923,0.5071,True
id_3923,id_3923,0.4908,True
id_3923,id_3456,0.4471,False
id_3923,id_4835,0.4853,False
id_3923,id_3923,0.5110,True
id_2881,id_2881,0.6116,True
id_2881,id_2881,0.5885,True
id_2881,id_2881,0.6181,True
id_2881,id_2881,0.6423,True
id_2881,id_2881,0.7356,True
id_2881,id_4966,0.3891,False
id_2881,id_2881,0.5577,True
id_2881,id_6667,0.4196,False
id_2881,id_2881,0.5363,True
id_2881,id_2881,0.7196,True
id_2881,id_2881,0.4256,True
id_2881,id_608,0.4469,False
id_2881,id_2881,0.6723,True
id_2881,id_2881,0.5980,True
id_2881,id_2881,0.3964,True
id_2881,id_69,0.4173,False
id_2881,id_2881,0.5773,True
id_2881,id_2881,0.6958,True
id_2881,id_2881,0.7150,True
id_2881,id_2881,0.4071,True
id_2881,id_2881,0.5099,True
id_2881,id_2881,0.5226,True
id_2881,id_2881,0.4884,True
id_2881,id_2881,0.5934,True
id_2881,id_2881,0.5913,True
id_2881,id_2881,0.5316,True
id_2881,id_2881,0.6280,True
id_2881,id_2881,0.5478,True
id_2881,id_5711,0.3814,False
id_2881,id_2881,0.5834,True
id_2881,id_2881,0.5531,True
id_2881,id_2881,0.5850,True
id_2881,id_2881,0.4148,True
id_2881,id_4880,0.3527,False
id_2881,id_2881,0.6142,True
id_2881,id_2881,0.5833,True
id_2881,id_2881,0.5942,True
id_2881,id_2881,0.3807,True
id_2881,id_5793,0.4170,False
id_2881,id_2881,0.5078,True
id_2881,id_2881,0.5544,True
id_2881,id_2881,0.5919,True
id_2881,id_2881,0.5975,True
id_2881,id_25,0.4695,False
id_2881,id_2867,0.3741,False
id_2881,id_2881,0.7042,True
id_2881,id_2881,0.4148,True
id_2881,id_2881,0.5447,True
id_2881,id_2881,0.5831,True
id_2881,id_4619,0.3566,False
id_2881,id_1988,0.4014,False
id_2881,id_2881,0.5411,True
id_2881,id_2881,0.6314,True
id_2881,id_5756,0.2820,False
id_2881,id_2881,0.4692,True
id_2881,id_2881,0.4731,True
id_2881,id_2881,0.6744,True
id_2881,id_2881,0.6055,True
id_2881,id_2881,0.6582,True
id_2881,id_6089,0.3242,False
id_2881,id_2881,0.5401,True
id_2881,id_2881,0.5464,True
id_2881,id_3784,0.2759,False
id_2881,id_9838,0.4515,False
id_2881,id_2881,0.4129,True
id_2881,id_5793,0.3135,False
id_2881,id_2881,0.4882,True
id_2881,id_2881,0.5438,True
id_2881,id_2881,0.6840,True
id_2881,id_2881,0.5276,True
id_2881,id_3578,0.3727,False
id_2881,id_907,0.3537,False
id_2881,id_10050,0.3517,False
id_2881,id_2881,0.6798,True
id_2881,id_2881,0.6839,True
id_2881,id_7273,0.4665,False
id_2881,id_2881,0.7024,True
id_2881,id_2881,0.6382,True
id_2881,id_10239,0.4639,False
id_2881,id_2881,0.4831,True
id_2881,id_6948,0.4587,False
id_2881,id_2881,0.7211,True
id_2881,id_2881,0.4756,True
id_2881,id_2881,0.4888,True
id_2881,id_2881,0.5732,True
id_2881,id_2881,0.7108,True
id_2881,id_2881,0.6180,True
id_2881,id_8627,0.4972,False
id_2881,id_25,0.4180,False
id_2881,id_2881,0.6283,True
id_2881,id_2881,0.7144,True
id_2881,id_2881,0.6487,True
id_2881,id_2881,0.4172,True
id_2881,id_2881,0.5400,True
id_2881,id_2881,0.5525,True
id_2881,id_2881,0.7278,True
id_2881,id_2881,0.6391,True
id_2881,id_2881,0.6194,True
id_2881,id_5793,0.3743,False
id_2881,id_2881,0.6164,True
id_2881,id_7879,0.3197,False
id_2881,id_9016,0.5329,False
id_2881,id_4821,0.2354,False
id_2881,id_2881,0.5036,True
id_2881,id_2881,0.5485,True
id_2881,id_2881,0.4356,True
id_2881,id_2881,0.4941,True
id_2881,id_7273,0.4155,False
id_2881,id_2881,0.6869,True
id_2881,id_2881,0.6993,True
id_2881,id_2881,0.4741,True
id_2881,id_10048,0.3075,False
id_2881,id_6878,0.3369,False
id_2881,id_9619,0.3455,False
id_2881,id_2881,0.4797,True
id_2881,id_2881,0.5332,True
id_2881,id_2881,0.6731,True
id_2881,id_2881,0.5598,True
id_2881,id_2881,0.6035,True
id_2881,id_1761,0.3985,False
id_2881,id_1532,0.4187,False
id_2881,id_2881,0.6374,True
id_2881,id_2881,0.4606,True
id_2881,id_2881,0.7360,True
id_2881,id_2,0.2868,False
id_2881,id_2881,0.6261,True
id_2881,id_2881,0.5992,True
id_2881,id_2881,0.4992,True
id_2881,id_2881,0.6683,True
id_2881,id_2881,0.6073,True
id_2881,id_1020,0.4174,False
id_2881,id_2881,0.6698,True
id_2881,id_3735,0.4276,False
id_216,id_216,0.5910,True
id_216,id_216,0.6450,True
id_216,id_2154,0.3589,False
id_216,id_6077,0.4841,False
id_216,id_216,0.5822,True
id_216,id_216,0.6937,True
id_216,id_216,0.5720,True
id_216,id_216,0.5797,True
id_216,id_216,0.5043,True
id_216,id_9393,0.3825,False
id_216,id_4698,0.4503,False
id_216,id_800,0.2726,False
id_907,id_162,0.4078,False
id_907,id_526,0.3934,False
id_907,id_907,0.5996,True
id_907,id_97,0.3895,False
id_907,id_907,0.5808,True
id_907,id_907,0.5955,True
id_907,id_907,0.4407,True
id_907,id_907,0.6183,True
id_907,id_907,0.6644,True
id_2303,id_953,0.4378,False
id_2303,id_2303,0.4844,True
id_2303,id_4598,0.4262,False
id_2303,id_2303,0.7275,True
id_2303,id_1652,0.3985,False
id_2303,id_2303,0.6629,True
id_2303,id_6878,0.4357,False
id_2303,id_5011,0.4764,False
id_2303,id_953,0.4594,False
id_1847,id_1847,0.6481,True
id_1847,id_1847,0.6444,True
id_1847,id_1847,0.6662,True
id_1847,id_1847,0.7242,True
id_1847,id_1847,0.7471,True
id_1847,id_1847,0.6349,True
id_1847,id_1847,0.4269,True
id_1847,id_1847,0.6538,True
id_1847,id_1847,0.4686,True
id_1847,id_1847,0.7716,True
id_1847,id_1847,0.7453,True
id_1847,id_1847,0.6900,True
id_6537,id_6537,0.5725,True
id_6537,id_6537,0.7395,True
id_6537,id_8547,0.4164,False
id_6537,id_6537,0.6446,True
id_6537,id_6537,0.6052,True
id_6537,id_6363,0.4047,False
id_6537,id_6537,0.6750,True
id_6537,id_6537,0.6106,True
id_6537,id_6537,0.6190,True
id_6537,id_6537,0.4022,True
id_6537,id_6537,0.5993,True
id_6537,id_6537,0.6278,True
id_6537,id_6537,0.5491,True
id_6537,id_6537,0.6688,True
id_6537,id_6537,0.6054,True
id_1542,id_1542,0.5301,True
id_1542,id_1542,0.5993,True
id_1542,id_1542,0.4584,True
id_1542,id_4874,0.4623,False
id_1542,id_9840,0.4851,False
id_1542,id_1542,0.5473,True
id_1542,id_1542,0.5492,True
id_1542,id_1542,0.6656,True
id_1542,id_1542,0.7492,True
id_1542,id_1542,0.5745,True
id_1542,id_1542,0.7280,True
id_1542,id_1542,0.6909,True
id_1542,id_1542,0.6468,True
id_1542,id_10170,0.4122,False
id_1542,id_1542,0.5760,True
id_1542,id_1542,0.6598,True
id_1542,id_1542,0.6371,True
id_1542,id_1542,0.4167,True
id_1542,id_8035,0.4739,False
id_1542,id_1542,0.5179,True
id_1542,id_1542,0.5661,True
id_1542,id_1321,0.4642,False
id_1542,id_1542,0.6064,True
id_1542,id_7478,0.3707,False
id_1542,id_1542,0.4746,True
id_1542,id_1542,0.5153,True
id_1542,id_6284,0.4162,False
id_1542,id_1542,0.5887,True
id_1542,id_3520,0.3664,False
id_1542,id_1542,0.5502,True
id_1542,id_1542,0.4609,True
id_1542,id_4874,0.4687,False
id_1542,id_1542,0.5958,True
id_1542,id_1542,0.6268,True
id_1542,id_1542,0.6614,True
id_1542,id_1542,0.6978,True
id_1542,id_1542,0.6003,True
id_1542,id_1542,0.6413,True
id_1542,id_1542,0.4972,True
id_1542,id_287,0.4168,False
id_1542,id_1542,0.6209,True
id_1542,id_1542,0.6758,True
id_1542,id_1542,0.6616,True
id_1542,id_5818,0.4060,False
id_1542,id_6284,0.3881,False
id_1542,id_1542,0.3827,True
id_1542,id_1542,0.4834,True
id_1542,id_287,0.4389,False
id_1542,id_1542,0.5838,True
id_1542,id_1542,0.6796,True
id_1542,id_1542,0.4876,True
id_1542,id_8362,0.4932,False
id_1542,id_1542,0.5932,True
id_1542,id_1292,0.5676,False
id_1542,id_1542,0.5473,True
id_1542,id_1542,0.5502,True
id_1542,id_1897,0.4341,False
id_1542,id_5928,0.4630,False
id_1542,id_1542,0.6839,True
id_1542,id_2500,0.4062,False
id_1542,id_9288,0.3676,False
id_1542,id_1542,0.4367,True
id_1542,id_1542,0.5635,True
id_1542,id_1542,0.6446,True
id_1542,id_3153,0.4461,False
id_1542,id_1542,0.6491,True
id_1542,id_1542,0.6352,True
id_1542,id_1542,0.6624,True
id_1542,id_1542,0.5182,True
id_1542,id_1542,0.5114,True
id_1542,id_1542,0.6136,True
id_1542,id_5794,0.4404,False
id_1542,id_1542,0.6227,True
id_1542,id_1542,0.6932,True
id_1542,id_4630,0.2545,False
id_1542,id_1542,0.6652,True
id_1542,id_1542,0.5548,True
id_1542,id_1542,0.4110,True
id_1542,id_1542,0.5179,True
id_1542,id_1542,0.6630,True
id_1542,id_1542,0.5784,True
id_1542,id_1542,0.6227,True
id_1542,id_1542,0.5330,True
id_1542,id_1542,0.4854,True
id_1542,id_2101,0.3571,False
id_1542,id_1542,0.6485,True
id_1542,id_1542,0.6137,True
id_1542,id_1542,0.5400,True
id_1542,id_1542,0.5192,True
id_1542,id_1542,0.6009,True
id_1542,id_1542,0.3883,True
id_1542,id_1542,0.6930,True
id_1542,id_6430,0.4078,False
id_1542,id_1542,0.6820,True
id_1542,id_6376,0.3805,False
id_1542,id_1542,0.4801,True
id_1542,id_1542,0.5276,True
id_1542,id_1542,0.6413,True
id_1542,id_1542,0.5693,True
id_1542,id_8677,0.3597,False
id_1542,id_1542,0.6065,True
id_1542,id_4874,0.4092,False
id_1542,id_1542,0.5144,True
id_1542,id_1542,0.4276,True
id_1542,id_1542,0.5747,True
id_1542,id_1542,0.6818,True
id_1542,id_1542,0.6115,True
id_1542,id_1542,0.5447,True
id_1542,id_1542,0.5718,True
id_1542,id_1542,0.6171,True
id_1542,id_1542,0.5000,True
id_1542,id_1292,0.3681,False
id_1542,id_7300,0.5078,False
id_1542,id_3722,0.4905,False
id_1542,id_7022,0.5695,False
id_1542,id_1542,0.5909,True
id_1542,id_1542,0.5589,True
id_1542,id_1542,0.5344,True
id_1542,id_1542,0.6477,True
id_1542,id_856,0.4130,False
id_1542,id_1542,0.5228,True
id_1542,id_1542,0.5111,True
id_1542,id_1542,0.6374,True
id_1542,id_1542,0.5913,True
id_1542,id_3855,0.3552,False
id_1542,id_1542,0.5331,True
id_1542,id_1542,0.6147,True
id_1542,id_1542,0.5594,True
id_1542,id_1542,0.6203,True
id_1542,id_5794,0.4032,False
id_1542,id_1001,0.4145,False
id_1542,id_1542,0.6580,True
id_1542,id_1542,0.5399,True
id_1542,id_1542,0.6791,True
id_1542,id_1542,0.7442,True
id_1542,id_6284,0.4361,False
id_1542,id_4532,0.4362,False
id_1542,id_1542,0.7165,True
id_1542,id_1542,0.4954,True
id_1542,id_1542,0.4516,True
id_1542,id_1542,0.5377,True
id_1542,id_1542,0.6190,True
id_1542,id_6284,0.4040,False
id_1542,id_1542,0.4865,True
id_1542,id_1542,0.6200,True
id_1542,id_1542,0.6214,True
id_1542,id_3520,0.4062,False
id_1542,id_1542,0.6205,True
id_1542,id_1542,0.6078,True
id_1542,id_6089,0.5102,False
id_1542,id_1542,0.4670,True
id_1542,id_1542,0.5931,True
id_1542,id_1542,0.6673,True
id_1542,id_8482,0.4637,False
id_1542,id_1542,0.5145,True
id_1542,id_1542,0.7377,True
id_1542,id_1542,0.4534,True
id_1542,id_1542,0.5749,True
id_1542,id_1542,0.5481,True
id_1542,id_6430,0.3210,False
id_1542,id_1542,0.6167,True
id_1542,id_2154,0.5082,False
id_1542,id_1542,0.6238,True
id_1542,id_1542,0.5208,True
id_1542,id_1542,0.5084,True
id_1542,id_1542,0.5759,True
id_1542,id_1542,0.6998,True
id_1542,id_1222,0.4147,False
id_1542,id_1542,0.6164,True
id_1542,id_1542,0.5485,True
id_1542,id_1542,0.5266,True
id_1542,id_1542,0.5916,True
id_1542,id_1542,0.5867,True
id_1542,id_1542,0.5361,True
id_1542,id_1542,0.6650,True
id_1542,id_1542,0.4811,True
id_1542,id_1664,0.4659,False
id_1542,id_168,0.4751,False
id_1542,id_6284,0.4270,False
id_1542,id_1542,0.6231,True
id_1542,id_1542,0.6580,True
id_1542,id_1542,0.4605,True
id_1542,id_1542,0.6262,True
id_1542,id_1542,0.6380,True
id_1542,id_1542,0.6017,True
id_1542,id_1542,0.6924,True
id_1542,id_1542,0.6506,True
id_1542,id_1542,0.5744,True
id_1542,id_1542,0.6139,True
id_1542,id_4874,0.5141,False
id_1542,id_9288,0.3658,False
id_1542,id_1542,0.6570,True
id_1542,id_1542,0.5819,True
id_1542,id_5965,0.3697,False
id_1542,id_1542,0.5462,True
id_1542,id_1542,0.6285,True
id_1542,id_1542,0.7442,True
id_1542,id_1542,0.5628,True
id_1542,id_1542,0.6530,True
id_1542,id_1542,0.6118,True
id_1542,id_1542,0.6355,True
id_1542,id_1542,0.6116,True
id_1542,id_9351,0.5760,False
id_1542,id_7022,0.5124,False
id_1542,id_1542,0.6568,True
id_1542,id_1542,0.6277,True
id_1542,id_1542,0.4522,True
id_1542,id_3153,0.3881,False
id_1542,id_1542,0.7061,True
id_1542,id_1542,0.6775,True
id_1542,id_1542,0.3322,True
id_1542,id_1542,0.5041,True
id_1542,id_2101,0.5528,False
id_1542,id_1542,0.5901,True
id_1542,id_239,0.4054,False
id_1542,id_1542,0.6906,True
id_1542,id_715,0.4643,False
id_1542,id_1542,0.4820,True
id_1542,id_1542,0.5578,True
id_1542,id_1542,0.5959,True
id_1542,id_1542,0.7237,True
id_1542,id_5981,0.3497,False
id_1542,id_715,0.3766,False
id_1542,id_2101,0.4608,False
id_1542,id_5896,0.3192,False
id_1542,id_1542,0.7226,True
id_1542,id_1542,0.5728,True
id_1542,id_1542,0.5847,True
id_1542,id_1542,0.6192,True
id_1542,id_4834,0.3817,False
id_1542,id_7763,0.4358,False
id_1542,id_1542,0.6395,True
id_1542,id_1542,0.6933,True
id_1542,id_6089,0.3895,False
id_1542,id_8209,0.3497,False
id_1542,id_1542,0.6766,True
id_1542,id_1542,0.6329,True
id_1542,id_1542,0.6710,True
id_1542,id_1542,0.6348,True
id_1542,id_1542,0.7736,True
id_1542,id_1542,0.5474,True
id_1542,id_2101,0.4042,False
id_1542,id_1542,0.5143,True
id_1542,id_1542,0.7351,True
id_1542,id_1542,0.4086,True
id_1542,id_1381,0.3707,False
id_1542,id_4009,0.3635,False
id_1542,id_7413,0.4682,False
id_1542,id_1542,0.6067,True
id_1542,id_1542,0.6462,True
id_1542,id_1542,0.5512,True
id_1542,id_5794,0.3569,False
id_1542,id_1542,0.5106,True
id_1542,id_1542,0.5109,True
id_1542,id_1542,0.5277,True
id_1542,id_1542,0.5689,True
id_1542,id_1542,0.6406,True
id_1542,id_1542,0.6035,True
id_1542,id_1542,0.5168,True
id_1542,id_1542,0.6141,True
id_1542,id_1542,0.6430,True
id_1542,id_1542,0.5679,True
id_1542,id_1542,0.6738,True
id_1542,id_1542,0.7477,True
id_1542,id_1542,0.7727,True
id_1542,id_1542,0.6411,True
id_1542,id_1542,0.6239,True
id_1542,id_1542,0.6519,True
id_1542,id_1542,0.5000,True
id_1542,id_1542,0.4423,True
id_1542,id_1542,0.6122,True
id_1542,id_5794,0.5460,False
id_1542,id_1750,0.4085,False
id_1542,id_1542,0.6320,True
id_4075,id_4075,0.4794,True
id_4075,id_1540,0.5995,False
id_4075,id_4075,0.5522,True
id_4075,id_4075,0.7320,True
id_4075,id_3855,0.3597,False
id_4075,id_4075,0.6904,True
id_4075,id_4075,0.5290,True
id_4075,id_4075,0.5873,True
id_4075,id_7300,0.4275,False
id_4075,id_4075,0.5821,True
id_4075,id_4075,0.4972,True
id_4075,id_9171,0.4470,False
id_4075,id_4075,0.6165,True
id_4075,id_4075,0.5248,True
id_4075,id_7666,0.4817,False
id_4075,id_2354,0.4087,False
id_4075,id_4075,0.6695,True
id_5509,id_10570,0.4692,False
id_5509,id_5509,0.5801,True
id_5509,id_5509,0.7779,True
id_5509,id_5509,0.7140,True
id_5509,id_5509,0.5663,True
id_5509,id_5509,0.5623,True
id_5509,id_5509,0.5196,True
id_5509,id_4192,0.4940,False
id_5509,id_5509,0.7031,True
id_5509,id_8243,0.4683,False
id_5509,id_5509,0.7565,True
id_5509,id_5509,0.5838,True
id_5509,id_9766,0.4947,False
id_4789,id_4789,0.6598,True
id_4789,id_4789,0.6228,True
id_4789,id_4789,0.5553,True
id_4789,id_4789,0.6769,True
id_4789,id_2287,0.3523,False
id_4789,id_4789,0.5553,True
id_4789,id_3569,0.3687,False
id_4789,id_10007,0.3486,False
id_5397,id_5397,0.5208,True
id_5397,id_6213,0.4463,False
id_5397,id_5397,0.6305,True
id_5397,id_4820,0.3321,False
id_5397,id_6821,0.3453,False
id_5397,id_5397,0.5563,True
id_5397,id_5397,0.4190,True
id_7658,id_7658,0.6414,True
id_7658,id_7658,0.8196,True
id_7658,id_7658,0.5450,True
id_7658,id_7658,0.7829,True
id_7658,id_7658,0.7380,True
id_7658,id_7658,0.7709,True
id_7658,id_7658,0.6804,True
id_7658,id_7658,0.4619,True
id_7658,id_7658,0.7366,True
id_69,id_6088,0.4588,False
id_69,id_9310,0.4797,False
id_69,id_69,0.6496,True
id_69,id_69,0.4584,True
id_69,id_69,0.5560,True
id_69,id_7752,0.4835,False
id_69,id_1694,0.4972,False
id_69,id_69,0.5785,True
id_69,id_69,0.5548,True
id_69,id_69,0.4733,True
id_69,id_9960,0.3734,False
id_69,id_69,0.6944,True
id_69,id_8470,0.3989,False
id_69,id_5010,0.4065,False
id_69,id_69,0.4401,True
id_69,id_69,0.3800,True
id_69,id_69,0.6225,True
id_69,id_69,0.4944,True
id_69,id_7968,0.4958,False
id_69,id_10023,0.4811,False
id_69,id_69,0.5522,True
id_69,id_69,0.4662,True
id_69,id_69,0.5011,True
id_69,id_6611,0.4202,False
id_69,id_69,0.5692,True
id_69,id_69,0.5133,True
id_69,id_69,0.4610,True
id_69,id_69,0.4220,True
id_69,id_69,0.5786,True
id_69,id_69,0.4347,True
id_69,id_69,0.3642,True
id_69,id_69,0.4597,True
id_69,id_69,0.4426,True
id_69,id_69,0.6172,True
id_69,id_6376,0.3746,False
id_69,id_2730,0.3740,False
id_69,id_69,0.5315,True
id_69,id_69,0.4742,True
id_69,id_69,0.6278,True
id_69,id_69,0.6214,True
id_69,id_4956,0.4458,False
id_69,id_69,0.6282,True
id_69,id_69,0.4069,True
id_69,id_69,0.5406,True
id_69,id_69,0.5419,True
id_69,id_69,0.5689,True
id_69,id_10079,0.4610,False
id_69,id_69,0.5348,True
id_69,id_7446,0.3821,False
id_69,id_7575,0.3703,False
id_69,id_3569,0.3988,False
id_69,id_69,0.4068,True
id_69,id_4369,0.3683,False
id_69,id_69,0.4834,True
id_69,id_69,0.4193,True
id_69,id_1321,0.4108,False
id_69,id_69,0.4310,True
id_69,id_1020,0.3880,False
id_69,id_69,0.5740,True
id_69,id_1321,0.5521,False
id_69,id_4317,0.4055,False
id_69,id_69,0.5527,True
id_69,id_69,0.4908,True
id_69,id_4855,0.3238,False
id_69,id_69,0.5462,True
id_69,id_6457,0.4702,False
id_69,id_69,0.6654,True
id_69,id_69,0.5962,True
id_69,id_69,0.4436,True
id_69,id_69,0.4267,True
id_69,id_69,0.5036,True
id_69,id_69,0.4937,True
id_69,id_69,0.4455,True
id_69,id_69,0.5706,True
id_69,id_69,0.6087,True
id_69,id_4222,0.4361,False
id_69,id_7484,0.4266,False
id_69,id_69,0.5014,True
id_69,id_69,0.4238,True
id_69,id_69,0.5351,True
id_69,id_69,0.6963,True
id_69,id_4463,0.4458,False
id_69,id_69,0.6508,True
id_69,id_7712,0.4267,False
id_69,id_9517,0.3980,False
id_69,id_69,0.6499,True
id_69,id_69,0.6007,True
id_69,id_3095,0.2607,False
id_69,id_69,0.4384,True
id_69,id_69,0.4874,True
id_69,id_69,0.5693,True
id_69,id_69,0.6406,True
id_69,id_69,0.5261,True
id_69,id_69,0.5623,True
id_69,id_69,0.6030,True
id_69,id_69,0.4192,True
id_69,id_69,0.3825,True
id_69,id_69,0.4411,True
id_69,id_69,0.6441,True
id_69,id_5251,0.4830,False
id_69,id_6611,0.4960,False
id_69,id_69,0.4050,True
id_69,id_69,0.4574,True
id_69,id_69,0.5888,True
id_69,id_4670,0.4532,False
id_69,id_69,0.6806,True
id_69,id_69,0.6017,True
id_69,id_69,0.4620,True
id_69,id_4358,0.4214,False
id_69,id_69,0.6072,True
id_69,id_5251,0.4220,False
id_69,id_6284,0.3486,False
id_69,id_69,0.5221,True
id_69,id_69,0.4264,True
id_69,id_69,0.6109,True
id_69,id_6363,0.3689,False
id_69,id_69,0.6175,True
id_69,id_4222,0.3716,False
id_69,id_69,0.5914,True
id_69,id_69,0.4221,True
id_69,id_3157,0.3918,False
id_69,id_69,0.5350,True
id_69,id_69,0.5082,True
id_69,id_69,0.5984,True
id_69,id_69,0.4983,True
id_69,id_69,0.5432,True
id_69,id_10023,0.4283,False
id_69,id_69,0.6067,True
id_69,id_69,0.4737,True
id_69,id_69,0.6596,True
id_69,id_69,0.5626,True
id_69,id_69,0.6013,True
id_69,id_69,0.5804,True
id_69,id_69,0.5158,True
id_69,id_9695,0.4658,False
id_69,id_69,0.4385,True
id_69,id_6013,0.2674,False
id_69,id_69,0.6262,True
id_69,id_69,0.5992,True
id_69,id_6011,0.5341,False
id_69,id_69,0.6394,True
id_69,id_69,0.5386,True
id_69,id_69,0.6544,True
id_69,id_69,0.6206,True
id_69,id_6056,0.4147,False
id_69,id_9496,0.3649,False
id_69,id_69,0.5715,True
id_69,id_9794,0.3839,False
id_69,id_69,0.5964,True
id_69,id_5058,0.4603,False
id_69,id_69,0.4328,True
id_69,id_7888,0.5175,False
id_69,id_69,0.5309,True
id_69,id_69,0.6397,True
id_69,id_69,0.5524,True
id_69,id_69,0.4417,True
id_69,id_69,0.3729,True
id_69,id_69,0.6343,True
id_69,id_69,0.5457,True
id_69,id_6506,0.3163,False
id_69,id_5956,0.4079,False
id_69,id_69,0.7466,True
id_69,id_4358,0.4282,False
id_69,id_69,0.4791,True
id_69,id_10021,0.3680,False
id_69,id_69,0.5398,True
id_69,id_7397,0.3582,False
id_69,id_69,0.6835,True
id_69,id_69,0.4521,True
id_69,id_69,0.5134,True
id_69,id_69,0.6355,True
id_69,id_9695,0.4045,False
id_69,id_7218,0.4472,False
id_69,id_69,0.5712,True
id_69,id_69,0.5994,True
id_69,id_8199,0.3885,False
id_69,id_6241,0.3860,False
id_69,id_69,0.5096,True
id_69,id_69,0.4673,True
id_69,id_3041,0.3939,False
id_69,id_3136,0.4231,False
id_69,id_7123,0.4000,False
id_69,id_69,0.6849,True
id_69,id_10023,0.3600,False
id_69,id_69,0.7047,True
id_69,id_69,0.5209,True
id_69,id_69,0.4591,True
id_69,id_5010,0.4416,False
id_69,id_5173,0.4361,False
id_69,id_69,0.5718,True
id_69,id_6543,0.3665,False
id_69,id_69,0.5981,True
id_69,id_69,0.4620,True
id_69,id_69,0.6639,True
id_69,id_69,0.6269,True
id_69,id_69,0.4229,True
id_69,id_4511,0.3036,False
id_69,id_69,0.5310,True
id_69,id_3911,0.4658,False
id_69,id_69,0.4654,True
id_69,id_69,0.5437,True
id_69,id_69,0.6581,True
id_69,id_69,0.4835,True
id_69,id_69,0.5293,True
id_69,id_69,0.6554,True
id_69,id_9891,0.3354,False
id_69,id_6611,0.3587,False
id_6173,id_6173,0.6109,True
id_6173,id_9218,0.2776,False
id_6173,id_6173,0.4745,True
id_6173,id_5467,0.3084,False
id_6173,id_4922,0.3279,False
id_6173,id_6173,0.4895,True
id_6173,id_5467,0.3600,False
id_4258,id_4258,0.7354,True
id_4258,id_4258,0.5721,True
id_4258,id_4258,0.7466,True
id_4258,id_4258,0.5962,True
id_4258,id_4751,0.5043,False
id_4258,id_4258,0.6463,True
id_4258,id_8417,0.4177,False
id_4258,id_9288,0.3717,False
id_4258,id_4258,0.4920,True
id_4258,id_6241,0.3961,False
id_4258,id_4258,0.4946,True
id_4258,id_4258,0.5819,True
id_4258,id_4258,0.6793,True
id_4258,id_4258,0.6264,True
id_4258,id_4258,0.7682,True
id_4258,id_4258,0.4356,True
id_3660,id_3660,0.5842,True
id_3660,id_6566,0.3363,False
id_3660,id_3660,0.6563,True
id_3660,id_3660,0.4861,True
id_3660,id_10181,0.4273,False
id_3660,id_3660,0.5291,True
id_3660,id_6302,0.4020,False
id_3660,id_3660,0.3763,True
id_2712,id_2712,0.6500,True
id_2712,id_1755,0.3637,False
id_2712,id_2712,0.6512,True
id_2712,id_2712,0.6584,True
id_2712,id_2232,0.3893,False
id_2712,id_2712,0.6153,True
id_2712,id_2712,0.4104,True
id_2712,id_2712,0.4531,True
id_2712,id_2712,0.5871,True
id_2712,id_10239,0.4339,False
id_2712,id_9716,0.4604,False
id_1765,id_10515,0.1883,False
id_1765,id_10021,0.3396,False
id_1765,id_1765,0.5259,True
id_1765,id_1765,0.4258,True
id_1765,id_1765,0.5416,True
id_1765,id_1765,0.4899,True
id_3206,id_3207,0.4013,False
id_3206,id_3206,0.6372,True
id_3206,id_4882,0.3494,False
id_3206,id_3206,0.4569,True
id_3206,id_3206,0.4552,True
id_3206,id_3206,0.5824,True
id_3206,id_7733,0.3934,False
id_3206,id_3206,0.4839,True
id_3206,id_3206,0.5625,True
id_3206,id_3736,0.4079,False
id_3206,id_3206,0.5135,True
id_3206,id_3206,0.5025,True
id_3206,id_3206,0.4830,True
id_3206,id_3206,0.4439,True
id_3206,id_2170,0.4227,False
id_3206,id_3206,0.5319,True
id_3206,id_3736,0.4079,False
id_3206,id_3206,0.5859,True
id_3206,id_3206,0.5758,True
id_3206,id_7879,0.4380,False
id_3206,id_8206,0.3837,False
id_3206,id_3206,0.6726,True
id_3206,id_3206,0.6388,True
id_3206,id_3206,0.5465,True
id_3206,id_7446,0.3467,False
id_3206,id_3206,0.3626,True
id_3206,id_3206,0.5352,True
id_6024,id_6024,0.6204,True
id_6024,id_6024,0.4236,True
id_6024,id_6543,0.4703,False
id_6024,id_8677,0.3462,False
id_6024,id_6024,0.5920,True
id_6024,id_6024,0.4582,True
id_6024,id_8987,0.3733,False
id_6024,id_6566,0.4627,False
id_6024,id_1001,0.4046,False
id_8641,id_8641,0.5290,True
id_8641,id_8641,0.5279,True
id_8641,id_8641,0.6411,True
id_8641,id_5080,0.4432,False
id_8641,id_5278,0.3914,False
id_8641,id_1885,0.5597,False
id_8641,id_8641,0.6884,True
id_7381,id_7381,0.5347,True
id_7381,id_7381,0.6556,True
id_7381,id_7381,0.5207,True
id_7381,id_7427,0.3947,False
id_7381,id_7381,0.6675,True
id_7381,id_2257,0.3949,False
id_7381,id_7381,0.7035,True
id_7381,id_7381,0.7408,True
id_7381,id_7381,0.7407,True
id_7381,id_4317,0.4009,False
id_7381,id_7381,0.5564,True
id_7381,id_7381,0.6812,True
id_7381,id_7381,0.7329,True
id_7381,id_7381,0.7172,True
id_7381,id_7381,0.6684,True
id_7381,id_2333,0.4315,False
id_7381,id_7381,0.7086,True
id_7381,id_7381,0.7625,True
id_7381,id_7381,0.6699,True
id_7381,id_7381,0.5513,True
id_7381,id_7381,0.4934,True
id_7381,id_7381,0.6828,True
id_7381,id_7381,0.6147,True
id_7381,id_7381,0.6363,True
id_7381,id_7381,0.6078,True
id_7381,id_4634,0.4473,False
id_7381,id_5235,0.3861,False
id_7381,id_7381,0.6205,True
id_7381,id_7381,0.6964,True
id_4675,id_4675,0.5859,True
id_4675,id_4675,0.7273,True
id_4675,id_4675,0.6391,True
id_4675,id_4675,0.6119,True
id_4675,id_4675,0.6873,True
id_4675,id_4675,0.5083,True
id_4675,id_4675,0.6389,True
id_4675,id_4675,0.6235,True
id_4675,id_4675,0.7660,True
id_4675,id_9881,0.4614,False
id_4675,id_9259,0.4656,False
id_4675,id_4789,0.4868,False
id_4675,id_4675,0.7069,True
id_8036,id_5687,0.4977,False
id_8036,id_8036,0.4926,True
id_8036,id_8036,0.6385,True
id_8036,id_8036,0.4888,True
id_8036,id_8036,0.4349,True
id_8036,id_8036,0.5574,True
id_8036,id_7174,0.4848,False
id_8036,id_8036,0.4880,True
id_8036,id_8036,0.4030,True
id_8036,id_8036,0.5137,True
id_8036,id_4317,0.3473,False
id_8036,id_8036,0.5149,True
id_8036,id_8036,0.5310,True
id_8036,id_8036,0.4750,True
id_8036,id_6890,0.4573,False
id_8036,id_8036,0.5449,True
id_5472,id_5472,0.5160,True
id_5472,id_5472,0.6077,True
id_5472,id_5472,0.6243,True
id_5472,id_5472,0.6569,True
id_5472,id_5472,0.5502,True
id_5472,id_5472,0.6343,True
id_5472,id_9863,0.5317,False
id_5472,id_221,0.3970,False
id_5472,id_6380,0.4562,False
id_5472,id_9629,0.3292,False
id_7474,id_7474,0.5724,True
id_7474,id_7474,0.5441,True
id_7474,id_1587,0.3526,False
id_7474,id_7474,0.5037,True
id_7474,id_6556,0.4627,False
id_7474,id_7474,0.6399,True
id_7474,id_7149,0.4414,False
id_7474,id_7474,0.4713,True
id_7474,id_7474,0.4917,True
id_7474,id_7474,0.4620,True
id_7474,id_7474,0.5982,True
id_7474,id_7474,0.5681,True
id_8362,id_8362,0.5397,True
id_8362,id_2154,0.5860,False
id_8362,id_3911,0.4515,False
id_8362,id_4170,0.4206,False
id_8362,id_3866,0.4137,False
id_8362,id_7456,0.4919,False
id_8362,id_8362,0.5419,True
id_8362,id_2358,0.4790,False
id_8362,id_2361,0.3922,False
id_2216,id_2216,0.7699,True
id_2216,id_4938,0.4128,False
id_2216,id_2216,0.4728,True
id_2216,id_5154,0.3948,False
id_2216,id_2216,0.7818,True
id_2216,id_2216,0.5948,True
id_2216,id_2216,0.5387,True
id_2216,id_2136,0.4864,False
id_2216,id_2216,0.6527,True
id_2216,id_2216,0.4778,True
id_2216,id_8972,0.3544,False
id_2216,id_2216,0.4604,True
id_2216,id_2216,0.5655,True
id_2216,id_2216,0.7632,True
id_2216,id_2216,0.6969,True
id_2216,id_2216,0.6016,True
id_2216,id_2216,0.6598,True
id_4369,id_4369,0.6295,True
id_4369,id_4369,0.6117,True
id_4369,id_4369,0.6432,True
id_4369,id_4369,0.7295,True
id_4369,id_4369,0.3619,True
id_4369,id_4369,0.6369,True
id_4369,id_5235,0.4307,False
id_4369,id_4369,0.4744,True
id_4369,id_4369,0.6933,True
id_4369,id_4369,0.4489,True
id_4369,id_4369,0.6593,True
id_4369,id_4369,0.6041,True
id_4369,id_4369,0.4576,True
id_4369,id_4369,0.6252,True
id_4369,id_4369,0.4334,True
id_4369,id_4369,0.4378,True
id_4369,id_4369,0.7380,True
id_4369,id_4369,0.4205,True
id_4369,id_4369,0.6026,True
id_4369,id_4369,0.5943,True
id_4369,id_3925,0.4667,False
id_4369,id_4369,0.5452,True
id_4369,id_4369,0.5420,True
id_4369,id_4369,0.6262,True
id_9351,id_6376,0.4419,False
id_9351,id_9351,0.5101,True
id_9351,id_9351,0.6413,True
id_9351,id_9351,0.6379,True
id_9351,id_6376,0.4249,False
id_9351,id_9351,0.4298,True
id_9351,id_9351,0.6290,True
id_9351,id_9351,0.7077,True
id_9351,id_9351,0.5444,True
id_9351,id_9351,0.6437,True
id_9351,id_1514,0.4377,False
id_9351,id_9351,0.6093,True
id_9351,id_9351,0.6379,True
id_9351,id_2480,0.4816,False
id_9351,id_4670,0.3938,False
id_9351,id_2500,0.4730,False
id_9351,id_9351,0.5761,True
id_9351,id_9351,0.5641,True
id_9351,id_1939,0.4023,False
id_9351,id_9351,0.6354,True
id_9351,id_9351,0.6010,True
id_9351,id_9351,0.4201,True
id_9351,id_5794,0.3193,False
id_9351,id_9351,0.6354,True
id_9351,id_9960,0.4558,False
id_9351,id_9351,0.6298,True
id_9351,id_1321,0.4472,False
id_9351,id_8469,0.4342,False
id_9351,id_9351,0.6047,True
id_9351,id_7300,0.4561,False
id_9351,id_9351,0.6802,True
id_9351,id_9351,0.6618,True
id_9351,id_2101,0.3975,False
id_9351,id_9351,0.4929,True
id_1627,id_6186,0.4135,False
id_1627,id_5202,0.4523,False
id_1627,id_1627,0.5218,True
id_1627,id_1627,0.4788,True
id_1627,id_1627,0.4438,True
id_1627,id_1627,0.4790,True
id_1627,id_1627,0.6280,True
id_1627,id_8818,0.3230,False
id_1627,id_4630,0.3841,False
id_5760,id_7123,0.4188,False
id_5760,id_5760,0.4558,True
id_5760,id_5760,0.5337,True
id_5760,id_5760,0.4903,True
id_5760,id_5760,0.4696,True
id_5760,id_5760,0.6153,True
id_5760,id_5760,0.6547,True
id_5760,id_5760,0.5168,True
id_5760,id_5760,0.4803,True
id_714,id_2104,0.3741,False
id_714,id_4459,0.4074,False
id_714,id_714,0.5309,True
id_714,id_5101,0.2568,False
id_714,id_714,0.5029,True
id_714,id_714,0.5453,True
id_714,id_7567,0.4007,False
id_714,id_3589,0.3675,False
id_714,id_4634,0.3341,False
id_714,id_1674,0.2979,False
id_714,id_714,0.6622,True
id_714,id_714,0.5296,True
id_714,id_714,0.4938,True
id_714,id_714,0.7259,True
id_714,id_714,0.6063,True
id_714,id_5895,0.5159,False
id_714,id_714,0.6126,True
id_714,id_714,0.5473,True
id_714,id_714,0.7338,True
id_714,id_5235,0.3105,False
id_714,id_5441,0.3354,False
id_714,id_714,0.4518,True
id_714,id_5896,0.4666,False
id_714,id_714,0.5750,True
id_714,id_714,0.5610,True
id_714,id_6407,0.3766,False
id_714,id_714,0.6576,True
id_714,id_714,0.5390,True
id_714,id_1904,0.2981,False
id_714,id_714,0.6785,True
id_714,id_714,0.6167,True
id_714,id_714,0.7097,True
id_8685,id_4956,0.3921,False
id_8685,id_25,0.4625,False
id_8685,id_5310,0.4654,False
id_8685,id_8685,0.5105,True
id_8685,id_8685,0.6374,True
id_8685,id_8685,0.4728,True
id_8685,id_8685,0.5145,True
id_8685,id_7712,0.3286,False
id_8685,id_7282,0.5445,False
id_8685,id_4358,0.4367,False
id_8685,id_1694,0.3749,False
id_8685,id_8685,0.6894,True
id_8685,id_7904,0.4354,False
id_8685,id_8685,0.6714,True
id_8685,id_5892,0.2963,False
id_8685,id_8685,0.5445,True
id_8685,id_8685,0.5180,True
id_8055,id_2751,0.3137,False
id_8055,id_7506,0.4213,False
id_8055,id_7620,0.3739,False
id_8055,id_2751,0.4579,False
id_8055,id_8055,0.5679,True
id_8055,id_6334,0.5090,False
id_8055,id_2410,0.3611,False
id_8055,id_8055,0.4999,True
id_8055,id_8055,0.5968,True
id_8055,id_5687,0.5698,False
id_8055,id_8055,0.6048,True
id_8055,id_5509,0.4132,False
id_8055,id_8301,0.5077,False
id_8055,id_6334,0.4176,False
id_8055,id_3660,0.4477,False
id_8055,id_8055,0.6305,True
id_8055,id_8055,0.6722,True
id_596,id_596,0.5464,True
id_596,id_722,0.4306,False
id_596,id_7363,0.4778,False
id_596,id_596,0.4223,True
id_596,id_10511,0.3868,False
id_596,id_596,0.7133,True
id_596,id_596,0.7150,True
id_596,id_4436,0.3471,False
id_596,id_596,0.5311,True
id_596,id_596,0.7533,True
id_596,id_5423,0.4254,False
id_596,id_596,0.4399,True
id_596,id_596,0.5687,True
id_596,id_5896,0.4565,False
id_596,id_596,0.7502,True
id_596,id_596,0.5264,True
id_596,id_596,0.7178,True
id_596,id_596,0.5951,True
id_596,id_596,0.7329,True
id_596,id_596,0.6755,True
id_596,id_3589,0.3912,False
id_596,id_596,0.5296,True
id_596,id_596,0.6120,True
id_596,id_596,0.6170,True
id_596,id_2947,0.3152,False
id_596,id_596,0.6743,True
id_596,id_3963,0.4217,False
id_596,id_596,0.7451,True
id_596,id_4749,0.4218,False
id_596,id_596,0.4170,True
id_596,id_4170,0.3427,False
id_596,id_5154,0.4782,False
id_596,id_5397,0.3533,False
id_596,id_596,0.4453,True
id_596,id_596,0.7909,True
id_596,id_596,0.6189,True
id_596,id_596,0.7536,True
id_596,id_596,0.7705,True
id_596,id_596,0.6568,True
id_596,id_596,0.6995,True
id_3970,id_6523,0.4231,False
id_3970,id_4169,0.3585,False
id_3970,id_3970,0.5545,True
id_3970,id_3970,0.6238,True
id_3970,id_9980,0.3346,False
id_3970,id_8959,0.4389,False
id_3970,id_7522,0.4061,False
id_3970,id_6523,0.4495,False
id_3970,id_3970,0.5934,True
id_3970,id_4855,0.3670,False
id_3970,id_3970,0.6025,True
id_3970,id_2701,0.3256,False
id_3970,id_10007,0.4112,False
id_3970,id_6159,0.3952,False
id_3970,id_7427,0.5084,False
id_3970,id_3970,0.6533,True
id_3970,id_3970,0.5131,True
id_3970,id_4517,0.4121,False
id_5583,id_3461,0.4852,False
id_5583,id_5583,0.6855,True
id_5583,id_5038,0.4016,False
id_5583,id_5583,0.5558,True
id_5583,id_5583,0.6255,True
id_5583,id_5583,0.5875,True
id_5583,id_5583,0.5223,True
id_5583,id_5583,0.4439,True
id_5583,id_5583,0.5745,True
id_5583,id_5583,0.4296,True
id_5583,id_9016,0.4543,False
id_5583,id_5583,0.6510,True
id_5583,id_3497,0.4043,False
id_5583,id_5583,0.5282,True
id_5583,id_9629,0.3234,False
id_5583,id_5583,0.5621,True
id_5583,id_5583,0.5681,True
id_5425,id_4567,0.3727,False
id_5425,id_5425,0.7360,True
id_5425,id_5425,0.6959,True
id_5425,id_3503,0.4714,False
id_5425,id_5425,0.6520,True
id_5425,id_8902,0.4184,False
id_5425,id_5425,0.6779,True
id_8417,id_8417,0.4798,True
id_8417,id_8417,0.6190,True
id_8417,id_8417,0.6331,True
id_8417,id_8818,0.3378,False
id_8417,id_8417,0.5566,True
id_8417,id_8417,0.5948,True
id_8417,id_9517,0.4588,False
id_8417,id_8417,0.6394,True
id_8417,id_8417,0.4737,True
id_8417,id_8072,0.3028,False
id_3251,id_7620,0.3439,False
id_3251,id_3792,0.3947,False
id_3251,id_3251,0.5173,True
id_3251,id_4855,0.3043,False
id_3251,id_3251,0.5965,True
id_3251,id_3251,0.5002,True
id_3251,id_5520,0.3285,False
id_3251,id_9016,0.4815,False
id_3251,id_1388,0.3208,False
id_3251,id_3251,0.4949,True
id_3251,id_3251,0.4756,True
id_3251,id_3251,0.4251,True
id_3251,id_4165,0.4126,False
id_3251,id_3251,0.6120,True
id_3257,id_3257,0.5045,True
id_3257,id_3257,0.5270,True
id_3257,id_1001,0.3131,False
id_3257,id_3257,0.4780,True
id_3257,id_1001,0.3675,False
id_3257,id_3257,0.4776,True
id_3257,id_3257,0.4523,True
id_3257,id_3257,0.5917,True
id_3257,id_4570,0.3791,False
id_3257,id_3257,0.7564,True
id_4998,id_4749,0.3906,False
id_4998,id_2287,0.3078,False
id_4998,id_1360,0.4747,False
id_4998,id_1286,0.3871,False
id_4998,id_1853,0.4028,False
id_4998,id_8423,0.3936,False
id_4998,id_2712,0.3411,False
id_1226,id_97,0.3399,False
id_1226,id_1226,0.5878,True
id_1226,id_2801,0.4215,False
id_1226,id_1226,0.3353,True
id_1226,id_1226,0.6586,True
id_1226,id_6623,0.2797,False
id_1226,id_4192,0.4643,False
id_1226,id_1226,0.5871,True
id_1226,id_1226,0.5461,True
id_1226,id_1226,0.5640,True
id_1226,id_1226,0.4688,True
id_1226,id_1226,0.6628,True
id_1226,id_1226,0.4166,True
id_1226,id_446,0.3737,False
id_1226,id_1226,0.5744,True
id_1226,id_1226,0.4177,True
id_1226,id_25,0.4893,False
id_1226,id_1226,0.4785,True
id_1226,id_1226,0.4133,True
id_1226,id_1226,0.3938,True
id_1226,id_4532,0.3812,False
id_1226,id_1226,0.5993,True
id_1226,id_1226,0.4706,True
id_1226,id_1226,0.7024,True
id_1226,id_1226,0.6199,True
id_1226,id_7270,0.4307,False
id_1226,id_1226,0.3910,True
id_1226,id_556,0.3860,False
id_1226,id_1226,0.6643,True
id_1226,id_1226,0.3796,True
id_1226,id_1226,0.5299,True
id_1226,id_4715,0.3053,False
id_1226,id_3571,0.3720,False
id_1226,id_1226,0.6183,True
id_1226,id_1226,0.6251,True
id_1226,id_1226,0.6139,True
id_1226,id_1226,0.4407,True
id_1226,id_1226,0.6264,True
id_1226,id_1226,0.6140,True
id_1226,id_8677,0.3932,False
id_1226,id_1226,0.6402,True
id_1226,id_2672,0.4779,False
id_1226,id_1226,0.6795,True
id_1226,id_1226,0.5250,True
id_1226,id_1226,0.4954,True
id_1226,id_8243,0.4318,False
id_1226,id_1226,0.6849,True
id_1226,id_1226,0.5818,True
id_1226,id_1226,0.7261,True
id_1226,id_6302,0.3272,False
id_1226,id_9881,0.2911,False
id_1226,id_1226,0.6150,True
id_1226,id_6566,0.3641,False
id_1226,id_5010,0.3848,False
id_1226,id_8055,0.5816,False
id_1226,id_1226,0.5508,True
id_1226,id_904,0.2942,False
id_1226,id_1226,0.6885,True
id_1226,id_8055,0.4460,False
id_1226,id_1226,0.5338,True
id_1226,id_1226,0.5356,True
id_1226,id_1226,0.5036,True
id_1226,id_1226,0.5538,True
id_1226,id_1542,0.4150,False
id_1226,id_1226,0.5764,True
id_1226,id_1096,0.4342,False
id_1226,id_69,0.4720,False
id_1226,id_1226,0.6712,True
id_1226,id_1226,0.6718,True
id_1226,id_9051,0.4786,False
id_1226,id_1226,0.5244,True
id_1226,id_1226,0.5830,True
id_1226,id_1226,0.5739,True
id_1226,id_3497,0.3662,False
id_1226,id_1226,0.4843,True
id_1226,id_1226,0.7173,True
id_1226,id_1226,0.6205,True
id_1226,id_1226,0.6252,True
id_1226,id_1226,0.6368,True
id_1226,id_5323,0.3476,False
id_1226,id_10482,0.3650,False
id_1226,id_1226,0.6005,True
id_1226,id_5058,0.5236,False
id_1226,id_1226,0.6798,True
id_1226,id_1226,0.3689,True
id_1226,id_2751,0.3958,False
id_1226,id_4956,0.4341,False
id_1226,id_3926,0.3417,False
id_1226,id_5309,0.5344,False
id_1226,id_1226,0.6628,True
id_1226,id_1226,0.5976,True
id_1226,id_1226,0.5540,True
id_1226,id_1226,0.7251,True
id_1226,id_1226,0.6272,True
id_1226,id_1226,0.5368,True
id_1226,id_1226,0.5168,True
id_1226,id_1226,0.5736,True
id_1226,id_2670,0.4461,False
id_1226,id_1226,0.6711,True
id_1226,id_1226,0.5220,True
id_1226,id_10483,0.3614,False
id_1226,id_4716,0.3633,False
id_1226,id_7575,0.3197,False
id_1226,id_1226,0.4885,True
id_1226,id_5273,0.4262,False
id_1226,id_1226,0.5749,True
id_1226,id_4710,0.3101,False
id_1226,id_1226,0.6191,True
id_1226,id_9271,0.4273,False
id_1226,id_1226,0.5463,True
id_1226,id_1226,0.5623,True
id_1226,id_1226,0.6598,True
id_1226,id_1226,0.6546,True
id_1226,id_5596,0.3764,False
id_1226,id_4751,0.5113,False
id_1226,id_834,0.3887,False
id_1226,id_1226,0.4809,True
id_1226,id_1226,0.6551,True
id_1226,id_9037,0.4951,False
id_1226,id_1226,0.6483,True
id_1226,id_1226,0.5553,True
id_1226,id_1226,0.5888,True
id_1226,id_1226,0.5903,True
id_1226,id_3140,0.4325,False
id_1226,id_1226,0.5867,True
id_1226,id_8977,0.3680,False
id_1226,id_6623,0.3142,False
id_1226,id_1226,0.6759,True
id_1226,id_1226,0.7040,True
id_1226,id_4801,0.4453,False
id_1226,id_1226,0.6359,True
id_1226,id_3095,0.3000,False
id_1226,id_1226,0.5537,True
id_1226,id_891,0.3031,False
id_1226,id_1226,0.6596,True
id_1226,id_1226,0.5036,True
id_1226,id_414,0.3756,False
id_1226,id_1226,0.6155,True
id_1226,id_1226,0.5901,True
id_1226,id_1226,0.5493,True
id_1226,id_1226,0.6562,True
id_1226,id_8677,0.4057,False
id_1226,id_652,0.3426,False
id_1226,id_1226,0.6272,True
id_1226,id_8531,0.3953,False
id_1226,id_1226,0.5414,True
id_1226,id_800,0.4147,False
id_1226,id_1226,0.6610,True
id_1226,id_1226,0.6295,True
id_1226,id_1226,0.5567,True
id_1226,id_9051,0.4498,False
id_1226,id_6302,0.3000,False
id_1226,id_8055,0.3640,False
id_1226,id_1226,0.6899,True
id_1226,id_1226,0.4552,True
id_1226,id_1226,0.7393,True
id_1226,id_1226,0.4771,True
id_1226,id_1226,0.6706,True
id_1226,id_1226,0.3988,True
id_1226,id_4511,0.4151,False
id_1226,id_10506,0.3880,False
id_1226,id_1226,0.6531,True
id_1226,id_7968,0.3221,False
id_1226,id_186,0.3598,False
id_1226,id_1226,0.4435,True
id_1226,id_1226,0.4910,True
id_1226,id_1226,0.4312,True
id_1226,id_1226,0.6903,True
id_1226,id_2101,0.2728,False
id_1226,id_1226,0.6222,True
id_1226,id_1226,0.5799,True
id_1226,id_5010,0.4837,False
id_1226,id_1226,0.5921,True
id_1226,id_1226,0.5441,True
id_1226,id_8472,0.3491,False
id_1226,id_4925,0.4431,False
id_1226,id_1226,0.5521,True
id_1226,id_1226,0.5814,True
id_1226,id_5173,0.2725,False
id_1226,id_1226,0.6018,True
id_1226,id_3911,0.4573,False
id_1226,id_1226,0.4596,True
id_1226,id_1226,0.5067,True
id_1226,id_1226,0.4669,True
id_1226,id_792,0.5828,False
id_1226,id_1226,0.5761,True
id_1226,id_1226,0.6307,True
id_1226,id_4125,0.4467,False
id_1226,id_1226,0.5904,True
id_1226,id_1226,0.6845,True
id_1226,id_2520,0.3865,False
id_1226,id_5323,0.3476,False
id_1226,id_1226,0.4902,True
id_1226,id_1226,0.6970,True
id_1226,id_1226,0.4545,True
id_1226,id_1226,0.5077,True
id_1226,id_1226,0.4215,True
id_1226,id_1226,0.6719,True
id_1226,id_1226,0.6788,True
id_1226,id_287,0.2693,False
id_1226,id_1226,0.6023,True
id_1226,id_1226,0.5250,True
id_1226,id_8055,0.4535,False
id_1226,id_1226,0.5133,True
id_1226,id_1226,0.3410,True
id_1226,id_1226,0.5057,True
id_1226,id_1226,0.6792,True
id_1226,id_1226,0.5084,True
id_1226,id_556,0.4161,False
id_1226,id_1226,0.5747,True
id_1226,id_1226,0.5119,True
id_1226,id_1226,0.7507,True
id_1226,id_1226,0.5057,True
id_1226,id_1226,0.5243,True
id_1226,id_1514,0.5265,False
id_1226,id_1226,0.4183,True
id_5323,id_5323,0.5118,True
id_5323,id_5323,0.5827,True
id_5323,id_5323,0.4110,True
id_5323,id_5323,0.4472,True
id_5323,id_9218,0.4004,False
id_5323,id_4542,0.4343,False
id_5323,id_8169,0.3975,False
id_5323,id_25,0.4115,False
id_5323,id_5323,0.3487,True
id_1402,id_713,0.4250,False
id_1402,id_1402,0.6416,True
id_1402,id_1402,0.4504,True
id_1402,id_1402,0.6499,True
id_1402,id_1402,0.4871,True
id_1402,id_1402,0.5103,True
id_1402,id_1402,0.4918,True
id_1402,id_1295,0.4480,False
id_1402,id_6611,0.4088,False
id_1402,id_5593,0.4494,False
id_1402,id_1113,0.3207,False
id_1402,id_1402,0.5848,True
id_1402,id_753,0.3656,False
id_3544,id_3544,0.4705,True
id_3544,id_953,0.4498,False
id_3544,id_3544,0.5982,True
id_3544,id_3544,0.7209,True
id_3544,id_3544,0.4610,True
id_3544,id_3544,0.5418,True
id_3544,id_3544,0.4887,True
id_3544,id_7554,0.3789,False
id_2500,id_2500,0.7144,True
id_2500,id_2500,0.5649,True
id_2500,id_2500,0.6224,True
id_2500,id_2500,0.7439,True
id_2500,id_2500,0.5739,True
id_2500,id_2500,0.6453,True
id_2500,id_2500,0.7191,True
id_2500,id_2500,0.6191,True
id_2500,id_2500,0.7106,True
id_2500,id_2500,0.6735,True
id_2500,id_2500,0.5519,True
id_2500,id_2500,0.6674,True
id_2500,id_2500,0.6380,True
id_2500,id_2500,0.6511,True
id_2500,id_2500,0.6445,True
id_2500,id_1020,0.5554,False
id_2500,id_2500,0.6150,True
id_2500,id_2500,0.7256,True
id_2500,id_2500,0.6792,True
id_2500,id_2500,0.6813,True
id_2500,id_2500,0.4711,True
id_2500,id_2500,0.5840,True
id_2500,id_2500,0.7712,True
id_2500,id_792,0.3221,False
id_2500,id_2500,0.6142,True
id_2500,id_2500,0.4287,True
id_5282,id_3911,0.3999,False
id_5282,id_5282,0.5369,True
id_5282,id_5282,0.4707,True
id_5282,id_5282,0.6490,True
id_5282,id_6642,0.3890,False
id_5282,id_5282,0.6839,True
id_5282,id_3397,0.4065,False
id_5282,id_5282,0.6624,True
id_5282,id_5282,0.4189,True
id_5282,id_5282,0.5401,True
id_5282,id_1843,0.4451,False
id_5282,id_365,0.4785,False
id_5282,id_5282,0.4718,True
id_5282,id_5282,0.6135,True
id_5282,id_5282,0.6119,True
id_5282,id_5282,0.6573,True
id_5282,id_10313,0.4717,False
id_1168,id_1168,0.5771,True
id_1168,id_1168,0.4764,True
id_1168,id_1168,0.5088,True
id_1168,id_1168,0.5691,True
id_1168,id_1168,0.6262,True
id_1168,id_1168,0.7134,True
id_1168,id_1154,0.4013,False
id_1168,id_1168,0.6242,True
id_1168,id_1168,0.6610,True
id_1168,id_4835,0.3412,False
id_1168,id_1168,0.7538,True
id_1168,id_9694,0.3430,False
id_1168,id_1168,0.4826,True
id_1168,id_8959,0.4758,False
id_1168,id_1168,0.6464,True
id_1168,id_1168,0.6849,True
id_1168,id_1168,0.5682,True
id_1168,id_1168,0.5669,True
id_1168,id_1168,0.5091,True
id_1168,id_1168,0.3585,True
id_1168,id_1168,0.7123,True
id_1168,id_1168,0.4874,True
id_1168,id_1168,0.4372,True
id_1168,id_1168,0.6687,True
id_1168,id_1168,0.4823,True
id_1168,id_1168,0.5011,True
id_1168,id_1168,0.7110,True
id_1168,id_1168,0.5915,True
id_1168,id_1168,0.4375,True
id_1168,id_1168,0.6797,True
id_1168,id_4819,0.2315,False
id_1168,id_1168,0.6920,True
id_1168,id_1168,0.7336,True
id_1168,id_1168,0.7031,True
id_1168,id_1168,0.4928,True
id_1168,id_1168,0.6114,True
id_1168,id_1168,0.6424,True
id_1168,id_1168,0.5916,True
id_1168,id_1168,0.6864,True
id_1168,id_1168,0.5463,True
id_1168,id_8870,0.3514,False
id_1168,id_1168,0.4365,True
id_1168,id_3963,0.4139,False
id_1168,id_6423,0.3487,False
id_1168,id_1168,0.6740,True
id_1168,id_1168,0.5831,True
id_1168,id_1168,0.6780,True
id_1168,id_1168,0.7270,True
id_1168,id_1168,0.6862,True
id_1168,id_1168,0.6253,True
id_1168,id_1360,0.3562,False
id_1168,id_1168,0.6221,True
id_1168,id_1168,0.4469,True
id_1168,id_2287,0.5064,False
id_1168,id_1400,0.4884,False
id_1168,id_9431,0.4569,False
id_1168,id_65,0.4910,False
id_1168,id_5714,0.4567,False
id_1168,id_1168,0.4125,True
id_1168,id_10570,0.3305,False
id_1168,id_1168,0.5620,True
id_1168,id_1168,0.7334,True
id_1168,id_1168,0.6337,True
id_1168,id_1168,0.4724,True
id_1168,id_1168,0.7614,True
id_1168,id_1168,0.6928,True
id_1168,id_1168,0.4390,True
id_1168,id_1168,0.5487,True
id_1168,id_1168,0.6046,True
id_1168,id_1168,0.6031,True
id_1168,id_1168,0.6462,True
id_1168,id_1168,0.6813,True
id_1168,id_1168,0.5262,True
id_1168,id_1168,0.7192,True
id_1168,id_1168,0.7453,True
id_1168,id_1690,0.4473,False
id_1168,id_1168,0.6572,True
id_1168,id_6821,0.4211,False
id_1168,id_5336,0.3800,False
id_1168,id_1388,0.3366,False
id_1168,id_1168,0.5380,True
id_1168,id_1168,0.5751,True
id_1168,id_9670,0.3564,False
id_1168,id_1168,0.5673,True
id_1168,id_2710,0.3191,False
id_1168,id_1168,0.4242,True
id_1168,id_6821,0.3943,False
id_1168,id_1168,0.6668,True
id_1168,id_1168,0.5335,True
id_1168,id_1168,0.5950,True
id_1168,id_1168,0.6867,True
id_1168,id_1168,0.5846,True
id_1168,id_10393,0.3511,False
id_1168,id_7446,0.4298,False
id_1168,id_1168,0.5092,True
id_1168,id_1168,0.5900,True
id_1168,id_834,0.4646,False
id_1168,id_1168,0.6761,True
id_1168,id_1168,0.5021,True
id_1168,id_1168,0.7879,True
id_1168,id_312,0.3592,False
id_1168,id_1168,0.6002,True
id_1168,id_1168,0.6651,True
id_1168,id_1168,0.3771,True
id_1168,id_4855,0.3280,False
id_1168,id_1168,0.6963,True
id_1168,id_1168,0.6511,True
id_1168,id_2646,0.3489,False
id_1168,id_9046,0.4684,False
id_1168,id_1168,0.5975,True
id_1168,id_1168,0.6733,True
id_1168,id_1168,0.7146,True
id_1168,id_1168,0.5364,True
id_1168,id_1168,0.3929,True
id_1168,id_9988,0.3059,False
id_1168,id_1168,0.7007,True
id_1168,id_8414,0.4026,False
id_1168,id_1168,0.5248,True
id_1168,id_1168,0.6063,True
id_1168,id_1168,0.5790,True
id_1168,id_1168,0.4108,True
id_1168,id_1168,0.4746,True
id_1168,id_1168,0.7265,True
id_1168,id_2646,0.4857,False
id_1168,id_1168,0.6619,True
id_1168,id_1168,0.5564,True
id_1168,id_1168,0.4914,True
id_1168,id_7089,0.3990,False
id_1168,id_1168,0.7831,True
id_1168,id_800,0.2743,False
id_1168,id_1168,0.6055,True
id_1168,id_1168,0.4546,True
id_1168,id_1168,0.6630,True
id_1168,id_1168,0.6227,True
id_1168,id_1168,0.3896,True
id_1168,id_1168,0.4412,True
id_1168,id_1168,0.6201,True
id_1168,id_8613,0.3302,False
id_1168,id_1168,0.5844,True
id_1168,id_3866,0.4368,False
id_10272,id_10272,0.5359,True
id_10272,id_10272,0.6736,True
id_10272,id_10272,0.5284,True
id_10272,id_10272,0.7422,True
id_10272,id_10272,0.5751,True
id_10272,id_9288,0.4093,False
id_10272,id_10272,0.5176,True
id_10272,id_10272,0.6305,True
id_10272,id_10272,0.6254,True
id_10272,id_10272,0.6749,True
id_10272,id_10272,0.6507,True
id_10272,id_10272,0.4255,True
id_10272,id_10272,0.6032,True
id_10272,id_10272,0.5803,True
id_10272,id_1694,0.3272,False
id_10272,id_10272,0.6333,True
id_10272,id_10272,0.4814,True
id_5827,id_5827,0.4263,True
id_5827,id_6878,0.4936,False
id_5827,id_3735,0.4228,False
id_5827,id_4956,0.3750,False
id_5827,id_5827,0.6203,True
id_5827,id_5827,0.4930,True
id_5827,id_5827,0.6135,True
id_5827,id_5827,0.3459,True
id_10483,id_10483,0.5092,True
id_10483,id_1597,0.3318,False
id_10483,id_4923,0.4141,False
id_10483,id_8912,0.3829,False
id_10483,id_10232,0.3580,False
id_10483,id_3722,0.3394,False
id_10483,id_7089,0.2852,False
id_10483,id_4825,0.4176,False
id_10483,id_3773,0.4012,False
id_10483,id_4166,0.4439,False
id_10483,id_2701,0.2639,False
id_10483,id_2712,0.4246,False
id_10483,id_10483,0.4163,True
id_10356,id_9046,0.4256,False
id_10356,id_8170,0.3948,False
id_10356,id_5278,0.4894,False
id_10356,id_4819,0.3606,False
id_10356,id_10483,0.3707,False
id_10356,id_10356,0.5933,True
id_10356,id_10356,0.5728,True
id_10356,id_10356,0.6807,True
id_10356,id_10356,0.6814,True
id_10356,id_10356,0.5176,True
id_10356,id_10356,0.5417,True
id_10356,id_10356,0.6218,True
id_10356,id_10356,0.5887,True
id_1612,id_10515,0.3027,False
id_1612,id_1612,0.4712,True
id_1612,id_3461,0.3418,False
id_1612,id_2802,0.3752,False
id_1612,id_3537,0.3589,False
id_1612,id_2185,0.4230,False
id_1612,id_1465,0.4798,False
id_1612,id_5892,0.5067,False
id_1612,id_162,0.4170,False
id_1612,id_1612,0.4567,True
id_1612,id_1612,0.5342,True
id_1612,id_2287,0.4972,False
id_1612,id_1612,0.4801,True
id_1612,id_1168,0.4215,False
id_6891,id_6891,0.7387,True
id_6891,id_6891,0.6592,True
id_6891,id_6891,0.6006,True
id_6891,id_6891,0.5748,True
id_6891,id_6891,0.4604,True
id_6891,id_8622,0.3659,False
id_6891,id_6891,0.6232,True
id_6891,id_6891,0.5011,True
id_6891,id_6891,0.6640,True
id_6891,id_6891,0.5908,True
id_6891,id_6891,0.6108,True
id_6891,id_6891,0.5251,True
id_6891,id_6891,0.4598,True
id_6891,id_6891,0.5916,True
id_6891,id_6891,0.5258,True
id_6891,id_6891,0.6546,True
id_6891,id_6891,0.7158,True
id_6891,id_6891,0.6873,True
id_6891,id_7022,0.3671,False
id_6891,id_8781,0.3461,False
id_6891,id_6891,0.6026,True
id_6891,id_3877,0.3900,False
id_6891,id_10345,0.4183,False
id_6891,id_6891,0.5853,True
id_6891,id_6891,0.7553,True
id_6891,id_5058,0.4356,False
id_6891,id_6891,0.4992,True
id_6891,id_6891,0.4708,True
id_6891,id_7991,0.3489,False
id_6891,id_6891,0.6195,True
id_6891,id_6891,0.7045,True
id_6891,id_6891,0.6630,True
id_6891,id_6891,0.5028,True
id_6891,id_555,0.5595,False
id_6891,id_6891,0.5258,True
id_6891,id_6894,0.2969,False
id_6891,id_6891,0.5613,True
id_6891,id_1542,0.3806,False
id_6891,id_6891,0.4308,True
id_6891,id_6891,0.5882,True
id_6891,id_3692,0.4592,False
id_6891,id_6891,0.5636,True
id_6891,id_6891,0.6335,True
id_6891,id_6891,0.5989,True
id_6891,id_2751,0.4736,False
id_6891,id_6891,0.7251,True
id_6891,id_6891,0.6148,True
id_6891,id_6891,0.6669,True
id_6891,id_2410,0.3796,False
id_6891,id_6891,0.5869,True
id_6891,id_6891,0.6365,True
id_6891,id_6891,0.6622,True
id_6891,id_6891,0.4633,True
id_6891,id_6891,0.5841,True
id_6891,id_6891,0.7746,True
id_6891,id_6891,0.5992,True
id_6891,id_6891,0.7045,True
id_6891,id_2990,0.4063,False
id_6891,id_6833,0.3499,False
id_6891,id_5310,0.3895,False
id_6891,id_3926,0.4518,False
id_6891,id_6891,0.6451,True
id_6891,id_5323,0.4342,False
id_6891,id_6891,0.6120,True
id_6891,id_10434,0.3232,False
id_6891,id_6891,0.4281,True
id_6891,id_7645,0.5112,False
id_6891,id_6891,0.6324,True
id_6891,id_6891,0.4550,True
id_6891,id_6891,0.5295,True
id_6891,id_6891,0.4840,True
id_6891,id_414,0.3959,False
id_6891,id_3926,0.3584,False
id_6891,id_6891,0.6066,True
id_6891,id_6891,0.6369,True
id_6891,id_3622,0.4395,False
id_6891,id_6891,0.5385,True
id_6891,id_6891,0.7371,True
id_6891,id_6891,0.6721,True
id_6891,id_9530,0.2636,False
id_6891,id_6891,0.5592,True
id_6891,id_6891,0.6543,True
id_6891,id_6891,0.5631,True
id_6891,id_6891,0.5621,True
id_6891,id_6568,0.4288,False
id_6891,id_6891,0.6467,True
id_6891,id_2101,0.3396,False
id_6891,id_6891,0.4492,True
id_6891,id_6891,0.5614,True
id_6891,id_6891,0.5387,True
id_6891,id_6891,0.5892,True
id_6891,id_2154,0.4102,False
id_6891,id_6891,0.4669,True
id_6891,id_6891,0.3596,True
id_6891,id_6891,0.6709,True
id_6891,id_6891,0.5600,True
id_6891,id_7484,0.4296,False
id_6891,id_6891,0.6036,True
id_6891,id_6891,0.4681,True
id_6891,id_6891,0.5181,True
id_6891,id_6891,0.5913,True
id_6891,id_9530,0.3791,False
id_6891,id_6891,0.7423,True
id_6891,id_6891,0.6738,True
id_6891,id_496,0.5186,False
id_6891,id_1540,0.4330,False
id_6891,id_6891,0.5159,True
id_6891,id_6891,0.5304,True
id_6891,id_7478,0.4986,False
id_6891,id_6891,0.6262,True
id_6891,id_4075,0.4251,False
id_6891,id_8622,0.5179,False
id_6891,id_6891,0.6585,True
id_6891,id_9139,0.4350,False
id_6891,id_6891,0.6935,True
id_6891,id_6891,0.6248,True
id_6891,id_6891,0.7032,True
id_6891,id_8428,0.4380,False
id_6891,id_6891,0.6540,True
id_6891,id_6891,0.6741,True
id_6891,id_6891,0.5673,True
id_6891,id_6891,0.5463,True
id_6891,id_6891,0.5857,True
id_6891,id_6891,0.5653,True
id_6891,id_6891,0.5634,True
id_6891,id_6891,0.4639,True
id_6891,id_6891,0.4948,True
id_6891,id_6891,0.6344,True
id_6891,id_6891,0.5482,True
id_6891,id_6891,0.5535,True
id_6891,id_6891,0.5967,True
id_5013,id_5013,0.7749,True
id_5013,id_5013,0.4870,True
id_5013,id_5013,0.6798,True
id_5013,id_5013,0.5572,True
id_5013,id_5013,0.4238,True
id_5013,id_5013,0.7611,True
id_5013,id_5013,0.6213,True
id_5013,id_5013,0.7461,True
id_5013,id_5013,0.7626,True
id_5013,id_5013,0.7581,True
id_5013,id_5013,0.5932,True
id_5013,id_5013,0.5877,True
id_5013,id_3461,0.3862,False
id_5013,id_5013,0.6517,True
id_5013,id_5013,0.5774,True
id_5013,id_5013,0.8269,True
id_5013,id_5013,0.7032,True
id_5013,id_5013,0.5405,True
id_5013,id_2842,0.5691,False
id_5013,id_5013,0.5485,True
id_5013,id_5472,0.4586,False
id_5013,id_5013,0.8138,True
id_5013,id_5013,0.4981,True
id_5419,id_5419,0.4411,True
id_5419,id_5419,0.7220,True
id_5419,id_5419,0.7266,True
id_5419,id_5419,0.6861,True
id_5419,id_5419,0.6993,True
id_5419,id_5419,0.7131,True
id_5419,id_5419,0.3570,True
id_5419,id_5419,0.7029,True
id_5419,id_5419,0.7229,True
id_5419,id_5419,0.7702,True
id_5419,id_5419,0.7254,True
id_5419,id_6321,0.4559,False
id_5419,id_5419,0.5505,True
id_5419,id_5419,0.3914,True
id_5419,id_5419,0.6446,True
id_5419,id_5419,0.6677,True
id_5419,id_5419,0.6410,True
id_5419,id_5419,0.6564,True
id_5419,id_5419,0.4947,True
id_5419,id_5419,0.7297,True
id_5419,id_5419,0.5274,True
id_5419,id_5419,0.7891,True
id_5419,id_5419,0.7061,True
id_5419,id_5419,0.6976,True
id_5419,id_5419,0.5647,True
id_5419,id_5419,0.6914,True
id_5419,id_5419,0.6516,True
id_5419,id_5419,0.7242,True
id_5419,id_5419,0.7345,True
id_5419,id_5419,0.5874,True
id_5419,id_9950,0.3972,False
id_5419,id_5419,0.6129,True
id_5419,id_5419,0.7104,True
id_5419,id_5419,0.4642,True
id_5419,id_5419,0.6012,True
id_5419,id_6667,0.4304,False
id_5419,id_5419,0.6732,True
id_5419,id_5419,0.7083,True
id_5419,id_5419,0.5716,True
id_5419,id_5419,0.5766,True
id_5419,id_3911,0.3735,False
id_9016,id_9016,0.4799,True
id_9016,id_5472,0.3960,False
id_9016,id_9016,0.5553,True
id_9016,id_7166,0.4155,False
id_9016,id_9016,0.6206,True
id_9016,id_9016,0.4916,True
id_9016,id_9016,0.3858,True
id_9016,id_9016,0.6136,True
id_9016,id_2670,0.3450,False
id_9016,id_8627,0.5401,False
id_9016,id_5101,0.4865,False
id_9016,id_9016,0.6156,True
id_1755,id_1755,0.7167,True
id_1755,id_1755,0.5487,True
id_1755,id_1755,0.7212,True
id_1755,id_1755,0.6520,True
id_1755,id_1755,0.7614,True
id_1755,id_1755,0.6953,True
id_1755,id_165,0.3925,False
id_1755,id_1755,0.6833,True
id_1755,id_1755,0.7855,True
id_1755,id_1755,0.6914,True
id_1755,id_1755,0.8083,True
id_1755,id_1755,0.6090,True
id_1755,id_1755,0.6955,True
id_1755,id_1755,0.7871,True
id_1755,id_1755,0.5171,True
id_1755,id_7451,0.4712,False
id_1755,id_1755,0.7833,True
id_1755,id_1755,0.8103,True
id_1755,id_1755,0.7378,True
id_1755,id_1755,0.5095,True
id_1755,id_1755,0.7397,True
id_1755,id_1755,0.6948,True
id_1755,id_1755,0.7238,True
id_1755,id_1755,0.7741,True
id_1755,id_1755,0.6947,True
id_1755,id_652,0.5298,False
id_1755,id_1755,0.7790,True
id_1755,id_1755,0.7705,True
id_1755,id_1755,0.7941,True
id_1755,id_1755,0.6226,True
id_1755,id_1755,0.7086,True
id_1755,id_1755,0.4970,True
id_1755,id_1755,0.6802,True
id_1755,id_1755,0.7647,True
id_1755,id_1755,0.4681,True
id_1755,id_1755,0.7446,True
id_1755,id_1755,0.7223,True
id_1755,id_1755,0.7864,True
id_1755,id_1755,0.6259,True
id_1755,id_1755,0.7652,True
id_1755,id_1755,0.6773,True
id_7273,id_5202,0.3740,False
id_7273,id_4819,0.4160,False
id_7273,id_7273,0.5586,True
id_7273,id_2881,0.4697,False
id_7273,id_10135,0.4607,False
id_7273,id_7273,0.6425,True
id_3819,id_3819,0.6866,True
id_3819,id_9286,0.3964,False
id_3819,id_3819,0.5402,True
id_3819,id_3819,0.6742,True
id_3819,id_9288,0.3542,False
id_3819,id_3819,0.6276,True
id_3819,id_3819,0.6025,True
id_3819,id_3819,0.5417,True
id_3819,id_3819,0.5490,True
id_3819,id_5794,0.4862,False
id_6407,id_6407,0.5314,True
id_6407,id_6407,0.6707,True
id_6407,id_5765,0.3289,False
id_6407,id_6407,0.4847,True
id_6407,id_6407,0.4954,True
id_6407,id_6407,0.4556,True
id_6407,id_6407,0.6845,True
id_6407,id_6407,0.4755,True
id_6407,id_6407,0.5642,True
id_6407,id_6407,0.5691,True
id_6407,id_6407,0.5960,True
id_6407,id_6407,0.3727,True
id_6407,id_6407,0.6940,True
id_6407,id_6407,0.5805,True
id_6407,id_6407,0.6609,True
id_6407,id_5064,0.4670,False
id_6407,id_6407,0.6636,True
id_6407,id_6407,0.6144,True
id_6407,id_7567,0.3439,False
id_6407,id_6407,0.7199,True
id_6407,id_4541,0.3276,False
id_6407,id_6407,0.5948,True
id_6407,id_6407,0.5111,True
id_6407,id_6407,0.6724,True
id_6407,id_6407,0.5742,True
id_6407,id_6407,0.7318,True
id_6407,id_6407,0.4846,True
id_6407,id_6407,0.7624,True
id_6407,id_6407,0.5657,True
id_6407,id_6407,0.6146,True
id_6407,id_6407,0.6537,True
id_6407,id_6407,0.6365,True
id_6407,id_6407,0.4701,True
id_6407,id_6407,0.7009,True
id_6407,id_6407,0.5040,True
id_6407,id_6407,0.5875,True
id_6407,id_6407,0.7209,True
id_6407,id_6407,0.4932,True
id_6407,id_6407,0.7160,True
id_6407,id_6407,0.3807,True
id_6407,id_6407,0.6740,True
id_6407,id_6407,0.4828,True
id_5064,id_5064,0.6511,True
id_5064,id_5064,0.5245,True
id_5064,id_5064,0.5975,True
id_5064,id_5064,0.5509,True
id_5064,id_5064,0.5318,True
id_5064,id_6241,0.4079,False
id_5064,id_5064,0.6365,True
id_5064,id_5064,0.3731,True
id_5064,id_5064,0.6516,True
id_5064,id_4634,0.4012,False
id_5064,id_5064,0.7359,True
id_5064,id_5064,0.6125,True
id_5064,id_5064,0.4919,True
id_5064,id_4317,0.4403,False
id_5064,id_5064,0.6184,True
id_5064,id_5064,0.6427,True
id_5064,id_5064,0.6566,True
id_5064,id_6466,0.3636,False
id_5064,id_5064,0.6499,True
id_9356,id_9356,0.7157,True
id_9356,id_9356,0.6276,True
id_9356,id_1542,0.4481,False
id_9356,id_9356,0.6814,True
id_9356,id_9356,0.5802,True
id_9356,id_3926,0.3646,False
id_9356,id_3926,0.4502,False
id_9356,id_1542,0.4855,False
id_9356,id_9356,0.6325,True
id_9356,id_9356,0.6884,True
id_9356,id_952,0.5107,False
id_9356,id_4751,0.3822,False
id_9356,id_9356,0.3780,True
id_9356,id_1271,0.2533,False
id_9356,id_3520,0.6088,False
id_9356,id_4922,0.5681,False
id_4368,id_4368,0.7554,True
id_4368,id_4368,0.5378,True
id_4368,id_4368,0.6392,True
id_4368,id_4368,0.5286,True
id_4368,id_4368,0.6098,True
id_4368,id_4368,0.5538,True
id_4368,id_9099,0.3806,False
id_1762,id_1762,0.4771,True
id_1762,id_1762,0.5361,True
id_1762,id_2878,0.3758,False
id_1762,id_1762,0.6314,True
id_1762,id_1762,0.3631,True
id_1762,id_1465,0.3815,False
id_1762,id_1762,0.6723,True
id_1762,id_4170,0.3847,False
id_1762,id_1762,0.5798,True
id_1762,id_65,0.3676,False
id_1762,id_3866,0.3402,False
id_1762,id_1762,0.6810,True
id_1762,id_1762,0.6245,True
id_1762,id_10048,0.4108,False
id_1762,id_1762,0.6757,True
id_10116,id_8604,0.4805,False
id_10116,id_1542,0.3868,False
id_10116,id_10181,0.3453,False
id_10116,id_10116,0.3932,True
id_10116,id_10116,0.5465,True
id_10116,id_3257,0.3804,False
id_10116,id_10116,0.6232,True
id_10116,id_9181,0.5064,False
id_10116,id_6376,0.5332,False
id_10116,id_6363,0.3459,False
id_4532,id_9496,0.3819,False
id_4532,id_4532,0.4704,True
id_4532,id_4532,0.5677,True
id_4532,id_4532,0.4558,True
id_4532,id_4532,0.5293,True
id_4532,id_4532,0.6242,True
id_4532,id_4532,0.4131,True
id_99,id_99,0.5154,True
id_99,id_99,0.5403,True
id_99,id_1514,0.4685,False
id_99,id_99,0.4740,True
id_99,id_99,0.5312,True
id_99,id_99,0.7050,True
id_99,id_7397,0.4485,False
id_99,id_99,0.6659,True
id_99,id_99,0.4658,True
id_99,id_99,0.6356,True
id_99,id_738,0.4963,False
id_99,id_99,0.6638,True
id_99,id_99,0.6191,True
id_99,id_99,0.6128,True
id_99,id_248,0.4188,False
id_99,id_99,0.5424,True
id_2645,id_6453,0.3484,False
id_2645,id_2645,0.3011,True
id_2645,id_2645,0.3791,True
id_2645,id_10178,0.3285,False
id_2645,id_2645,0.4940,True
id_2645,id_8206,0.4507,False
id_2645,id_753,0.2932,False
id_2645,id_2645,0.3577,True
id_2645,id_6821,0.4540,False
id_2645,id_2645,0.5017,True
id_2645,id_2645,0.4263,True
id_2645,id_2645,0.3344,True
id_2645,id_2645,0.4623,True
id_2645,id_2645,0.4071,True
id_2645,id_2645,0.5399,True
id_2645,id_5793,0.3560,False
id_2645,id_2645,0.5615,True
id_2645,id_2645,0.3949,True
id_2645,id_2645,0.5401,True
id_2645,id_8206,0.4065,False
id_2645,id_2645,0.5526,True
id_2645,id_2645,0.4560,True
id_2645,id_8959,0.3075,False
id_2645,id_7363,0.3405,False
id_2645,id_7114,0.3247,False
id_2645,id_2645,0.4484,True
id_2645,id_10251,0.3329,False
id_2645,id_2645,0.5223,True
id_2645,id_2645,0.5383,True
id_2645,id_2645,0.5840,True
id_2645,id_2645,0.6268,True
id_2645,id_953,0.3947,False
id_2645,id_6753,0.3899,False
id_2645,id_5419,0.3312,False
id_2645,id_2645,0.4491,True
id_2645,id_2645,0.4967,True
id_2645,id_6934,0.3331,False
id_2645,id_3251,0.4323,False
id_2645,id_1388,0.4089,False
id_2645,id_10152,0.3775,False
id_2645,id_6934,0.4625,False
id_2645,id_2645,0.4813,True
id_2645,id_2645,0.4024,True
id_2645,id_2645,0.6141,True
id_2645,id_2645,0.5254,True
id_2645,id_786,0.2982,False
id_2645,id_2645,0.4706,True
id_2645,id_2645,0.5163,True
id_2645,id_2645,0.5938,True
id_2645,id_6368,0.4565,False
id_2645,id_2645,0.4930,True
id_2645,id_3589,0.3512,False
id_2645,id_9044,0.3729,False
id_2645,id_2645,0.5056,True
id_2645,id_2645,0.3880,True
id_2645,id_2645,0.5856,True
id_2645,id_2645,0.4440,True
id_2645,id_6703,0.4255,False
id_2645,id_2645,0.4952,True
id_2645,id_2645,0.5390,True
id_7763,id_7763,0.4680,True
id_7763,id_7763,0.7508,True
id_7763,id_7763,0.5465,True
id_7763,id_7763,0.6713,True
id_7763,id_5906,0.3301,False
id_7763,id_7763,0.6550,True
id_7763,id_7763,0.7333,True
id_7763,id_7763,0.7074,True
id_7763,id_7763,0.5130,True
id_7763,id_7763,0.6482,True
id_4125,id_4125,0.5964,True
id_4125,id_4125,0.4991,True
id_4125,id_4670,0.4357,False
id_4125,id_4125,0.4303,True
id_4125,id_3520,0.3908,False
id_4125,id_4125,0.4910,True
id_4125,id_4125,0.6590,True
id_4125,id_4956,0.5269,False
id_4125,id_4125,0.6477,True
id_4125,id_9530,0.3827,False
id_4125,id_10079,0.3754,False
id_4125,id_4125,0.5037,True
id_4125,id_4125,0.5090,True
id_2415,id_4459,0.3551,False
id_2415,id_252,0.4305,False
id_2415,id_4922,0.3957,False
id_2415,id_2415,0.5560,True
id_2415,id_6523,0.4565,False
id_2415,id_2838,0.4428,False
id_2415,id_6560,0.3473,False
id_2415,id_9032,0.4467,False
id_2415,id_4923,0.3875,False
id_2415,id_2415,0.4693,True
id_2415,id_1227,0.3674,False
id_2415,id_7089,0.4115,False
id_2415,id_2415,0.4927,True
id_2415,id_2415,0.4695,True
id_1761,id_1761,0.6011,True
id_1761,id_5714,0.2160,False
id_1761,id_1761,0.6927,True
id_1761,id_1761,0.4922,True
id_1761,id_1761,0.7849,True
id_1761,id_2833,0.3796,False
id_1761,id_1761,0.5335,True
id_1761,id_1761,0.7182,True
id_1761,id_1761,0.7015,True
id_1761,id_1761,0.5786,True
id_1761,id_1761,0.6335,True
id_1761,id_1761,0.7685,True
id_1761,id_9272,0.3119,False
id_1761,id_1761,0.4071,True
id_1761,id_1761,0.7287,True
id_1761,id_1761,0.6690,True
id_4968,id_4968,0.6049,True
id_4968,id_7149,0.3593,False
id_4968,id_4968,0.6888,True
id_4968,id_4409,0.3941,False
id_4968,id_4968,0.6326,True
id_4968,id_4968,0.5595,True
id_4968,id_4968,0.6389,True
id_4968,id_4968,0.7146,True
id_4968,id_4968,0.4681,True
id_4968,id_4968,0.7868,True
id_4968,id_4968,0.7412,True
id_4968,id_4968,0.4356,True
id_4968,id_4968,0.7214,True
id_4968,id_5235,0.4021,False
id_4968,id_4968,0.4268,True
id_4968,id_4968,0.7059,True
id_4968,id_4968,0.6717,True
id_4968,id_4968,0.7300,True
id_4968,id_4968,0.6726,True
id_4968,id_4968,0.7008,True
id_4968,id_4968,0.6388,True
id_4968,id_8977,0.3845,False
id_4968,id_4968,0.6784,True
id_4968,id_4968,0.6715,True
id_4968,id_4968,0.3880,True
id_4968,id_4968,0.7662,True
id_4968,id_4968,0.4491,True
id_4968,id_4968,0.4949,True
id_4968,id_4968,0.4324,True
id_4968,id_4968,0.5491,True
id_4968,id_6380,0.3591,False
id_4968,id_4968,0.5071,True
id_4968,id_4968,0.6264,True
id_4968,id_4968,0.5336,True
id_4968,id_4968,0.7285,True
id_4968,id_4968,0.6862,True
id_4968,id_9496,0.3214,False
id_4968,id_3571,0.4716,False
id_4968,id_4968,0.7748,True
id_4968,id_4968,0.7505,True
id_4968,id_4968,0.6108,True
id_4968,id_4968,0.6764,True
id_4968,id_4968,0.7525,True
id_4968,id_4968,0.7316,True
id_4968,id_4968,0.7008,True
id_4968,id_4968,0.6927,True
id_4968,id_4968,0.7263,True
id_4968,id_10571,0.4400,False
id_4968,id_4968,0.6533,True
id_4968,id_4968,0.5686,True
id_4968,id_4968,0.7167,True
id_4968,id_4968,0.6481,True
id_4968,id_4968,0.5017,True
id_4968,id_4968,0.6687,True
id_4968,id_4968,0.7012,True
id_4968,id_4968,0.6644,True
id_4968,id_4968,0.6932,True
id_4968,id_5066,0.3712,False
id_4968,id_3320,0.4761,False
id_4968,id_4968,0.5969,True
id_4968,id_4968,0.3651,True
id_4968,id_4968,0.7221,True
id_4968,id_4968,0.4896,True
id_4968,id_4968,0.4929,True
id_4968,id_9960,0.3817,False
id_4968,id_4968,0.6496,True
id_4968,id_4968,0.5931,True
id_4968,id_4968,0.6141,True
id_4968,id_4968,0.7364,True
id_4968,id_4968,0.7368,True
id_4968,id_2141,0.3485,False
id_4968,id_4968,0.6526,True
id_4968,id_5066,0.4218,False
id_4968,id_4968,0.6809,True
id_4968,id_4968,0.5918,True
id_4968,id_4968,0.5668,True
id_4968,id_4968,0.7091,True
id_4968,id_4968,0.7151,True
id_4968,id_4968,0.7368,True
id_4968,id_4968,0.5762,True
id_4968,id_5202,0.4415,False
id_4968,id_4968,0.5855,True
id_4968,id_4968,0.5471,True
id_4968,id_1255,0.3955,False
id_4968,id_4968,0.5403,True
id_4968,id_4968,0.4240,True
id_4968,id_7019,0.3599,False
id_4968,id_2361,0.3490,False
id_4968,id_873,0.3306,False
id_4968,id_4968,0.5745,True
id_4968,id_4968,0.7098,True
id_4968,id_4968,0.5332,True
id_4968,id_4968,0.7590,True
id_4968,id_4968,0.4813,True
id_4968,id_4968,0.6633,True
id_4968,id_2257,0.4465,False
id_4968,id_4968,0.4396,True
id_4968,id_4968,0.6997,True
id_4968,id_4968,0.5464,True
id_4968,id_4373,0.4059,False
id_4968,id_4968,0.5646,True
id_4968,id_4373,0.3391,False
id_4968,id_4968,0.6554,True
id_4968,id_4968,0.6042,True
id_4968,id_4968,0.7519,True
id_4968,id_4968,0.6644,True
id_4968,id_4968,0.6036,True
id_4968,id_4968,0.5847,True
id_4968,id_4968,0.7275,True
id_4968,id_4968,0.5281,True
id_4968,id_4968,0.5569,True
id_4968,id_4968,0.7035,True
id_4968,id_4968,0.6050,True
id_4968,id_4968,0.7569,True
id_4968,id_4968,0.6185,True
id_4968,id_4968,0.6640,True
id_4968,id_4968,0.7369,True
id_4968,id_4968,0.7191,True
id_4968,id_4968,0.5736,True
id_4968,id_4968,0.7232,True
id_4968,id_4968,0.6446,True
id_4968,id_4968,0.5202,True
id_4968,id_5080,0.3849,False
id_4968,id_2842,0.4694,False
id_4968,id_4317,0.4704,False
id_4968,id_4968,0.4967,True
id_4968,id_4317,0.4689,False
id_4968,id_1888,0.3851,False
id_4968,id_4968,0.4414,True
id_4968,id_4968,0.6150,True
id_4968,id_4968,0.7225,True
id_4968,id_5058,0.3605,False
id_4968,id_4968,0.5144,True
id_4968,id_4968,0.6468,True
id_4968,id_4204,0.4693,False
id_4968,id_4968,0.6298,True
id_4968,id_4968,0.7041,True
id_4968,id_4968,0.7249,True
id_4968,id_4968,0.6965,True
id_4968,id_4968,0.6690,True
id_4968,id_4968,0.6164,True
id_4968,id_4968,0.7348,True
id_4968,id_4968,0.4775,True
id_4968,id_4968,0.5431,True
id_4968,id_4968,0.6822,True
id_4968,id_4968,0.8136,True
id_4968,id_4968,0.7340,True
id_4968,id_4968,0.7542,True
id_4968,id_4968,0.7408,True
id_4968,id_4968,0.5175,True
id_4968,id_3397,0.4179,False
id_4968,id_4968,0.6312,True
id_4968,id_4968,0.7267,True
id_4968,id_4968,0.7173,True
id_4968,id_4968,0.5941,True
id_4968,id_4968,0.6547,True
id_4968,id_4968,0.7307,True
id_4968,id_4968,0.7666,True
id_4968,id_4968,0.6989,True
id_4968,id_2257,0.3607,False
id_4968,id_4968,0.7207,True
id_4968,id_4968,0.6787,True
id_4968,id_4968,0.5902,True
id_4968,id_4968,0.7589,True
id_4968,id_9821,0.3015,False
id_4968,id_4968,0.7050,True
id_4968,id_7925,0.4428,False
id_4968,id_4968,0.5751,True
id_4968,id_4968,0.6211,True
id_4968,id_4968,0.5530,True
id_4968,id_3855,0.3520,False
id_4968,id_4874,0.4423,False
id_4968,id_4968,0.5777,True
id_4968,id_4968,0.7069,True
id_4968,id_7389,0.3675,False
id_4968,id_9044,0.3704,False
id_4968,id_4968,0.6855,True
id_4968,id_4968,0.5892,True
id_4968,id_4968,0.6923,True
id_4968,id_4968,0.5348,True
id_4968,id_4968,0.8199,True
id_4968,id_4968,0.4930,True
id_4968,id_4968,0.6403,True
id_4968,id_4968,0.6804,True
id_4968,id_8469,0.4317,False
id_4968,id_4968,0.4805,True
id_4968,id_3153,0.3592,False
id_4968,id_4968,0.7425,True
id_4968,id_4968,0.7616,True
id_4968,id_4968,0.5787,True
id_4968,id_4968,0.6927,True
id_4968,id_4968,0.7026,True
id_4968,id_4968,0.6828,True
id_4968,id_4968,0.7874,True
id_4968,id_4956,0.4173,False
id_4968,id_4968,0.7407,True
id_4968,id_4968,0.5841,True
id_4968,id_6568,0.3822,False
id_4968,id_4968,0.7106,True
id_4968,id_4968,0.6360,True
id_4968,id_4968,0.6020,True
id_4968,id_4968,0.5319,True
id_4968,id_4968,0.5369,True
id_4968,id_4968,0.5602,True
id_4968,id_4968,0.5710,True
id_4968,id_4968,0.7325,True
id_4968,id_4968,0.7524,True
id_4968,id_4968,0.6144,True
id_4968,id_4968,0.6428,True
id_4968,id_4968,0.6710,True
id_4968,id_4968,0.4614,True
id_4968,id_4968,0.6099,True
id_4968,id_4968,0.5291,True
id_4968,id_3787,0.4753,False
id_4968,id_4968,0.5963,True
id_4968,id_4968,0.4943,True
id_4968,id_4968,0.5862,True
id_4968,id_4968,0.7070,True
id_4968,id_4968,0.4722,True
id_4968,id_4192,0.3621,False
id_4968,id_4968,0.4471,True
id_4968,id_4968,0.7171,True
id_4968,id_4968,0.5430,True
id_4968,id_4968,0.4975,True
id_4968,id_4968,0.5318,True
id_4968,id_4968,0.7068,True
id_4968,id_4968,0.7460,True
id_4968,id_4968,0.6450,True
id_4968,id_4968,0.5155,True
id_4968,id_4968,0.6966,True
id_4968,id_4968,0.4761,True
id_4968,id_4968,0.6762,True
id_4968,id_4968,0.5439,True
id_4968,id_4968,0.6025,True
id_4968,id_4968,0.7754,True
id_4968,id_4968,0.4961,True
id_4968,id_4968,0.6809,True
id_4968,id_4968,0.5490,True
id_4968,id_4968,0.7406,True
id_4968,id_4968,0.7309,True
id_4968,id_4968,0.7034,True
id_4968,id_4968,0.6028,True
id_4968,id_4968,0.7800,True
id_4968,id_4968,0.7375,True
id_4968,id_4968,0.6161,True
id_4968,id_4968,0.6803,True
id_4968,id_4968,0.7132,True
id_4968,id_4968,0.5693,True
id_4968,id_4968,0.5698,True
id_4968,id_4968,0.6222,True
id_4968,id_601,0.4125,False
id_4968,id_4968,0.6194,True
id_4968,id_4968,0.6592,True
id_4968,id_4968,0.7330,True
id_4968,id_4968,0.6412,True
id_4968,id_4968,0.6454,True
id_4968,id_4968,0.6344,True
id_4968,id_4968,0.6006,True
id_4968,id_5956,0.3250,False
id_3058,id_3058,0.5466,True
id_3058,id_10468,0.4878,False
id_3058,id_9881,0.4451,False
id_3058,id_3058,0.5836,True
id_3058,id_1612,0.3659,False
id_3058,id_3058,0.7807,True
id_3058,id_3058,0.6169,True
id_8986,id_8986,0.5973,True
id_8986,id_7658,0.4309,False
id_8986,id_8764,0.4936,False
id_8986,id_6568,0.4525,False
id_8986,id_2832,0.4375,False
id_8986,id_1750,0.4295,False
id_8986,id_8169,0.4603,False
id_8986,id_9530,0.4458,False
id_8986,id_8986,0.4754,True
id_8986,id_8986,0.5802,True
id_8986,id_6703,0.2965,False
id_8986,id_9960,0.5108,False
id_8986,id_8986,0.5512,True
id_8986,id_7184,0.3411,False
id_8986,id_1884,0.4627,False
id_8986,id_8204,0.5203,False
id_8986,id_7474,0.4072,False
id_5162,id_5162,0.5017,True
id_5162,id_5162,0.4223,True
id_5162,id_6319,0.3720,False
id_5162,id_5162,0.4608,True
id_5162,id_5162,0.5054,True
id_5162,id_5162,0.5602,True
id_5162,id_5162,0.4709,True
id_5162,id_5162,0.4733,True
id_5162,id_5162,0.3744,True
id_5162,id_5162,0.3925,True
id_5162,id_5162,0.6392,True
id_5162,id_5162,0.4929,True
id_5162,id_5162,0.5826,True
id_5162,id_5162,0.4840,True
id_5162,id_1412,0.3440,False
id_5162,id_7474,0.3881,False
id_5162,id_5162,0.4684,True
id_5162,id_5162,0.6342,True
id_5162,id_1847,0.3406,False
id_5162,id_5162,0.5559,True
id_5162,id_5162,0.5589,True
id_5162,id_5162,0.4384,True
id_5162,id_5162,0.5626,True
id_5162,id_5162,0.6086,True
id_5162,id_7363,0.3837,False
id_5162,id_5162,0.5506,True
id_5162,id_5162,0.5620,True
id_5162,id_5162,0.6912,True
id_5162,id_9470,0.4050,False
id_5162,id_4855,0.3663,False
id_5162,id_5162,0.7180,True
id_6350,id_6350,0.4902,True
id_6350,id_5202,0.4677,False
id_6350,id_6350,0.5741,True
id_6350,id_6350,0.4675,True
id_6350,id_6350,0.4967,True
id_6350,id_6350,0.6079,True
id_6350,id_3861,0.3877,False
id_8169,id_8169,0.6650,True
id_8169,id_8169,0.6046,True
id_8169,id_8169,0.7309,True
id_8169,id_8169,0.7176,True
id_8169,id_8169,0.5082,True
id_8169,id_8169,0.6516,True
id_8169,id_8169,0.5247,True
id_8169,id_8169,0.6985,True
id_8169,id_8169,0.6642,True
id_8169,id_8169,0.7029,True
id_8169,id_8169,0.6362,True
id_8169,id_8169,0.6208,True
id_8169,id_8169,0.6033,True
id_8169,id_6568,0.4699,False
id_8169,id_7193,0.3827,False
id_8169,id_8169,0.6798,True
id_8169,id_8169,0.6132,True
id_8169,id_8169,0.6451,True
id_8169,id_8169,0.5863,True
id_8169,id_8169,0.6035,True
id_8169,id_8169,0.6887,True
id_8169,id_8169,0.7328,True
id_8169,id_8169,0.6112,True
id_8169,id_8169,0.6355,True
id_8169,id_5956,0.3286,False
id_8169,id_8169,0.6704,True
id_8169,id_8169,0.6057,True
id_8169,id_7554,0.4248,False
id_8169,id_8169,0.7520,True
id_8169,id_8169,0.4329,True
id_8169,id_8169,0.6591,True
id_8169,id_8169,0.7466,True
id_8169,id_8169,0.7044,True
id_8169,id_8169,0.6420,True
id_8169,id_8169,0.6833,True
id_8169,id_8169,0.6620,True
id_4583,id_4583,0.4882,True
id_4583,id_4583,0.5469,True
id_4583,id_4583,0.4678,True
id_4583,id_4583,0.5769,True
id_4583,id_4583,0.6634,True
id_4583,id_4583,0.5379,True
id_4583,id_4583,0.4386,True
id_4583,id_9794,0.3699,False
id_4583,id_65,0.4193,False
id_4583,id_4583,0.7677,True
id_4583,id_4583,0.6683,True
id_4583,id_4583,0.7796,True
id_4583,id_8297,0.3218,False
id_4583,id_4583,0.4753,True
id_4583,id_4583,0.4692,True
id_4583,id_4583,0.6903,True
id_4583,id_4583,0.3481,True
id_4583,id_4583,0.4320,True
id_4583,id_4583,0.3909,True
id_5552,id_5552,0.6524,True
id_5552,id_5552,0.6568,True
id_5552,id_5552,0.5117,True
id_5552,id_5552,0.6237,True
id_5552,id_5552,0.5156,True
id_5552,id_2947,0.2726,False
id_5552,id_5552,0.7535,True
id_5552,id_5441,0.4407,False
id_5552,id_5552,0.4846,True
id_5552,id_5552,0.6213,True
id_649,id_649,0.7082,True
id_649,id_649,0.3582,True
id_649,id_834,0.4557,False
id_649,id_649,0.6849,True
id_649,id_649,0.4779,True
id_649,id_649,0.6131,True
id_649,id_8209,0.4827,False
id_649,id_649,0.3541,True
id_649,id_649,0.4883,True
id_649,id_9629,0.3026,False
id_649,id_649,0.5639,True
id_649,id_649,0.7064,True
id_649,id_649,0.3724,True
id_649,id_649,0.7140,True
id_649,id_649,0.6306,True
id_649,id_649,0.5274,True
id_649,id_5437,0.4292,False
id_649,id_649,0.6222,True
id_649,id_2947,0.3770,False
id_649,id_649,0.5945,True
id_649,id_649,0.6951,True
id_649,id_649,0.4033,True
id_649,id_649,0.4952,True
id_649,id_649,0.4944,True
id_649,id_649,0.6763,True
id_649,id_649,0.6009,True
id_649,id_1003,0.4999,False
id_649,id_649,0.6111,True
id_6011,id_6011,0.5726,True
id_6011,id_6011,0.4691,True
id_6011,id_6011,0.5836,True
id_6011,id_6011,0.4685,True
id_6011,id_5687,0.4305,False
id_6011,id_6859,0.4200,False
id_6011,id_6011,0.5818,True
id_6011,id_6011,0.6115,True
id_6011,id_9496,0.3887,False
id_6011,id_9766,0.4268,False
id_6011,id_6011,0.5150,True
id_6011,id_8204,0.4218,False
id_6011,id_6011,0.4163,True
id_6011,id_6011,0.4685,True
id_6011,id_6011,0.6013,True
id_6011,id_6011,0.4936,True
id_6011,id_6011,0.4586,True
id_6011,id_6011,0.5904,True
id_6011,id_6011,0.5721,True
id_6011,id_476,0.3794,False
id_6011,id_6011,0.4618,True
id_6380,id_6245,0.4708,False
id_6380,id_1201,0.4709,False
id_6380,id_6380,0.4677,True
id_6380,id_608,0.4344,False
id_6380,id_5210,0.3441,False
id_6380,id_2809,0.3945,False
id_6380,id_2580,0.4329,False
id_6380,id_6380,0.3398,True
id_6380,id_3183,0.3808,False
id_6380,id_1597,0.4244,False
id_4897,id_9096,0.4570,False
id_4897,id_8970,0.3915,False
id_4897,id_6890,0.4121,False
id_4897,id_4897,0.5942,True
id_4897,id_2489,0.3929,False
id_4897,id_1694,0.3218,False
id_4897,id_8204,0.4881,False
id_4897,id_4897,0.5521,True
id_4897,id_4897,0.5215,True
id_4897,id_4897,0.4125,True
id_4897,id_7174,0.4358,False
id_4897,id_4897,0.4558,True
id_4897,id_4177,0.4483,False
id_4897,id_7991,0.5500,False
id_4897,id_7833,0.3470,False
id_4897,id_4358,0.4582,False
id_4897,id_1884,0.4297,False
id_4897,id_4897,0.5189,True
id_2689,id_2689,0.7454,True
id_2689,id_2689,0.7692,True
id_2689,id_2689,0.7409,True
id_2689,id_2689,0.5280,True
id_2689,id_2689,0.7233,True
id_2689,id_2689,0.5428,True
id_2689,id_2689,0.7191,True
id_2689,id_2689,0.7436,True
id_2689,id_834,0.2782,False
id_2689,id_2689,0.6730,True
id_8209,id_8243,0.4016,False
id_8209,id_2361,0.3081,False
id_8209,id_8610,0.3510,False
id_8209,id_8883,0.3616,False
id_8209,id_8209,0.5368,True
id_8209,id_8209,0.5707,True
id_8209,id_7582,0.3802,False
id_6221,id_6221,0.4226,True
id_6221,id_6221,0.5332,True
id_6221,id_6221,0.4309,True
id_6221,id_6221,0.5866,True
id_6221,id_6221,0.6267,True
id_6221,id_6221,0.5446,True
id_6221,id_6221,0.4459,True
id_6221,id_6221,0.5896,True
id_6221,id_7350,0.4681,False
id_6221,id_4542,0.3191,False
id_6221,id_8036,0.4547,False
id_6221,id_6221,0.6040,True
id_6221,id_6221,0.5768,True
id_6221,id_6221,0.4287,True
id_6221,id_6221,0.5798,True
id_6221,id_6221,0.5601,True
id_6221,id_6221,0.5994,True
id_6221,id_6221,0.6363,True
id_6221,id_6221,0.4776,True
id_6221,id_9766,0.5267,False
id_6221,id_6221,0.6523,True
id_6221,id_6221,0.5653,True
id_7182,id_7182,0.7205,True
id_7182,id_7182,0.5673,True
id_7182,id_7182,0.5867,True
id_7182,id_7182,0.6786,True
id_7182,id_7182,0.7329,True
id_7182,id_7182,0.6956,True
id_7182,id_7182,0.6465,True
id_7182,id_7182,0.6041,True
id_7182,id_7182,0.7039,True
id_7182,id_7182,0.7102,True
id_7182,id_7182,0.6298,True
id_7182,id_7182,0.7152,True
id_7182,id_7182,0.6012,True
id_652,id_5273,0.4009,False
id_652,id_652,0.5972,True
id_652,id_652,0.5988,True
id_652,id_74,0.3516,False
id_652,id_652,0.5260,True
id_652,id_652,0.3769,True
id_652,id_652,0.4711,True
id_2936,id_2936,0.7585,True
id_2936,id_2936,0.7218,True
id_2936,id_2936,0.5640,True
id_2936,id_2936,0.6780,True
id_2936,id_2936,0.6440,True
id_2936,id_2936,0.5644,True
id_2936,id_2936,0.6559,True
id_2936,id_2936,0.6826,True
id_4157,id_10125,0.4104,False
id_4157,id_596,0.4141,False
id_4157,id_5806,0.3278,False
id_4157,id_2216,0.4243,False
id_4157,id_2216,0.4243,False
id_4157,id_4157,0.4689,True
id_4157,id_10541,0.4166,False
id_4157,id_5011,0.4406,False
id_5596,id_6731,0.4138,False
id_5596,id_8613,0.4026,False
id_5596,id_4751,0.4288,False
id_5596,id_5596,0.5110,True
id_5596,id_3709,0.4212,False
id_5596,id_5596,0.5166,True
id_5596,id_5596,0.3628,True
id_5596,id_7917,0.4254,False
id_5596,id_6011,0.4514,False
id_5596,id_5596,0.5053,True
id_5596,id_1627,0.4726,False
id_5596,id_168,0.4043,False
id_5596,id_3709,0.4777,False
id_5596,id_5596,0.5207,True
id_5235,id_5235,0.4536,True
id_5235,id_5235,0.5887,True
id_5235,id_5235,0.5941,True
id_5235,id_5235,0.4701,True
id_5235,id_5235,0.4296,True
id_5235,id_5235,0.5763,True
id_5235,id_5235,0.5932,True
id_5235,id_5235,0.5679,True
id_5235,id_5235,0.5855,True
id_5235,id_4956,0.3885,False
id_5235,id_5235,0.5559,True
id_5235,id_3926,0.3835,False
id_5235,id_5235,0.4789,True
id_5235,id_5235,0.6387,True
id_5235,id_1627,0.4355,False
id_5235,id_5235,0.4320,True
id_5235,id_5235,0.4326,True
id_5235,id_5235,0.5168,True
id_5235,id_3784,0.3847,False
id_5235,id_5235,0.5719,True
id_5235,id_5235,0.3266,True
id_5235,id_4825,0.3924,False
id_5235,id_5235,0.5143,True
id_5235,id_5235,0.4969,True
id_5235,id_5235,0.5465,True
id_5235,id_5235,0.5927,True
id_5235,id_5235,0.7020,True
id_5235,id_5235,0.4992,True
id_8883,id_8883,0.5494,True
id_8883,id_8883,0.3162,True
id_8883,id_8883,0.3960,True
id_8883,id_6568,0.5264,False
id_8883,id_8883,0.6435,True
id_8883,id_9905,0.4593,False
id_8883,id_8159,0.3991,False
id_8883,id_8883,0.4277,True
id_8883,id_8883,0.5721,True
id_8883,id_10048,0.4188,False
id_8883,id_8883,0.5839,True
id_8883,id_8883,0.5453,True
id_8883,id_8883,0.5307,True
id_8883,id_8883,0.6259,True
id_8883,id_2867,0.4028,False
id_8883,id_8883,0.5884,True
id_8883,id_8414,0.3605,False
id_8883,id_9155,0.3993,False
id_8883,id_3397,0.3867,False
id_8883,id_9945,0.4494,False
id_8883,id_9694,0.4312,False
id_8883,id_163,0.2363,False
id_8883,id_8883,0.5547,True
id_8883,id_8883,0.6080,True
id_8883,id_8883,0.5814,True
id_8883,id_8883,0.5413,True
id_8883,id_90,0.3672,False
id_8883,id_8883,0.4074,True
id_8883,id_8883,0.6379,True
id_4505,id_4505,0.4226,True
id_4505,id_3589,0.3651,False
id_4505,id_5806,0.3534,False
id_4505,id_6368,0.3182,False
id_4505,id_2134,0.3041,False
id_4505,id_4505,0.5450,True
id_4505,id_4505,0.4378,True
id_4505,id_5290,0.3229,False
id_4505,id_4505,0.5530,True
id_4505,id_1388,0.3017,False
id_4505,id_4505,0.5657,True
id_4505,id_4505,0.4422,True
id_9155,id_9155,0.6985,True
id_9155,id_9155,0.7810,True
id_9155,id_9155,0.5310,True
id_9155,id_7123,0.3652,False
id_9155,id_9155,0.7099,True
id_9155,id_9155,0.7301,True
id_9155,id_9155,0.7991,True
id_9155,id_9155,0.7450,True
id_9155,id_3497,0.4296,False
id_9155,id_3855,0.4049,False
id_9155,id_9155,0.6878,True
id_9155,id_9155,0.8198,True
id_9155,id_9155,0.7779,True
id_9155,id_9155,0.7204,True
id_9155,id_9155,0.7391,True
id_9155,id_9155,0.8209,True
id_9155,id_9155,0.6463,True
id_9155,id_9155,0.7845,True
id_4749,id_4749,0.5266,True
id_4749,id_4749,0.5840,True
id_4749,id_4749,0.6959,True
id_4749,id_4749,0.6616,True
id_4749,id_4749,0.6911,True
id_4749,id_4749,0.6259,True
id_4749,id_4749,0.4546,True
id_8949,id_8949,0.4195,True
id_8949,id_497,0.3985,False
id_8949,id_8949,0.5978,True
id_8949,id_8949,0.4529,True
id_8949,id_8949,0.6644,True
id_8949,id_8949,0.6644,True
id_8949,id_8949,0.3899,True
id_8949,id_8949,0.5467,True
id_365,id_2361,0.3926,False
id_365,id_8469,0.4610,False
id_365,id_2480,0.4639,False
id_365,id_365,0.4693,True
id_365,id_365,0.5417,True
id_365,id_4670,0.3353,False
id_365,id_365,0.6424,True
id_365,id_365,0.6860,True
id_365,id_365,0.6493,True
id_365,id_365,0.5334,True
id_365,id_365,0.4058,True
id_365,id_365,0.5709,True
id_365,id_2480,0.4559,False
id_365,id_365,0.5467,True
id_365,id_365,0.6029,True
id_365,id_365,0.6430,True
id_365,id_365,0.6218,True
id_365,id_365,0.5298,True
id_365,id_365,0.6272,True
id_365,id_365,0.3927,True
id_365,id_365,0.6824,True
id_365,id_1514,0.5212,False
id_365,id_365,0.6576,True
id_365,id_365,0.5679,True
id_365,id_365,0.6039,True
id_365,id_3257,0.3968,False
id_365,id_8469,0.3939,False
id_365,id_365,0.4988,True
id_365,id_365,0.4876,True
id_365,id_5794,0.5077,False
id_7833,id_7833,0.6757,True
id_7833,id_7833,0.6652,True
id_7833,id_7833,0.5456,True
id_7833,id_7833,0.6583,True
id_7833,id_9695,0.3802,False
id_7833,id_7833,0.5466,True
id_7833,id_6376,0.3792,False
id_7833,id_7833,0.5622,True
id_7833,id_7833,0.4940,True
id_7833,id_7833,0.6635,True
id_7833,id_10023,0.3503,False
id_7833,id_7833,0.4451,True
id_7833,id_7833,0.5900,True
id_7833,id_7833,0.6698,True
id_7833,id_7833,0.5973,True
id_10246,id_10246,0.6471,True
id_10246,id_10246,0.6786,True
id_10246,id_5886,0.4106,False
id_10246,id_10246,0.4848,True
id_10246,id_4630,0.4250,False
id_10246,id_10246,0.4649,True
id_10246,id_10313,0.5321,False
id_10246,id_10246,0.5352,True
id_10246,id_10246,0.5849,True
id_10246,id_4956,0.3931,False
id_10246,id_10246,0.4818,True
id_10246,id_8622,0.5109,False
id_10246,id_4373,0.3869,False
id_10206,id_3866,0.4384,False
id_10206,id_10206,0.5355,True
id_10206,id_10206,0.5878,True
id_10206,id_10206,0.6737,True
id_10206,id_10541,0.2666,False
id_10206,id_10206,0.3980,True
id_10206,id_10206,0.6481,True
id_10206,id_10206,0.4630,True
id_10206,id_10206,0.7548,True
id_10206,id_10206,0.4368,True
id_10206,id_10206,0.4440,True
id_10206,id_10206,0.6023,True
id_10206,id_10206,0.3833,True
id_10206,id_10206,0.4622,True
id_10206,id_10206,0.6605,True
id_10206,id_6321,0.3513,False
id_10206,id_4169,0.4300,False
id_10206,id_3936,0.3109,False
id_10206,id_10206,0.5094,True
id_10206,id_10206,0.4307,True
id_10206,id_10206,0.7463,True
id_10206,id_1388,0.3835,False
id_10206,id_10206,0.6438,True
id_10206,id_10206,0.4926,True
id_10206,id_3735,0.3382,False
id_10206,id_10206,0.6454,True
id_10206,id_2077,0.3951,False
id_10206,id_10206,0.6280,True
id_10206,id_6527,0.4404,False
id_10206,id_10206,0.3753,True
id_10206,id_10206,0.5518,True
id_10206,id_10206,0.5954,True
id_10206,id_8949,0.3430,False
id_10206,id_10206,0.6442,True
id_10206,id_10206,0.4619,True
id_10206,id_10206,0.6971,True
id_10206,id_10206,0.7199,True
id_10206,id_1597,0.2953,False
id_10206,id_10206,0.6246,True
id_10206,id_8414,0.4115,False
id_10206,id_10203,0.4421,False
id_10206,id_10206,0.6222,True
id_2775,id_8418,0.4534,False
id_2775,id_7991,0.5264,False
id_2775,id_10345,0.3985,False
id_2775,id_10170,0.4874,False
id_2775,id_5999,0.3989,False
id_2775,id_8970,0.5406,False
id_4233,id_4233,0.6071,True
id_4233,id_4233,0.6290,True
id_4233,id_4233,0.5963,True
id_4233,id_9431,0.4163,False
id_4233,id_4233,0.6417,True
id_4233,id_4233,0.7575,True
id_4233,id_4233,0.7466,True
id_4233,id_2134,0.4102,False
id_4233,id_4233,0.6369,True
id_4233,id_4233,0.6810,True
id_4233,id_3735,0.4442,False
id_4233,id_4233,0.4968,True
id_4233,id_4233,0.6408,True
id_4233,id_4233,0.7141,True
id_4233,id_4233,0.4815,True
id_4233,id_4233,0.6666,True
id_4233,id_3902,0.3756,False
id_4233,id_4233,0.4900,True
id_4233,id_2058,0.3276,False
id_1824,id_1824,0.5342,True
id_1824,id_1824,0.5261,True
id_1824,id_1824,0.4315,True
id_1824,id_1824,0.5324,True
id_1824,id_1824,0.5315,True
id_1824,id_1795,0.4157,False
id_1824,id_5794,0.3975,False
id_1824,id_1824,0.4682,True
id_1824,id_1824,0.7361,True
id_1824,id_1155,0.4474,False
id_1824,id_7079,0.2948,False
id_1824,id_4268,0.2433,False
id_1824,id_2833,0.5191,False
id_1824,id_1824,0.4663,True
id_1824,id_1824,0.6851,True
id_1824,id_1824,0.5591,True
id_1824,id_5223,0.3670,False
id_1824,id_1824,0.4497,True
id_1824,id_1824,0.6623,True
id_1824,id_1824,0.4762,True
id_1824,id_1824,0.4808,True
id_1824,id_1824,0.7459,True
id_1824,id_1824,0.4954,True
id_1824,id_6543,0.3430,False
id_1824,id_476,0.4392,False
id_1824,id_1824,0.7007,True
id_1824,id_1824,0.6077,True
id_1824,id_1824,0.4755,True
id_1824,id_2435,0.4414,False
id_1824,id_1824,0.5235,True
id_1824,id_1824,0.7162,True
id_1824,id_1824,0.5102,True
id_1824,id_1824,0.5276,True
id_6334,id_6334,0.4284,True
id_6334,id_6334,0.6687,True
id_6334,id_6334,0.5908,True
id_6334,id_6334,0.6549,True
id_6334,id_6334,0.7737,True
id_6334,id_6334,0.7073,True
id_6334,id_5956,0.4699,False
id_6334,id_6334,0.7045,True
id_6334,id_6334,0.6268,True
id_6334,id_10345,0.5286,False
id_6334,id_5988,0.5425,False
id_6334,id_6334,0.8056,True
id_6334,id_10482,0.4249,False
id_6334,id_9230,0.5541,False
id_6334,id_6334,0.5609,True
id_6334,id_6334,0.6161,True
id_6334,id_9950,0.4586,False
id_6334,id_6334,0.6094,True
id_6334,id_6334,0.6940,True
id_6334,id_6334,0.5744,True
id_6334,id_8204,0.5210,False
id_6334,id_6506,0.4969,False
id_6334,id_6334,0.6716,True
id_6334,id_9230,0.4991,False
id_6334,id_6334,0.7354,True
id_6334,id_6334,0.5152,True
id_6334,id_6334,0.6430,True
id_6334,id_4716,0.2977,False
id_6334,id_6334,0.6338,True
id_6334,id_7069,0.5479,False
id_6334,id_6302,0.5280,False
id_6334,id_2500,0.4723,False
id_6334,id_9230,0.4394,False
id_6334,id_6334,0.6875,True
id_6334,id_6334,0.6893,True
id_6334,id_6334,0.5975,True
id_6334,id_6703,0.5022,False
id_6334,id_6334,0.4890,True
id_6334,id_6334,0.5957,True
id_6334,id_6334,0.6117,True
id_6334,id_6334,0.6969,True
id_6334,id_6334,0.6014,True
id_6334,id_6334,0.7402,True
id_6334,id_6334,0.5474,True
id_6334,id_6334,0.6313,True
id_6334,id_9230,0.4789,False
id_6334,id_8418,0.5449,False
id_6334,id_1542,0.4386,False
id_6334,id_6334,0.5371,True
id_6334,id_6334,0.3629,True
id_6334,id_9766,0.3417,False
id_6334,id_6334,0.5064,True
id_6334,id_6334,0.6352,True
id_6334,id_9530,0.3356,False
id_6334,id_6334,0.6510,True
id_6334,id_3819,0.5487,False
id_6334,id_6334,0.6368,True
id_6334,id_6334,0.5766,True
id_6334,id_6334,0.6970,True
id_2589,id_3456,0.3778,False
id_2589,id_2589,0.6992,True
id_2589,id_2589,0.7452,True
id_2589,id_2589,0.6179,True
id_2589,id_1465,0.2741,False
id_2589,id_1535,0.4302,False
id_2589,id_2589,0.7044,True
id_2589,id_2589,0.7334,True
id_2589,id_2589,0.7477,True
id_2589,id_2589,0.6941,True
id_5173,id_864,0.5309,False
id_5173,id_5173,0.7159,True
id_5173,id_5173,0.4242,True
id_5173,id_5173,0.5159,True
id_5173,id_1981,0.4154,False
id_5173,id_5173,0.4927,True
id_5173,id_5173,0.6662,True
id_5173,id_5173,0.4540,True
id_5173,id_5173,0.5261,True
id_5173,id_3415,0.2909,False
id_5173,id_5173,0.7196,True
id_5173,id_4710,0.4268,False
id_5173,id_5173,0.4286,True
id_5173,id_6894,0.4198,False
id_5173,id_5687,0.4891,False
id_5173,id_8159,0.4074,False
id_3750,id_3750,0.6326,True
id_3750,id_8627,0.4259,False
id_3750,id_3750,0.6252,True
id_3750,id_3750,0.7877,True
id_3750,id_3750,0.5841,True
id_3750,id_3750,0.8564,True
id_3750,id_3750,0.6618,True
id_3750,id_3750,0.6715,True
id_3750,id_3750,0.7032,True
id_3750,id_4166,0.2854,False
id_3750,id_3750,0.8005,True
id_9230,id_7381,0.4108,False
id_9230,id_5956,0.5008,False
id_9230,id_9230,0.6217,True
id_9230,id_6611,0.4357,False
id_9230,id_9230,0.4158,True
id_9230,id_9230,0.5100,True
id_9230,id_9230,0.5681,True
id_9230,id_9230,0.5473,True
id_9230,id_9230,0.4609,True
id_9230,id_8482,0.4872,False
id_9230,id_8428,0.3749,False
id_9230,id_7478,0.4637,False
id_9230,id_5988,0.4562,False
id_9230,id_9230,0.5047,True
id_9230,id_6568,0.3509,False
id_9230,id_4455,0.4133,False
id_9230,id_3877,0.4971,False
id_9230,id_3877,0.4215,False
id_9230,id_1913,0.3874,False
id_9230,id_5310,0.4617,False
id_9230,id_9230,0.5509,True
id_9230,id_3877,0.4876,False
id_9230,id_555,0.5460,False
id_9230,id_5309,0.4503,False
id_9230,id_10571,0.4486,False
id_9230,id_6284,0.3954,False
id_9230,id_9230,0.5789,True
id_9230,id_9230,0.4450,True
id_9230,id_882,0.5106,False
id_9230,id_555,0.4679,False
id_9230,id_9230,0.6233,True
id_9230,id_9230,0.5526,True
id_9230,id_9230,0.5082,True
id_9044,id_907,0.3943,False
id_9044,id_9044,0.5624,True
id_9044,id_9044,0.5560,True
id_9044,id_9044,0.6335,True
id_9044,id_9044,0.6653,True
id_9044,id_9044,0.5914,True
id_9044,id_9044,0.3944,True
id_9980,id_9980,0.5461,True
id_9980,id_9980,0.3701,True
id_9980,id_9980,0.6579,True
id_9980,id_9980,0.5846,True
id_9980,id_6398,0.3077,False
id_9980,id_9980,0.6735,True
id_9980,id_9980,0.4450,True
id_9980,id_9980,0.7143,True
id_9980,id_9980,0.5808,True
id_9980,id_9980,0.6801,True
id_1393,id_1393,0.3982,True
id_1393,id_7079,0.3471,False
id_1393,id_1393,0.5928,True
id_1393,id_1393,0.6083,True
id_1393,id_1393,0.3384,True
id_1393,id_1393,0.6721,True
id_1393,id_9051,0.3982,False
id_1393,id_1393,0.6471,True
id_2842,id_4192,0.4560,False
id_2842,id_2842,0.5333,True
id_2842,id_2842,0.5268,True
id_2842,id_2842,0.5985,True
id_2842,id_5058,0.5180,False
id_2842,id_2842,0.6525,True
id_2842,id_2842,0.6778,True
id_2842,id_2842,0.6147,True
id_2842,id_2842,0.4493,True
id_2842,id_2842,0.5808,True
id_2842,id_2842,0.5667,True
id_2842,id_2842,0.5799,True
id_2842,id_2842,0.4377,True
id_2842,id_2842,0.6927,True
id_2842,id_2842,0.6288,True
id_2842,id_2842,0.7150,True
id_2842,id_2842,0.4891,True
id_2842,id_2842,0.6622,True
id_2842,id_2842,0.6659,True
id_2842,id_2842,0.7009,True
id_2842,id_2842,0.7337,True
id_2842,id_2842,0.5226,True
id_2842,id_2842,0.5909,True
id_2842,id_2842,0.6282,True
id_2842,id_2842,0.5473,True
id_2842,id_2842,0.6327,True
id_2842,id_2842,0.7578,True
id_2842,id_2842,0.6074,True
id_2842,id_2842,0.4407,True
id_2842,id_2842,0.7269,True
id_2842,id_2842,0.6259,True
id_2842,id_2842,0.6762,True
id_2842,id_2842,0.6884,True
id_2842,id_8297,0.4574,False
id_2842,id_2842,0.5808,True
id_2842,id_2842,0.5154,True
id_2842,id_2842,0.6076,True
id_2842,id_2842,0.6257,True
id_2842,id_2842,0.7079,True
id_2842,id_2842,0.6279,True
id_2842,id_2842,0.7398,True
id_2842,id_2842,0.6833,True
id_2842,id_2842,0.7249,True
id_2842,id_2842,0.7446,True
id_2842,id_2842,0.5311,True
id_2842,id_2842,0.5391,True
id_2842,id_2842,0.6399,True
id_2842,id_2842,0.6396,True
id_2842,id_2842,0.7612,True
id_2842,id_2842,0.6467,True
id_2842,id_8021,0.4898,False
id_2842,id_2842,0.5443,True
id_2842,id_2842,0.4958,True
id_2842,id_2842,0.5233,True
id_2842,id_2842,0.7102,True
id_2842,id_2842,0.5709,True
id_2842,id_2842,0.5612,True
id_2842,id_2842,0.5292,True
id_2842,id_2842,0.7010,True
id_2842,id_8297,0.4817,False
id_2842,id_2842,0.5610,True
id_2842,id_8297,0.5041,False
id_2842,id_2842,0.5529,True
id_2842,id_2842,0.6600,True
id_2842,id_2842,0.6806,True
id_2842,id_4570,0.3502,False
id_2842,id_7474,0.3994,False
id_2842,id_2842,0.5749,True
id_2842,id_2842,0.6613,True
id_2842,id_2842,0.7015,True
id_2842,id_2842,0.5963,True
id_2842,id_2842,0.6733,True
id_2842,id_2842,0.6532,True
id_2842,id_8021,0.4288,False
id_2842,id_2842,0.6405,True
id_2842,id_2842,0.6904,True
id_2842,id_2842,0.6236,True
id_2842,id_2842,0.7151,True
id_2842,id_2842,0.6769,True
id_2842,id_2842,0.6584,True
id_2842,id_2842,0.5312,True
id_2842,id_2842,0.6128,True
id_2842,id_2257,0.5305,False
id_2842,id_2842,0.4421,True
id_2842,id_2842,0.5935,True
id_2842,id_2842,0.6577,True
id_2842,id_2842,0.6863,True
id_2842,id_9609,0.3126,False
id_2842,id_2842,0.7259,True
id_2842,id_2842,0.7182,True
id_2842,id_2842,0.5165,True
id_2842,id_2842,0.6453,True
id_2842,id_2842,0.6408,True
id_2842,id_6350,0.5630,False
id_2842,id_2842,0.4890,True
id_2842,id_2842,0.6479,True
id_2842,id_2842,0.6929,True
id_2842,id_2842,0.6130,True
id_2842,id_2842,0.4453,True
id_2842,id_10345,0.3432,False
id_2842,id_2842,0.7010,True
id_2842,id_8297,0.4140,False
id_2842,id_2842,0.5537,True
id_2842,id_2842,0.5969,True
id_2842,id_2842,0.6569,True
id_2842,id_2842,0.5995,True
id_2842,id_2842,0.6015,True
id_2842,id_2842,0.5832,True
id_2842,id_2842,0.5261,True
id_2842,id_8209,0.3713,False
id_2842,id_2842,0.4755,True
id_2842,id_2842,0.5557,True
id_2842,id_2842,0.7375,True
id_2842,id_2842,0.5839,True
id_2842,id_2842,0.6441,True
id_2842,id_2842,0.7066,True
id_6376,id_6376,0.4846,True
id_6376,id_6376,0.5360,True
id_6376,id_6376,0.5758,True
id_6376,id_6376,0.5566,True
id_6376,id_6376,0.4926,True
id_6376,id_1700,0.3831,False
id_6376,id_3520,0.5448,False
id_6376,id_6376,0.5320,True
id_6376,id_6376,0.4407,True
id_6376,id_6376,0.4045,True
id_6376,id_6376,0.6461,True
id_6376,id_10239,0.3577,False
id_6376,id_6376,0.3895,True
id_6376,id_6376,0.5895,True
id_6376,id_6376,0.4970,True
id_6376,id_6376,0.4983,True
id_1262,id_7567,0.3781,False
id_1262,id_1262,0.4434,True
id_1262,id_6053,0.3418,False
id_1262,id_1262,0.5502,True
id_1262,id_7678,0.2928,False
id_1262,id_1262,0.4111,True
id_1262,id_1262,0.3926,True
id_1262,id_1262,0.6846,True
id_1262,id_8301,0.3408,False
id_1262,id_5827,0.4031,False
id_1262,id_1262,0.5447,True
id_1262,id_541,0.3630,False
id_1262,id_1262,0.6026,True
id_1262,id_1262,0.6461,True
id_555,id_555,0.5852,True
id_555,id_555,0.5869,True
id_555,id_555,0.5870,True
id_555,id_4455,0.5595,False
id_555,id_8169,0.4640,False
id_555,id_555,0.6276,True
id_555,id_555,0.6184,True
id_555,id_555,0.5795,True
id_555,id_555,0.6648,True
id_555,id_1321,0.4845,False
id_555,id_555,0.5975,True
id_555,id_1001,0.4236,False
id_555,id_555,0.4091,True
id_555,id_555,0.5857,True
id_555,id_555,0.5540,True
id_555,id_555,0.3488,True
id_555,id_555,0.5619,True
id_555,id_555,0.5028,True
id_555,id_555,0.5569,True
id_555,id_555,0.5084,True
id_555,id_7451,0.5104,False
id_555,id_555,0.4845,True
id_555,id_555,0.5862,True
id_528,id_9950,0.4143,False
id_528,id_1542,0.4091,False
id_528,id_528,0.6248,True
id_528,id_9946,0.4567,False
id_528,id_528,0.5039,True
id_528,id_2560,0.4176,False
id_528,id_528,0.4381,True
id_528,id_528,0.5180,True
id_528,id_528,0.5663,True
id_528,id_3058,0.3451,False
id_528,id_528,0.4532,True
id_528,id_7712,0.4148,False
id_528,id_4630,0.4578,False
id_528,id_528,0.4605,True
id_528,id_528,0.6336,True
id_528,id_528,0.4372,True
id_528,id_528,0.4960,True
id_528,id_528,0.4947,True
id_528,id_3311,0.2801,False
id_528,id_528,0.5820,True
id_528,id_528,0.4470,True
id_528,id_528,0.5795,True
id_528,id_4630,0.3143,False
id_528,id_8204,0.4288,False
id_528,id_6543,0.4361,False
id_528,id_2663,0.3290,False
id_528,id_528,0.6147,True
id_8622,id_864,0.3759,False
id_8622,id_8622,0.4720,True
id_8622,id_7658,0.4502,False
id_8622,id_9821,0.3420,False
id_8622,id_8622,0.4570,True
id_8622,id_8622,0.6110,True
id_8622,id_8622,0.6070,True
id_8622,id_8622,0.5514,True
id_8622,id_8622,0.5245,True
id_8807,id_8682,0.2183,False
id_8807,id_6566,0.3650,False
id_8807,id_1888,0.4431,False
id_8807,id_1824,0.4065,False
id_8807,id_8807,0.5956,True
id_8807,id_8807,0.6195,True
id_8807,id_2101,0.4408,False
id_8807,id_10422,0.5360,False
id_8807,id_9946,0.5634,False
id_7019,id_3750,0.4381,False
id_7019,id_5213,0.3542,False
id_7019,id_7019,0.6657,True
id_7019,id_7019,0.6023,True
id_7019,id_7019,0.5227,True
id_7019,id_7019,0.4260,True
id_7019,id_7019,0.5117,True
id_831,id_9598,0.4255,False
id_831,id_831,0.5071,True
id_831,id_831,0.5331,True
id_831,id_831,0.4539,True
id_831,id_3917,0.4360,False
id_831,id_831,0.5331,True
id_831,id_831,0.5761,True
id_831,id_831,0.6781,True
id_6741,id_8641,0.3842,False
id_6741,id_6741,0.5101,True
id_6741,id_6422,0.4493,False
id_6741,id_2724,0.3959,False
id_6741,id_9809,0.3876,False
id_6741,id_7620,0.4119,False
id_6741,id_6741,0.5651,True
id_5869,id_2478,0.5238,False
id_5869,id_3942,0.3858,False
id_5869,id_2104,0.3908,False
id_5869,id_5869,0.6502,True
id_5869,id_5869,0.6621,True
id_5869,id_1268,0.3849,False
id_5869,id_2580,0.4558,False
id_5869,id_5869,0.5279,True
id_5869,id_5869,0.5518,True
id_5869,id_5869,0.4867,True
id_5869,id_2136,0.4109,False
id_5869,id_5423,0.4715,False
id_4922,id_4922,0.6330,True
id_4922,id_4922,0.7214,True
id_4922,id_556,0.4106,False
id_4922,id_3917,0.5522,False
id_4922,id_4922,0.6330,True
id_4922,id_1824,0.4839,False
id_4922,id_952,0.3837,False
id_4086,id_3159,0.3886,False
id_4086,id_1096,0.4374,False
id_4086,id_4086,0.5026,True
id_4086,id_4086,0.4063,True
id_4086,id_5956,0.3953,False
id_4086,id_248,0.3771,False
id_4086,id_4086,0.6121,True
id_4086,id_4086,0.5602,True
id_4086,id_4086,0.4856,True
id_4086,id_4086,0.4646,True
id_4086,id_4086,0.5365,True
id_4086,id_4086,0.5854,True
id_4086,id_4086,0.4319,True
id_4086,id_4086,0.7068,True
id_4086,id_4086,0.5878,True
id_2128,id_8883,0.4099,False
id_2128,id_2128,0.6778,True
id_2128,id_2128,0.5076,True
id_2128,id_2128,0.4515,True
id_2128,id_831,0.4097,False
id_2128,id_3819,0.4121,False
id_2128,id_2128,0.6458,True
id_2128,id_4938,0.3913,False
id_2128,id_2128,0.6080,True
id_2128,id_2128,0.5584,True
id_2128,id_2128,0.6638,True
id_2128,id_2128,0.4553,True
id_2128,id_2128,0.7036,True
id_2128,id_2128,0.6059,True
id_9852,id_9852,0.6878,True
id_9852,id_4009,0.3567,False
id_9852,id_9852,0.6648,True
id_9852,id_9852,0.5590,True
id_9852,id_5793,0.4021,False
id_9852,id_9852,0.7084,True
id_9852,id_5794,0.3748,False
id_9852,id_9852,0.4560,True
id_9852,id_8970,0.3800,False
id_9852,id_9852,0.4790,True
id_9852,id_2867,0.3710,False
id_9852,id_9852,0.6226,True
id_9852,id_10116,0.3375,False
id_9852,id_9852,0.3962,True
id_9852,id_9852,0.6249,True
id_9852,id_5794,0.3488,False
id_9852,id_9852,0.5419,True
id_9852,id_9852,0.5997,True
id_9852,id_9852,0.4886,True
id_9852,id_9852,0.4327,True
id_9852,id_6540,0.3922,False
id_9852,id_9852,0.6275,True
id_9852,id_9852,0.4565,True
id_9852,id_9852,0.5228,True
id_9852,id_9852,0.4632,True
id_9852,id_6890,0.4552,False
id_9852,id_9852,0.4211,True
id_9852,id_9852,0.4638,True
id_9852,id_10514,0.4538,False
id_9852,id_9852,0.5673,True
id_9852,id_8183,0.3420,False
id_9852,id_9852,0.4826,True
id_9852,id_9852,0.6764,True
id_9852,id_9852,0.7245,True
id_9852,id_9852,0.6429,True
id_9852,id_9852,0.4361,True
id_9496,id_9496,0.5930,True
id_9496,id_9496,0.5856,True
id_9496,id_9496,0.5235,True
id_9496,id_5794,0.3768,False
id_9496,id_7149,0.3506,False
id_9496,id_9496,0.5235,True
id_9496,id_9716,0.4726,False
id_9496,id_9496,0.4377,True
id_9898,id_4834,0.4451,False
id_9898,id_9898,0.7232,True
id_9898,id_9898,0.6127,True
id_9898,id_6506,0.4924,False
id_9898,id_9898,0.6575,True
id_9898,id_9898,0.4964,True
id_9898,id_9898,0.6754,True
id_9898,id_9898,0.5945,True
id_9898,id_9898,0.5832,True
id_9898,id_5818,0.4524,False
id_9898,id_9898,0.5434,True
id_9898,id_9898,0.5084,True
id_9898,id_5951,0.3749,False
id_9898,id_8183,0.3900,False
id_9898,id_9898,0.5922,True
id_9898,id_5726,0.4493,False
id_9898,id_9898,0.6164,True
id_9898,id_9898,0.6946,True
id_9898,id_9898,0.6678,True
id_9898,id_9898,0.6505,True
id_9898,id_9898,0.6201,True
id_9898,id_9898,0.5935,True
id_2185,id_2185,0.4515,True
id_2185,id_2185,0.4532,True
id_2185,id_2185,0.4672,True
id_2185,id_9988,0.3985,False
id_2185,id_2104,0.4538,False
id_2185,id_2185,0.5300,True
id_2185,id_2185,0.4285,True
id_2185,id_2185,0.5006,True
id_2185,id_2902,0.4017,False
id_2185,id_10288,0.3196,False
id_2185,id_2185,0.5858,True
id_2185,id_2712,0.4496,False
id_2185,id_2185,0.4290,True
id_2185,id_10500,0.4258,False
id_2185,id_2185,0.5800,True
id_2185,id_2185,0.6192,True
id_2185,id_4869,0.3053,False
id_2185,id_8970,0.4882,False
id_2185,id_873,0.4112,False
id_2185,id_3926,0.3779,False
id_2185,id_977,0.3946,False
id_2185,id_2185,0.5055,True
id_4524,id_4524,0.4109,True
id_4524,id_3257,0.5038,False
id_4524,id_7904,0.3008,False
id_4524,id_3161,0.3682,False
id_4524,id_4524,0.4117,True
id_4524,id_3773,0.4185,False
id_4524,id_4524,0.4832,True
id_4524,id_7089,0.3230,False
id_4524,id_4524,0.4902,True
id_4524,id_4524,0.4261,True
id_4524,id_4524,0.4868,True
id_4524,id_4524,0.5990,True
id_4524,id_4524,0.4233,True
id_9555,id_9555,0.6710,True
id_9555,id_9555,0.7220,True
id_9555,id_9555,0.7667,True
id_9555,id_9555,0.6990,True
id_9555,id_9555,0.7756,True
id_9555,id_9555,0.7027,True
id_9555,id_9555,0.7254,True
id_9555,id_9555,0.5798,True
id_9555,id_9555,0.5158,True
id_9555,id_1761,0.3416,False
id_2710,id_3578,0.4059,False
id_2710,id_2710,0.7429,True
id_2710,id_5206,0.3786,False
id_2710,id_2710,0.7653,True
id_2710,id_2710,0.5567,True
id_2710,id_2710,0.7812,True
id_2710,id_2710,0.6128,True
id_2710,id_2710,0.4146,True
id_2710,id_2710,0.7085,True
id_2710,id_2710,0.6434,True
id_2710,id_2710,0.7233,True
id_2710,id_2710,0.6058,True
id_2710,id_2710,0.7530,True
id_2710,id_2710,0.7543,True
id_2710,id_2710,0.7953,True
id_2710,id_2710,0.5270,True
id_2710,id_2710,0.7057,True
id_2710,id_2710,0.6434,True
id_2710,id_2710,0.5513,True
id_2710,id_4972,0.3755,False
id_2710,id_2710,0.7852,True
id_2710,id_2710,0.6825,True
id_2710,id_2710,0.5343,True
id_2710,id_2710,0.7467,True
id_2710,id_2710,0.6092,True
id_4174,id_4174,0.6672,True
id_4174,id_4174,0.6052,True
id_4174,id_4174,0.7457,True
id_4174,id_4174,0.6967,True
id_4174,id_4174,0.7133,True
id_4174,id_4174,0.6758,True
id_4174,id_4174,0.7520,True
id_4174,id_8021,0.3249,False
id_4174,id_4174,0.6988,True
id_4174,id_4174,0.7200,True
id_4174,id_90,0.3977,False
id_4174,id_4174,0.6103,True
id_4174,id_4174,0.7383,True
id_8380,id_8380,0.6593,True
id_8380,id_8380,0.7716,True
id_8380,id_8380,0.6469,True
id_8380,id_8380,0.6313,True
id_8380,id_8380,0.6606,True
id_8380,id_8380,0.6675,True
id_8380,id_834,0.3821,False
id_8380,id_8389,0.4204,False
id_8380,id_8380,0.7143,True
id_8380,id_2867,0.4554,False
id_8380,id_8380,0.6844,True
id_8380,id_8380,0.6579,True
id_8380,id_4716,0.3431,False
id_8380,id_8380,0.7884,True
id_8380,id_8380,0.6227,True
id_8380,id_1434,0.4269,False
id_8380,id_8380,0.6231,True
id_8380,id_8380,0.5030,True
id_8380,id_5611,0.3463,False
id_8380,id_8380,0.5608,True
id_8380,id_8380,0.6802,True
id_8380,id_8380,0.5987,True
id_8380,id_8380,0.7268,True
id_8380,id_601,0.3050,False
id_8380,id_8380,0.4700,True
id_8380,id_8380,0.5487,True
id_8380,id_8380,0.5762,True
id_8380,id_8380,0.7517,True
id_8380,id_8380,0.5487,True
id_8380,id_8380,0.6965,True
id_8380,id_8380,0.5949,True
id_8380,id_8380,0.5729,True
id_8380,id_8380,0.4907,True
id_8380,id_8380,0.3923,True
id_8380,id_8209,0.4214,False
id_8380,id_8380,0.6731,True
id_8380,id_8380,0.5394,True
id_8380,id_8380,0.5403,True
id_8380,id_8380,0.6295,True
id_8380,id_8380,0.4922,True
id_8380,id_8380,0.6609,True
id_8380,id_8380,0.6374,True
id_8380,id_8380,0.5644,True
id_8380,id_8380,0.4458,True
id_8380,id_8380,0.4934,True
id_8380,id_9496,0.3450,False
id_8380,id_8380,0.4041,True
id_8380,id_8380,0.6224,True
id_8380,id_8380,0.7784,True
id_8380,id_8380,0.6714,True
id_8380,id_1913,0.3117,False
id_8380,id_8380,0.6462,True
id_8380,id_8380,0.7002,True
id_8380,id_8380,0.7946,True
id_8380,id_8380,0.5174,True
id_8380,id_8380,0.6997,True
id_8380,id_6453,0.3774,False
id_8380,id_8380,0.7137,True
id_8380,id_8380,0.7004,True
id_8380,id_6642,0.3655,False
id_8380,id_8380,0.7861,True
id_8380,id_8380,0.6446,True
id_8380,id_8380,0.7069,True
id_8380,id_8380,0.6396,True
id_8380,id_2867,0.4512,False
id_8380,id_8380,0.7469,True
id_8380,id_8380,0.6712,True
id_8380,id_1127,0.3196,False
id_8380,id_8380,0.6479,True
id_8380,id_8380,0.7246,True
id_8428,id_8428,0.4473,True
id_8428,id_8428,0.6315,True
id_8428,id_8428,0.5326,True
id_8428,id_8428,0.4300,True
id_8428,id_8428,0.5713,True
id_8428,id_8428,0.7138,True
id_8428,id_8428,0.5207,True
id_8428,id_8428,0.5940,True
id_8428,id_8428,0.5463,True
id_8428,id_8428,0.4090,True
id_8428,id_8428,0.5577,True
id_8428,id_7389,0.4213,False
id_8428,id_8428,0.6195,True
id_8428,id_8428,0.5307,True
id_8428,id_8428,0.5968,True
id_8428,id_8428,0.5630,True
id_8428,id_8428,0.5844,True
id_8428,id_8428,0.5058,True
id_8428,id_8428,0.4216,True
id_8428,id_8428,0.5553,True
id_10110,id_2288,0.5294,False
id_10110,id_10110,0.4892,True
id_10110,id_1262,0.3443,False
id_10110,id_5520,0.3639,False
id_10110,id_3916,0.4277,False
id_10110,id_5869,0.4340,False
id_10110,id_5948,0.4289,False
id_10110,id_10110,0.5081,True
id_10110,id_5011,0.4015,False
id_10110,id_5011,0.4153,False
id_10110,id_1360,0.3368,False
id_10110,id_10110,0.5172,True
id_10110,id_10110,0.4191,True
id_10110,id_27,0.3884,False
id_10110,id_9470,0.3330,False
id_8470,id_4358,0.4197,False
id_8470,id_8470,0.6106,True
id_8470,id_8470,0.3975,True
id_8470,id_8470,0.4577,True
id_8470,id_8470,0.4284,True
id_8470,id_886,0.3858,False
id_8470,id_8470,0.3577,True
id_8470,id_8470,0.5890,True
id_8470,id_1535,0.3313,False
id_8470,id_1627,0.3448,False
id_8470,id_10482,0.3924,False
id_8470,id_6890,0.3561,False
id_8470,id_8021,0.4163,False
id_8470,id_8470,0.5337,True
id_8470,id_8470,0.5953,True
id_8470,id_8470,0.6729,True
id_8470,id_8470,0.6949,True
id_8470,id_9524,0.4045,False
id_8470,id_8470,0.5644,True
id_8470,id_3157,0.3094,False
id_8470,id_8297,0.2961,False
id_8470,id_8470,0.6520,True
id_8470,id_8470,0.5661,True
id_8470,id_8470,0.5361,True
id_8470,id_8470,0.6058,True
id_8470,id_8470,0.6342,True
id_8470,id_8470,0.5993,True
id_8470,id_8470,0.5801,True
id_8470,id_6731,0.4466,False
id_8470,id_8470,0.5412,True
id_8470,id_8470,0.6871,True
id_8470,id_8470,0.7121,True
id_8470,id_5131,0.3193,False
id_8470,id_8470,0.4674,True
id_8470,id_8470,0.6255,True
id_8470,id_3157,0.3094,False
id_8470,id_5422,0.4643,False
id_8470,id_9037,0.4547,False
id_8470,id_10232,0.3836,False
id_8470,id_9031,0.3380,False
id_8470,id_8470,0.3883,True
id_4169,id_4169,0.5230,True
id_4169,id_4169,0.4673,True
id_4169,id_9419,0.3787,False
id_4169,id_4170,0.3514,False
id_4169,id_520,0.3897,False
id_4169,id_4169,0.5021,True
id_4169,id_4169,0.5672,True
id_4169,id_4169,0.5183,True
id_4169,id_4169,0.4782,True
id_4169,id_4169,0.6041,True
id_4169,id_4169,0.4846,True
id_4169,id_4169,0.6111,True
id_4169,id_9393,0.3783,False
id_4169,id_4169,0.7106,True
id_4169,id_10289,0.4038,False
id_4169,id_4169,0.6456,True
id_4169,id_4169,0.5324,True
id_4169,id_4492,0.4633,False
id_4169,id_2867,0.4952,False
id_4169,id_5045,0.3200,False
id_4169,id_4169,0.4175,True
id_4169,id_4169,0.6258,True
id_4169,id_8423,0.3983,False
id_4169,id_8787,0.3874,False
id_4169,id_4169,0.3917,True
id_4169,id_4169,0.6140,True
id_4169,id_4169,0.4167,True
id_4169,id_4169,0.4805,True
id_4169,id_4169,0.4191,True
id_4169,id_1761,0.3780,False
id_4169,id_4169,0.5273,True
id_4169,id_4169,0.4388,True
id_4165,id_4165,0.5050,True
id_4165,id_10464,0.4127,False
id_4165,id_4165,0.6203,True
id_4165,id_4165,0.5217,True
id_4165,id_4165,0.6265,True
id_4165,id_2383,0.4358,False
id_4165,id_4165,0.4989,True
id_4165,id_4517,0.3927,False
id_4165,id_4516,0.4070,False
id_4165,id_4165,0.5190,True
id_4165,id_3861,0.2738,False
id_809,id_809,0.6813,True
id_809,id_809,0.6330,True
id_809,id_809,0.5262,True
id_809,id_809,0.6509,True
id_809,id_809,0.6930,True
id_809,id_809,0.7296,True
id_809,id_809,0.5333,True
id_809,id_809,0.7012,True
id_809,id_809,0.5973,True
id_809,id_1939,0.4487,False
id_809,id_809,0.6130,True
id_809,id_809,0.7476,True
id_809,id_809,0.7325,True
id_809,id_809,0.6531,True
id_809,id_4975,0.3288,False
id_809,id_809,0.5255,True
id_809,id_809,0.7178,True
id_809,id_809,0.5496,True
id_10509,id_10509,0.6664,True
id_10509,id_10509,0.7422,True
id_10509,id_10509,0.6493,True
id_10509,id_10509,0.4916,True
id_10509,id_10509,0.7240,True
id_10509,id_10509,0.5866,True
id_10509,id_10509,0.7189,True
id_10509,id_10509,0.6691,True
id_10509,id_10509,0.6992,True
id_10509,id_10509,0.7055,True
id_10509,id_10509,0.6023,True
id_10509,id_10509,0.5723,True
id_6423,id_6482,0.3197,False
id_6423,id_8547,0.3833,False
id_6423,id_6423,0.5713,True
id_6423,id_5423,0.4637,False
id_6423,id_6423,0.4445,True
id_6423,id_6423,0.4149,True
id_6423,id_6423,0.3486,True
id_6423,id_4166,0.4523,False
id_6423,id_3792,0.3802,False
id_6423,id_2833,0.4343,False
id_6423,id_6648,0.3733,False
id_6423,id_7204,0.4375,False
id_6423,id_3942,0.3528,False
id_6423,id_834,0.4890,False
id_6423,id_6423,0.6027,True
id_5765,id_5765,0.6794,True
id_5765,id_10181,0.3920,False
id_5765,id_5765,0.6806,True
id_5765,id_5765,0.3858,True
id_5765,id_5765,0.6504,True
id_4984,id_4984,0.5631,True
id_4984,id_4984,0.5433,True
id_4984,id_4984,0.6836,True
id_4984,id_4984,0.7691,True
id_4984,id_4984,0.6084,True
id_4984,id_4984,0.6578,True
id_4984,id_4984,0.6067,True
id_4984,id_4984,0.7398,True
id_4984,id_4984,0.7479,True
id_4984,id_4984,0.6798,True
id_4984,id_4984,0.6415,True
id_4984,id_4984,0.7644,True
id_4984,id_4984,0.6788,True
id_4984,id_4984,0.6870,True
id_4984,id_6284,0.4162,False
id_4984,id_4984,0.7374,True
id_4984,id_4984,0.5179,True
id_4984,id_4984,0.6806,True
id_4984,id_2663,0.4162,False
id_4984,id_4984,0.7265,True
id_4984,id_4984,0.7063,True
id_4984,id_4984,0.7422,True
id_4984,id_4984,0.7557,True
id_4984,id_4984,0.7351,True
id_4984,id_4984,0.4535,True
id_4910,id_4910,0.3925,True
id_4910,id_4910,0.5409,True
id_4910,id_4910,0.5096,True
id_4910,id_4910,0.3844,True
id_4910,id_4910,0.6012,True
id_4910,id_4910,0.5764,True
id_4910,id_4910,0.4631,True
id_4910,id_4910,0.4831,True
id_4910,id_4910,0.4717,True
id_4910,id_4910,0.6690,True
id_4910,id_4910,0.5760,True
id_4910,id_4910,0.6237,True
id_4910,id_4910,0.4244,True
id_4910,id_8622,0.4196,False
id_4910,id_4910,0.6234,True
id_4910,id_4910,0.6397,True
id_4910,id_4910,0.4703,True
id_4910,id_4910,0.4975,True
id_4910,id_4910,0.6522,True
id_4910,id_5223,0.3672,False
id_4910,id_4910,0.6911,True
id_4910,id_4910,0.7737,True
id_4910,id_4910,0.6257,True
id_4910,id_5018,0.4380,False
id_186,id_186,0.4654,True
id_186,id_186,0.5067,True
id_186,id_186,0.5200,True
id_186,id_186,0.5017,True
id_186,id_6859,0.3763,False
id_186,id_186,0.5338,True
id_186,id_186,0.5258,True
id_186,id_7446,0.3359,False
id_186,id_3926,0.4154,False
id_186,id_4118,0.3545,False
id_186,id_186,0.4881,True
id_186,id_186,0.4797,True
id_186,id_186,0.6029,True
id_186,id_2354,0.4287,False
id_186,id_5251,0.3889,False
id_186,id_1755,0.4305,False
id_186,id_6221,0.4258,False
id_186,id_9351,0.4579,False
id_186,id_186,0.5017,True
id_186,id_4956,0.4006,False
id_186,id_186,0.4108,True
id_186,id_186,0.5095,True
id_186,id_186,0.4567,True
id_186,id_186,0.4743,True
id_186,id_186,0.5856,True
id_186,id_2730,0.4009,False
id_186,id_9393,0.3311,False
id_186,id_186,0.4427,True
id_186,id_2480,0.4672,False
id_186,id_1226,0.4321,False
id_186,id_186,0.6291,True
id_186,id_186,0.3981,True
id_186,id_186,0.4018,True
id_186,id_186,0.4850,True
id_186,id_186,0.4507,True
id_186,id_186,0.5104,True
id_186,id_186,0.5013,True
id_186,id_3026,0.3382,False
id_186,id_186,0.6099,True
id_186,id_2489,0.3306,False
id_186,id_1321,0.2909,False
id_186,id_186,0.5660,True
id_9291,id_9291,0.5860,True
id_9291,id_9291,0.6810,True
id_9291,id_9291,0.6400,True
id_9291,id_8629,0.3699,False
id_9291,id_9291,0.7365,True
id_9291,id_9291,0.6822,True
id_9291,id_9291,0.6878,True
id_9291,id_446,0.4399,False
id_9291,id_9291,0.6868,True
id_9291,id_9291,0.4250,True
id_9291,id_9291,0.5613,True
id_9291,id_9291,0.5394,True
id_9291,id_9291,0.6287,True
id_9291,id_9291,0.6808,True
id_9291,id_9291,0.4742,True
id_9291,id_9291,0.3775,True
id_9291,id_8604,0.4916,False
id_10181,id_8447,0.3517,False
id_10181,id_10181,0.3717,True
id_10181,id_10181,0.5018,True
id_10181,id_10232,0.3746,False
id_10181,id_186,0.3261,False
id_10181,id_2548,0.4366,False
id_10181,id_8677,0.3028,False
id_10181,id_8380,0.3773,False
id_10181,id_7678,0.3703,False
id_10181,id_10181,0.3518,True
id_10181,id_10181,0.3125,True
id_10181,id_10181,0.3227,True
id_10181,id_10181,0.3690,True
id_4852,id_4852,0.7129,True
id_4852,id_3855,0.3622,False
id_4852,id_4852,0.6504,True
id_4852,id_4852,0.6622,True
id_4852,id_2646,0.3406,False
id_4852,id_3026,0.2959,False
id_4852,id_4852,0.5791,True
id_4852,id_4852,0.5152,True
id_4825,id_4825,0.4451,True
id_4825,id_8870,0.4214,False
id_4825,id_9044,0.4398,False
id_4825,id_6744,0.4590,False
id_4825,id_4459,0.3640,False
id_4825,id_4825,0.6366,True
id_4825,id_4825,0.4007,True
id_4825,id_4825,0.6918,True
id_4825,id_4825,0.3790,True
id_4825,id_3902,0.4974,False
id_4825,id_4825,0.4005,True
id_4825,id_834,0.3431,False
id_4825,id_4825,0.4965,True
id_4825,id_4825,0.5836,True
id_5210,id_5210,0.3946,True
id_5210,id_5210,0.5440,True
id_5210,id_5210,0.5196,True
id_5210,id_5210,0.7591,True
id_5210,id_5210,0.7197,True
id_5210,id_5210,0.5903,True
id_5210,id_5210,0.5174,True
id_5210,id_5210,0.7705,True
id_5210,id_5210,0.5642,True
id_5210,id_5210,0.7860,True
id_5210,id_5210,0.5863,True
id_5210,id_5210,0.5531,True
id_5210,id_5210,0.5655,True
id_5210,id_2670,0.4486,False
id_5210,id_5210,0.7602,True
id_5210,id_5210,0.6038,True
id_5210,id_9707,0.3202,False
id_5210,id_5210,0.5886,True
id_5210,id_5210,0.7124,True
id_5210,id_5210,0.4093,True
id_5210,id_5210,0.4696,True
id_5210,id_5210,0.4423,True
id_5210,id_4463,0.4447,False
id_5210,id_10356,0.4127,False
id_5210,id_5210,0.7107,True
id_5210,id_5210,0.3734,True
id_5210,id_5210,0.7184,True
id_5210,id_5210,0.3291,True
id_5210,id_5210,0.4763,True
id_5210,id_2670,0.4815,False
id_5210,id_5210,0.6798,True
id_5210,id_5210,0.5366,True
id_5210,id_5210,0.5806,True
id_5210,id_10345,0.4374,False
id_5210,id_5210,0.7088,True
id_5210,id_5210,0.7460,True
id_2383,id_2383,0.5258,True
id_2383,id_2383,0.3927,True
id_2383,id_5750,0.3130,False
id_2383,id_2383,0.4993,True
id_2383,id_2383,0.5552,True
id_2383,id_4749,0.4193,False
id_2383,id_2383,0.4986,True
id_2383,id_1752,0.4926,False
id_2383,id_2383,0.5311,True
id_2383,id_2383,0.6645,True
id_2383,id_2383,0.4959,True
id_2383,id_475,0.4039,False
id_2383,id_2383,0.4119,True
id_2383,id_2383,0.7644,True
id_2383,id_2383,0.6305,True
id_8206,id_1388,0.4006,False
id_8206,id_3646,0.3590,False
id_8206,id_8206,0.5430,True
id_8206,id_8206,0.6473,True
id_8206,id_8206,0.4812,True
id_8206,id_8206,0.5341,True
id_8206,id_8206,0.5381,True
id_8206,id_8206,0.5888,True
id_8206,id_8206,0.5142,True
id_8206,id_7645,0.3654,False
id_8206,id_8206,0.5450,True
id_8206,id_8206,0.3996,True
id_8206,id_8206,0.5055,True
id_8206,id_8206,0.5799,True
id_8206,id_8206,0.5122,True
id_8206,id_8206,0.5416,True
id_8206,id_8206,0.3970,True
id_8206,id_8206,0.5304,True
id_8206,id_8206,0.5634,True
id_8206,id_8206,0.5569,True
id_8206,id_8206,0.5514,True
id_8206,id_8206,0.4848,True
id_8206,id_8206,0.4871,True
id_8206,id_8037,0.3092,False
id_8206,id_8206,0.4243,True
id_8206,id_8206,0.5374,True
id_8206,id_8206,0.4930,True
id_8206,id_8206,0.4398,True
id_10532,id_9517,0.3430,False
id_10532,id_10532,0.5320,True
id_10532,id_10532,0.5311,True
id_10532,id_10532,0.6118,True
id_10532,id_10532,0.4494,True
id_10532,id_8243,0.3642,False
id_10532,id_10532,0.5309,True
id_10532,id_6744,0.3532,False
id_10532,id_10532,0.6850,True
id_10532,id_5437,0.4236,False
id_5750,id_5827,0.4597,False
id_5750,id_6278,0.4107,False
id_5750,id_5750,0.4410,True
id_5750,id_5750,0.6331,True
id_5750,id_5750,0.4228,True
id_5750,id_5750,0.4654,True
id_5750,id_2809,0.4919,False
id_5750,id_5750,0.4608,True
id_5750,id_5806,0.3692,False
id_5750,id_5750,0.5861,True
id_5750,id_9931,0.3300,False
id_3039,id_3039,0.4262,True
id_3039,id_5278,0.3496,False
id_3039,id_2798,0.3496,False
id_3039,id_1690,0.3482,False
id_3039,id_2136,0.4751,False
id_3039,id_3161,0.4229,False
id_7350,id_7350,0.5467,True
id_7350,id_2548,0.4210,False
id_7350,id_3877,0.3982,False
id_7350,id_8482,0.5365,False
id_7350,id_7350,0.5661,True
id_7350,id_8159,0.4368,False
id_7350,id_7350,0.4878,True
id_7350,id_9288,0.4650,False
id_7350,id_7350,0.3621,True
id_7350,id_9095,0.3739,False
id_7350,id_7350,0.5104,True
id_7350,id_7678,0.4985,False
id_7350,id_5760,0.5194,False
id_7350,id_7350,0.4549,True
id_7350,id_7350,0.4112,True
id_7350,id_7350,0.6247,True
id_7350,id_7350,0.6139,True
id_7350,id_9171,0.4109,False
id_7350,id_9271,0.4768,False
id_7350,id_7350,0.4644,True
id_4463,id_4285,0.4730,False
id_4463,id_4463,0.5539,True
id_4463,id_4463,0.5842,True
id_4463,id_4463,0.6840,True
id_4463,id_4570,0.3250,False
id_4463,id_5687,0.4787,False
id_4463,id_4463,0.4699,True
id_4463,id_2751,0.4116,False
id_4463,id_4463,0.5008,True
id_4463,id_4463,0.6858,True
id_4463,id_5818,0.4981,False
id_4463,id_4463,0.4631,True
id_4463,id_4463,0.5491,True
id_4463,id_4463,0.4687,True
id_4463,id_4463,0.4271,True
id_4463,id_4463,0.5899,True
id_4463,id_4463,0.5491,True
id_4463,id_4463,0.4887,True
id_4463,id_4463,0.6199,True
id_4463,id_4463,0.6141,True
id_4463,id_4463,0.4751,True
id_4463,id_5687,0.4276,False
id_4463,id_4463,0.6515,True
id_4463,id_7575,0.4048,False
id_4463,id_5687,0.4307,False
id_4463,id_4358,0.3994,False
id_4463,id_564,0.3259,False
id_4463,id_4463,0.4463,True
id_4463,id_9218,0.4226,False
id_4463,id_4463,0.6601,True
id_4463,id_6221,0.3311,False
id_4463,id_4463,0.6527,True
id_4463,id_4463,0.6197,True
id_4463,id_4463,0.6930,True
id_4463,id_4463,0.5528,True
id_4463,id_4463,0.4434,True
id_4463,id_10541,0.3437,False
id_4463,id_4463,0.4911,True
id_7678,id_7678,0.5142,True
id_7678,id_7678,0.5614,True
id_7678,id_6434,0.4435,False
id_7678,id_9716,0.3392,False
id_7678,id_7678,0.6238,True
id_7678,id_7678,0.4785,True
id_7678,id_7678,0.4309,True
id_7678,id_9530,0.4046,False
id_7678,id_1168,0.2657,False
id_7678,id_9230,0.3722,False
id_7678,id_9716,0.3749,False
id_7678,id_7678,0.6740,True
id_7678,id_4956,0.4487,False
id_7678,id_9288,0.4465,False
id_7678,id_10181,0.4794,False
id_7678,id_7678,0.3948,True
id_7678,id_4358,0.4169,False
id_7678,id_7678,0.4034,True
id_7678,id_7678,0.4385,True
id_7678,id_7506,0.4174,False
id_7678,id_7678,0.4876,True
id_2629,id_2629,0.4179,True
id_2629,id_2629,0.4983,True
id_2629,id_2629,0.4811,True
id_2629,id_9629,0.4048,False
id_2629,id_2629,0.6299,True
id_2629,id_2629,0.6166,True
id_2629,id_2629,0.5443,True
id_2629,id_2629,0.4983,True
id_2629,id_1268,0.4683,False
id_2629,id_2629,0.4445,True
id_2629,id_2629,0.4954,True
id_2629,id_2629,0.4959,True
id_2629,id_2629,0.5893,True
id_2629,id_1735,0.4476,False
id_2629,id_2629,0.6166,True
id_2629,id_2629,0.6166,True
id_2629,id_2629,0.6299,True
id_2629,id_2629,0.4983,True
id_2629,id_475,0.3061,False
id_2629,id_2629,0.3782,True
id_2629,id_2629,0.5260,True
id_2629,id_6523,0.4531,False
id_2629,id_2629,0.5043,True
id_2629,id_2629,0.4670,True
id_2629,id_2629,0.6299,True
id_2629,id_2629,0.6173,True
id_2629,id_2629,0.5277,True
id_2629,id_2629,0.5351,True
id_2629,id_2629,0.6638,True
id_2629,id_2629,0.6297,True
id_2629,id_2629,0.6299,True
id_2629,id_2629,0.4983,True
id_2629,id_2629,0.5417,True
id_2629,id_3206,0.3615,False
id_2629,id_2629,0.5484,True
id_2629,id_2629,0.3600,True
id_7685,id_3709,0.4361,False
id_7685,id_7685,0.5826,True
id_7685,id_7685,0.6792,True
id_7685,id_7685,0.5908,True
id_7685,id_7685,0.6103,True
id_7685,id_7685,0.6032,True
id_10232,id_10232,0.5528,True
id_10232,id_10232,0.4172,True
id_10232,id_8183,0.4165,False
id_10232,id_5962,0.3734,False
id_10232,id_25,0.2967,False
id_10232,id_2361,0.3671,False
id_10232,id_10232,0.5333,True
id_10232,id_4670,0.4512,False
id_10232,id_10232,0.4131,True
id_7062,id_7062,0.6086,True
id_7062,id_7062,0.5151,True
id_7062,id_10570,0.4752,False
id_7062,id_7062,0.6162,True
id_7062,id_7062,0.6566,True
id_7062,id_7062,0.6547,True
id_7062,id_7062,0.5686,True
id_7062,id_7062,0.5531,True
id_7062,id_7062,0.5192,True
id_7062,id_7062,0.5187,True
id_564,id_564,0.5733,True
id_564,id_7092,0.3214,False
id_564,id_564,0.7400,True
id_564,id_564,0.6684,True
id_564,id_564,0.6092,True
id_564,id_564,0.5424,True
id_564,id_239,0.4809,False
id_564,id_2569,0.3770,False
id_564,id_564,0.6143,True
id_564,id_564,0.5980,True
id_564,id_7367,0.4575,False
id_564,id_4880,0.2774,False
id_564,id_1001,0.4018,False
id_564,id_564,0.6613,True
id_564,id_564,0.5133,True
id_564,id_564,0.4938,True
id_564,id_564,0.7150,True
id_564,id_564,0.5511,True
id_564,id_564,0.7468,True
id_564,id_564,0.6876,True
id_564,id_564,0.6748,True
id_564,id_564,0.3950,True
id_5687,id_5687,0.5470,True
id_5687,id_5687,0.4964,True
id_5687,id_5687,0.5793,True
id_5687,id_6221,0.3649,False
id_5687,id_5687,0.5043,True
id_5687,id_5687,0.4844,True
id_5687,id_5687,0.5194,True
id_5687,id_5687,0.4486,True
id_5687,id_3497,0.4510,False
id_5687,id_792,0.4833,False
id_5687,id_3911,0.4847,False
id_5687,id_5687,0.4094,True
id_5687,id_5687,0.5787,True
id_5687,id_5687,0.4319,True
id_10251,id_10251,0.5646,True
id_10251,id_10251,0.4434,True
id_10251,id_7904,0.3985,False
id_10251,id_10251,0.4942,True
id_10251,id_1722,0.4615,False
id_9716,id_9716,0.6651,True
id_9716,id_9716,0.4707,True
id_9716,id_9716,0.3627,True
id_9716,id_9716,0.5626,True
id_9716,id_9716,0.4875,True
id_9716,id_9716,0.4639,True
id_9716,id_9716,0.6971,True
id_9716,id_10482,0.4048,False
id_9716,id_1535,0.3957,False
id_9716,id_9716,0.4801,True
id_9716,id_1388,0.3771,False
id_9716,id_1055,0.3706,False
id_9716,id_9716,0.4580,True
id_9716,id_9881,0.4203,False
id_9716,id_9716,0.5456,True
id_9716,id_1388,0.3743,False
id_9716,id_9716,0.5400,True
id_9716,id_9716,0.4845,True
id_3517,id_9530,0.3912,False
id_3517,id_8152,0.4495,False
id_3517,id_3206,0.2997,False
id_3517,id_2724,0.4229,False
id_3517,id_1402,0.4325,False
id_3517,id_3517,0.3988,True
id_3517,id_3517,0.5266,True
id_3517,id_1350,0.4013,False
id_3517,id_6013,0.4024,False
id_3517,id_8912,0.3177,False
id_3517,id_2287,0.5049,False
id_3517,id_3517,0.6177,True
id_3517,id_4966,0.4588,False
id_3517,id_10246,0.4548,False
id_3517,id_1897,0.3081,False
id_3517,id_10206,0.3738,False
id_3517,id_5309,0.2358,False
id_3517,id_3517,0.4509,True
id_3517,id_4878,0.3439,False
id_3517,id_9271,0.4838,False
id_3517,id_7470,0.4290,False
id_3517,id_9946,0.4922,False
id_3517,id_3517,0.4602,True
id_3517,id_3517,0.6270,True
id_3517,id_3517,0.6360,True
id_3517,id_8972,0.3249,False
id_3517,id_3517,0.4848,True
id_3517,id_6033,0.3227,False
id_3517,id_3517,0.6063,True
id_3517,id_3517,0.4723,True
id_6568,id_8975,0.3571,False
id_6568,id_6568,0.5685,True
id_6568,id_6568,0.5737,True
id_6568,id_6568,0.6190,True
id_6568,id_6568,0.6289,True
id_6568,id_4358,0.4290,False
id_6568,id_6568,0.5437,True
id_6568,id_6568,0.6333,True
id_6568,id_6568,0.5960,True
id_6568,id_3877,0.5043,False
id_6568,id_6568,0.5064,True
id_6568,id_6568,0.4807,True
id_6568,id_6568,0.6539,True
id_6568,id_6568,0.6472,True
id_6568,id_6568,0.6886,True
id_6568,id_6568,0.6878,True
id_6568,id_10345,0.4334,False
id_6568,id_6568,0.5347,True
id_6568,id_6568,0.5343,True
id_8170,id_8385,0.3676,False
id_8170,id_8170,0.5608,True
id_8170,id_8170,0.5604,True
id_8170,id_8170,0.6324,True
id_8170,id_8170,0.5258,True
id_8170,id_6336,0.2343,False
id_8170,id_2331,0.4085,False
id_5951,id_7363,0.3216,False
id_5951,id_1535,0.3740,False
id_5951,id_5806,0.4121,False
id_5951,id_2077,0.4225,False
id_5951,id_5951,0.4480,True
id_5951,id_3039,0.3742,False
id_5951,id_5951,0.3784,True
id_5951,id_3963,0.3702,False
id_5951,id_2257,0.4705,False
id_5437,id_5437,0.6493,True
id_5437,id_5437,0.6937,True
id_5437,id_5437,0.5834,True
id_5437,id_5437,0.4837,True
id_5437,id_5437,0.4764,True
id_5437,id_7218,0.4701,False
id_5437,id_2369,0.5121,False
id_5437,id_5437,0.6389,True
id_5437,id_5437,0.6607,True
id_5437,id_5437,0.3518,True
id_3106,id_3106,0.4082,True
id_3106,id_9259,0.4101,False
id_3106,id_177,0.3923,False
id_3106,id_4840,0.3365,False
id_3106,id_3106,0.3744,True
id_3106,id_3106,0.6487,True
id_3106,id_3106,0.4269,True
id_3106,id_3106,0.5805,True
id_3106,id_1365,0.3512,False
id_3106,id_3106,0.5840,True
id_3106,id_3106,0.6845,True
id_3106,id_3106,0.6419,True
id_3106,id_3106,0.4887,True
id_3106,id_9980,0.4048,False
id_3106,id_3106,0.4739,True
id_3106,id_5206,0.4032,False
id_3106,id_4317,0.2925,False
id_3106,id_1843,0.3220,False
id_3106,id_3106,0.4425,True
id_3106,id_3106,0.6693,True
id_3106,id_3106,0.5161,True
id_3106,id_3106,0.4576,True
id_3106,id_3106,0.5736,True
id_3106,id_3106,0.6382,True
id_3106,id_3106,0.6116,True
id_3106,id_3106,0.5602,True
id_3106,id_1046,0.3036,False
id_3106,id_3106,0.5035,True
id_3106,id_3106,0.4443,True
id_3106,id_3106,0.5820,True
id_3106,id_3106,0.5195,True
id_3106,id_3106,0.5093,True
id_3106,id_4170,0.3685,False
id_8474,id_8474,0.4426,True
id_8474,id_7522,0.3610,False
id_8474,id_8474,0.4652,True
id_8474,id_8474,0.5795,True
id_8474,id_8474,0.5986,True
id_8474,id_8474,0.4833,True
id_8474,id_9873,0.2857,False
id_8474,id_8474,0.6857,True
id_8474,id_9383,0.3440,False
id_8474,id_8209,0.4216,False
id_8474,id_8474,0.4056,True
id_8474,id_8474,0.5026,True
id_8474,id_8474,0.6479,True
id_7090,id_7090,0.4689,True
id_7090,id_7090,0.6415,True
id_7090,id_7090,0.6514,True
id_7090,id_7090,0.5505,True
id_7090,id_10482,0.3155,False
id_7090,id_2645,0.4324,False
id_7090,id_7090,0.6522,True
id_7090,id_7090,0.7066,True
id_7090,id_7090,0.5816,True
id_7090,id_7090,0.6047,True
id_7090,id_6667,0.3809,False
id_7090,id_7090,0.6078,True
id_7090,id_3251,0.3477,False
id_7090,id_6336,0.3443,False
id_7090,id_7090,0.5646,True
id_7090,id_5423,0.4047,False
id_7090,id_7090,0.5419,True
id_7090,id_7090,0.6649,True
id_7090,id_7090,0.5402,True
id_7090,id_8021,0.3687,False
id_7090,id_7090,0.5265,True
id_7090,id_7090,0.5960,True
id_7090,id_2589,0.4069,False
id_7090,id_7090,0.4141,True
id_7090,id_7090,0.5113,True
id_7090,id_7090,0.4327,True
id_7090,id_7090,0.6963,True
id_7090,id_6741,0.3224,False
id_7090,id_7090,0.6346,True
id_7090,id_7090,0.4227,True
id_7090,id_7090,0.5492,True
id_7090,id_7090,0.5366,True
id_7090,id_7090,0.5877,True
id_7090,id_7090,0.6039,True
id_7090,id_7380,0.3787,False
id_7090,id_7090,0.5087,True
id_7090,id_7090,0.6121,True
id_7090,id_7090,0.6479,True
id_7090,id_7090,0.5546,True
id_7090,id_7090,0.4240,True
id_7090,id_7090,0.7044,True
id_7090,id_7090,0.6333,True
id_7090,id_7090,0.6096,True
id_7090,id_7090,0.3764,True
id_7090,id_7090,0.5502,True
id_7090,id_7090,0.4992,True
id_7090,id_7090,0.5532,True
id_7090,id_7090,0.5218,True
id_7090,id_7090,0.2974,True
id_7090,id_7090,0.6390,True
id_7090,id_953,0.3859,False
id_7090,id_1571,0.3879,False
id_7090,id_7090,0.6604,True
id_7090,id_7090,0.6234,True
id_7090,id_7090,0.5427,True
id_7090,id_7090,0.6099,True
id_7090,id_7090,0.5774,True
id_7090,id_7090,0.5443,True
id_7090,id_7090,0.5413,True
id_7090,id_6821,0.3518,False
id_7090,id_7090,0.6254,True
id_7090,id_4321,0.4588,False
id_7090,id_7090,0.4814,True
id_7090,id_7090,0.6379,True
id_7090,id_4619,0.4106,False
id_7090,id_4938,0.4674,False
id_7090,id_7090,0.6216,True
id_7090,id_7090,0.6434,True
id_7090,id_7090,0.3773,True
id_7090,id_5726,0.4298,False
id_7090,id_7090,0.6188,True
id_7090,id_99,0.3297,False
id_7090,id_7090,0.6064,True
id_7090,id_7090,0.5725,True
id_7090,id_7090,0.6740,True
id_7090,id_7090,0.4334,True
id_7090,id_7528,0.3611,False
id_4567,id_4567,0.7244,True
id_4567,id_7752,0.3576,False
id_4567,id_4567,0.4578,True
id_4567,id_4567,0.6362,True
id_4567,id_4567,0.6423,True
id_4567,id_4567,0.5522,True
id_4567,id_2987,0.4061,False
id_4567,id_4567,0.4051,True
id_4567,id_4567,0.4980,True
id_4567,id_4567,0.5736,True
id_4567,id_4567,0.5684,True
id_4567,id_4567,0.6559,True
id_4567,id_4567,0.5784,True
id_4567,id_4567,0.6741,True
id_4567,id_4567,0.6733,True
id_4567,id_4567,0.4911,True
id_4567,id_4567,0.7384,True
id_4567,id_4567,0.7947,True
id_4567,id_4567,0.7161,True
id_4567,id_4567,0.5684,True
id_4567,id_4567,0.6131,True
id_4567,id_4567,0.6167,True
id_4567,id_4567,0.6307,True
id_4567,id_4567,0.6126,True
id_4567,id_4567,0.6692,True
id_1350,id_1350,0.6676,True
id_1350,id_1350,0.5300,True
id_1350,id_1350,0.5163,True
id_1350,id_1350,0.4374,True
id_1350,id_1350,0.4852,True
id_1350,id_4853,0.3059,False
id_1350,id_8970,0.3730,False
id_1350,id_1350,0.4531,True
id_1350,id_1350,0.7539,True
id_1350,id_4542,0.3078,False
id_1350,id_5711,0.4784,False
id_1350,id_7522,0.4056,False
id_1924,id_1924,0.7050,True
id_1924,id_1924,0.5807,True
id_1924,id_1924,0.6188,True
id_1924,id_1924,0.6942,True
id_1924,id_1924,0.7016,True
id_1924,id_1924,0.5014,True
id_1924,id_1924,0.6524,True
id_1924,id_9230,0.4076,False
id_1924,id_1924,0.5326,True
id_1924,id_1924,0.5721,True
id_1924,id_1924,0.5962,True
id_1924,id_5794,0.3718,False
id_1924,id_7484,0.4086,False
id_1924,id_1924,0.5924,True
id_1924,id_1924,0.6853,True
id_1924,id_1924,0.5407,True
id_1924,id_1924,0.6372,True
id_1924,id_9766,0.5259,False
id_1924,id_1924,0.6784,True
id_1924,id_1924,0.3914,True
id_1924,id_1924,0.5824,True
id_1924,id_1924,0.7413,True
id_1924,id_3406,0.3437,False
id_1924,id_1924,0.5779,True
id_7470,id_10313,0.3194,False
id_7470,id_10206,0.3656,False
id_7470,id_7470,0.5109,True
id_7470,id_7470,0.6345,True
id_7470,id_162,0.4643,False
id_7470,id_7470,0.5301,True
id_7470,id_4174,0.4290,False
id_7470,id_6466,0.5502,False
id_6821,id_6821,0.4020,True
id_6821,id_10116,0.3262,False
id_6821,id_3538,0.3184,False
id_6821,id_3866,0.3014,False
id_6821,id_8036,0.3472,False
id_6821,id_10021,0.3575,False
id_6821,id_5235,0.3250,False
id_6821,id_520,0.3107,False
id_6821,id_8243,0.4233,False
id_6821,id_6821,0.5075,True
id_6821,id_6821,0.5522,True
id_6821,id_6821,0.5553,True
id_6821,id_6380,0.3589,False
id_6821,id_8088,0.3844,False
id_6821,id_6821,0.5102,True
id_6821,id_6821,0.6190,True
id_6821,id_753,0.3224,False
id_6821,id_7904,0.4025,False
id_6821,id_6821,0.4160,True
id_6821,id_8152,0.3646,False
id_6821,id_4966,0.2755,False
id_6821,id_6821,0.5703,True
id_6821,id_6821,0.4892,True
id_6821,id_6821,0.4875,True
id_6821,id_6821,0.4973,True
id_6821,id_10021,0.3815,False
id_6821,id_2802,0.4754,False
id_6821,id_6821,0.4480,True
id_6821,id_4855,0.3365,False
id_6821,id_6821,0.4683,True
id_6821,id_6821,0.7017,True
id_6821,id_6821,0.3759,True
id_6821,id_6821,0.4886,True
id_6821,id_6453,0.3379,False
id_6821,id_9489,0.3547,False
id_6821,id_6821,0.4017,True
id_8787,id_8787,0.4666,True
id_8787,id_8787,0.5636,True
id_8787,id_8787,0.4420,True
id_8787,id_8787,0.4719,True
id_8787,id_8787,0.6409,True
id_8787,id_8787,0.4589,True
id_8787,id_8787,0.4773,True
id_8787,id_8787,0.6901,True
id_8787,id_8787,0.5066,True
id_8787,id_8787,0.4020,True
id_8787,id_8787,0.5871,True
id_233,id_233,0.4655,True
id_233,id_233,0.4818,True
id_233,id_233,0.3420,True
id_233,id_5467,0.4054,False
id_233,id_4063,0.3821,False
id_233,id_233,0.6736,True
id_233,id_233,0.6186,True
id_233,id_233,0.4373,True
id_233,id_233,0.5860,True
id_233,id_2435,0.3277,False
id_233,id_8902,0.3504,False
id_233,id_233,0.4351,True
id_233,id_233,0.6393,True
id_233,id_233,0.6580,True
id_233,id_90,0.3796,False
id_233,id_1026,0.3986,False
id_233,id_233,0.5219,True
id_233,id_233,0.6023,True
id_233,id_475,0.3357,False
id_233,id_233,0.5776,True
id_233,id_233,0.4693,True
id_233,id_3936,0.3745,False
id_233,id_233,0.6197,True
id_233,id_233,0.5764,True
id_233,id_6350,0.3692,False
id_233,id_233,0.5119,True
id_233,id_3942,0.3312,False
id_233,id_233,0.5484,True
id_233,id_1113,0.2622,False
id_233,id_233,0.6071,True
id_233,id_4009,0.3981,False
id_233,id_6213,0.3674,False
id_233,id_4157,0.3696,False
id_4321,id_4321,0.7110,True
id_4321,id_4321,0.4710,True
id_4321,id_4321,0.5905,True
id_4321,id_4321,0.6965,True
id_4321,id_169,0.3765,False
id_4321,id_4321,0.7537,True
id_4321,id_4321,0.6719,True
id_4321,id_4321,0.6292,True
id_4321,id_4321,0.5800,True
id_4321,id_4321,0.7102,True
id_4321,id_4321,0.7329,True
id_4321,id_4321,0.8039,True
id_4321,id_4321,0.6894,True
id_4321,id_4321,0.7563,True
id_4321,id_4321,0.5373,True
id_3095,id_3095,0.6528,True
id_3095,id_3095,0.7095,True
id_3095,id_3095,0.7113,True
id_3095,id_3095,0.6727,True
id_3095,id_3095,0.5125,True
id_3095,id_3095,0.6128,True
id_3095,id_3095,0.6389,True
id_3095,id_3095,0.6916,True
id_3095,id_3095,0.6146,True
id_3095,id_3095,0.5524,True
id_3095,id_3095,0.6965,True
id_3095,id_1292,0.3791,False
id_3095,id_3095,0.6885,True
id_3095,id_564,0.3472,False
id_3095,id_3095,0.6974,True
id_3095,id_3095,0.6474,True
id_3095,id_3095,0.6418,True
id_3095,id_3503,0.3141,False
id_3095,id_3095,0.6886,True
id_3095,id_3095,0.5782,True
id_3095,id_3095,0.6053,True
id_3095,id_3095,0.6703,True
id_3095,id_3095,0.6853,True
id_3095,id_3095,0.4800,True
id_3095,id_4505,0.3243,False
id_3095,id_252,0.2765,False
id_6731,id_8970,0.4064,False
id_6731,id_6731,0.6360,True
id_6731,id_6731,0.5282,True
id_6731,id_6731,0.4901,True
id_6731,id_8418,0.4189,False
id_6731,id_6731,0.6096,True
id_6731,id_6731,0.4792,True
id_6731,id_10518,0.4615,False
id_6731,id_6731,0.4340,True
id_6731,id_6731,0.5879,True
id_6731,id_6731,0.6396,True
id_6731,id_6731,0.6558,True
id_6731,id_6731,0.5644,True
id_6731,id_6623,0.4545,False
id_6731,id_6731,0.5383,True
id_6731,id_10079,0.3242,False
id_6731,id_6731,0.6051,True
id_6731,id_6731,0.6451,True
id_6731,id_6334,0.4265,False
id_6731,id_6731,0.4627,True
id_6731,id_6731,0.5002,True
id_6731,id_6731,0.4404,True
id_74,id_74,0.7717,True
id_74,id_74,0.4706,True
id_74,id_74,0.6525,True
id_74,id_74,0.6077,True
id_74,id_74,0.5486,True
id_74,id_8531,0.4441,False
id_74,id_74,0.4852,True
id_74,id_74,0.5251,True
id_74,id_10345,0.4135,False
id_74,id_74,0.6964,True
id_74,id_74,0.5629,True
id_74,id_74,0.5378,True
id_74,id_74,0.6387,True
id_74,id_74,0.7874,True
id_74,id_74,0.7112,True
id_74,id_74,0.6680,True
id_74,id_74,0.6448,True
id_74,id_74,0.5582,True
id_74,id_74,0.5312,True
id_74,id_10383,0.3602,False
id_74,id_74,0.7068,True
id_74,id_9271,0.5401,False
id_74,id_74,0.5471,True
id_74,id_564,0.4523,False
id_74,id_74,0.7117,True
id_74,id_8152,0.3841,False
id_74,id_74,0.6934,True
id_74,id_74,0.6883,True
id_74,id_74,0.6758,True
id_74,id_6221,0.3814,False
id_74,id_74,0.5363,True
id_74,id_74,0.7472,True
id_74,id_74,0.3819,True
id_74,id_74,0.7700,True
id_74,id_541,0.4081,False
id_74,id_74,0.6879,True
id_74,id_74,0.5896,True
id_74,id_74,0.6802,True
id_74,id_74,0.6732,True
id_74,id_3541,0.5545,False
id_74,id_74,0.5705,True
id_74,id_1761,0.3469,False
id_74,id_74,0.4993,True
id_74,id_4285,0.4042,False
id_74,id_74,0.5775,True
id_74,id_414,0.3538,False
id_74,id_74,0.6314,True
id_74,id_74,0.6073,True
id_74,id_652,0.4063,False
id_74,id_74,0.6150,True
id_74,id_74,0.5903,True
id_74,id_74,0.6310,True
id_74,id_74,0.4397,True
id_74,id_74,0.6351,True
id_74,id_2410,0.4838,False
id_74,id_74,0.7025,True
id_74,id_9550,0.4253,False
id_74,id_5290,0.3728,False
id_74,id_74,0.4359,True
id_74,id_74,0.5197,True
id_74,id_74,0.7121,True
id_74,id_74,0.6813,True
id_74,id_74,0.5034,True
id_74,id_74,0.5333,True
id_74,id_74,0.6025,True
id_74,id_74,0.7563,True
id_74,id_74,0.7639,True
id_74,id_74,0.4578,True
id_74,id_7752,0.3689,False
id_74,id_74,0.3761,True
id_74,id_74,0.6788,True
id_74,id_74,0.6371,True
id_74,id_74,0.5509,True
id_4698,id_6213,0.3564,False
id_4698,id_4698,0.4917,True
id_4698,id_97,0.3840,False
id_4698,id_5128,0.3285,False
id_4698,id_4698,0.5986,True
id_4698,id_4698,0.5417,True
id_4698,id_4698,0.4738,True
id_4698,id_4698,0.4816,True
id_4698,id_4698,0.4766,True
id_4698,id_1091,0.3498,False
id_4698,id_4698,0.5583,True
id_4698,id_4698,0.4384,True
id_4751,id_4751,0.5531,True
id_4751,id_9096,0.4421,False
id_4751,id_4910,0.2677,False
id_4751,id_4751,0.6076,True
id_4751,id_446,0.3048,False
id_4751,id_446,0.3376,False
id_4751,id_4751,0.3866,True
id_4751,id_9840,0.4996,False
id_4898,id_2930,0.3132,False
id_4898,id_786,0.3800,False
id_4898,id_4898,0.5488,True
id_4898,id_4898,0.7006,True
id_4898,id_4898,0.5091,True
id_4898,id_4898,0.8015,True
id_4898,id_4898,0.5994,True
id_4898,id_4898,0.5293,True
id_4898,id_4898,0.5533,True
id_4898,id_10532,0.4891,False
id_4898,id_4898,0.7376,True
id_10131,id_10131,0.7548,True
id_10131,id_10131,0.5359,True
id_10131,id_10131,0.7996,True
id_10131,id_10131,0.8219,True
id_10131,id_10131,0.7487,True
id_10131,id_10131,0.7119,True
id_10131,id_10131,0.8334,True
id_10131,id_10131,0.7978,True
id_10131,id_10131,0.6873,True
id_10131,id_10131,0.8052,True
id_10131,id_10131,0.8033,True
id_10131,id_10131,0.6956,True
id_10131,id_10131,0.8269,True
id_10131,id_10131,0.6389,True
id_10131,id_10131,0.7804,True
id_10131,id_10131,0.7491,True
id_10131,id_10131,0.6200,True
id_10131,id_10131,0.8125,True
id_10131,id_10131,0.7440,True
id_10131,id_10131,0.7609,True
id_10131,id_10131,0.6872,True
id_10131,id_10131,0.7201,True
id_6611,id_6611,0.4792,True
id_6611,id_6611,0.4744,True
id_6611,id_6859,0.3374,False
id_6611,id_2480,0.3564,False
id_6611,id_6611,0.5368,True
id_6611,id_8977,0.4273,False
id_6611,id_9530,0.4837,False
id_6611,id_6611,0.5889,True
id_6611,id_6611,0.6962,True
id_6611,id_8204,0.4453,False
id_6611,id_8977,0.4373,False
id_6611,id_6894,0.3964,False
id_6611,id_7678,0.5145,False
id_6611,id_8204,0.4392,False
id_6611,id_6611,0.5125,True
id_6611,id_5509,0.5170,False
id_6611,id_9766,0.5464,False
id_6611,id_6611,0.5669,True
id_10482,id_7879,0.2916,False
id_10482,id_5956,0.3908,False
id_10482,id_10482,0.4316,True
id_10482,id_10482,0.4264,True
id_10482,id_10482,0.5310,True
id_10482,id_10482,0.5082,True
id_10482,id_10482,0.3953,True
id_7069,id_7069,0.6379,True
id_7069,id_7069,0.6140,True
id_7069,id_6288,0.5267,False
id_7069,id_6811,0.4119,False
id_7069,id_7069,0.7103,True
id_7069,id_5066,0.4692,False
id_7069,id_7069,0.4524,True
id_7069,id_4634,0.3767,False
id_7069,id_7069,0.5794,True
id_7069,id_5422,0.3142,False
id_7069,id_7069,0.7041,True
id_7069,id_7069,0.7092,True
id_7069,id_7069,0.6529,True
id_7069,id_7069,0.5972,True
id_7069,id_7069,0.5282,True
id_7069,id_7069,0.6493,True
id_7069,id_7069,0.6023,True
id_7069,id_7069,0.5765,True
id_7069,id_7069,0.6764,True
id_7069,id_7069,0.4314,True
id_7069,id_7069,0.7229,True
id_7069,id_7069,0.4619,True
id_7069,id_7069,0.7197,True
id_7069,id_7069,0.7028,True
id_7069,id_7069,0.7331,True
id_7069,id_5422,0.3154,False
id_7069,id_7069,0.6275,True
id_7069,id_7069,0.6349,True
id_7069,id_7069,0.7040,True
id_7069,id_7069,0.7290,True
id_7069,id_7069,0.6977,True
id_7069,id_7069,0.5605,True
id_7069,id_7069,0.7068,True
id_7069,id_7069,0.4468,True
id_7069,id_7069,0.6803,True
id_7069,id_7069,0.6577,True
id_7069,id_7069,0.7356,True
id_7069,id_7069,0.7739,True
id_7069,id_2257,0.3914,False
id_7069,id_7069,0.6533,True
id_7069,id_7069,0.7374,True
id_7069,id_7069,0.6860,True
id_7069,id_5066,0.4676,False
id_7069,id_7069,0.6805,True
id_7069,id_7069,0.7260,True
id_7069,id_7069,0.6280,True
id_7069,id_7069,0.6093,True
id_7069,id_7069,0.5532,True
id_7069,id_7069,0.6772,True
id_7069,id_7069,0.7116,True
id_7069,id_9898,0.3438,False
id_7069,id_7069,0.6468,True
id_7069,id_7069,0.7724,True
id_7069,id_7069,0.5709,True
id_7069,id_7069,0.6326,True
id_7069,id_5066,0.4114,False
id_7069,id_7069,0.6707,True
id_7069,id_2741,0.3605,False
id_7069,id_7069,0.4256,True
id_7069,id_7069,0.6051,True
id_7069,id_7069,0.7238,True
id_7069,id_7069,0.4284,True
id_7069,id_7069,0.7323,True
id_7069,id_7069,0.5901,True
id_7069,id_7069,0.6731,True
id_7069,id_7069,0.7093,True
id_7069,id_7069,0.5957,True
id_7069,id_7069,0.7293,True
id_7069,id_7069,0.5255,True
id_7069,id_7069,0.6225,True
id_1540,id_1540,0.5504,True
id_1540,id_476,0.3867,False
id_1540,id_1540,0.5051,True
id_1540,id_1540,0.6269,True
id_1540,id_1540,0.5296,True
id_1540,id_4923,0.4021,False
id_1540,id_1540,0.5993,True
id_1540,id_8677,0.4139,False
id_1540,id_1540,0.3892,True
id_1540,id_1540,0.4102,True
id_1540,id_9950,0.4329,False
id_1540,id_1952,0.4116,False
id_1540,id_1540,0.5723,True
id_1540,id_1540,0.5388,True
id_1540,id_1540,0.5594,True
id_9619,id_9619,0.4188,True
id_9619,id_7114,0.4606,False
id_9619,id_9619,0.4037,True
id_9619,id_3379,0.4128,False
id_9619,id_9619,0.5692,True
id_9619,id_9716,0.3018,False
id_9619,id_3589,0.3526,False
id_9619,id_9619,0.6237,True
id_9619,id_8610,0.3389,False
id_9619,id_9619,0.6328,True
id_9619,id_6899,0.5034,False
id_9619,id_5210,0.3893,False
id_9619,id_7968,0.4143,False
id_953,id_953,0.5110,True
id_953,id_6537,0.3996,False
id_953,id_6466,0.4358,False
id_953,id_953,0.6264,True
id_953,id_953,0.6103,True
id_953,id_953,0.4326,True
id_953,id_9441,0.3763,False
id_953,id_953,0.6764,True
id_953,id_953,0.4142,True
id_953,id_6537,0.3996,False
id_953,id_953,0.5874,True
id_953,id_953,0.5495,True
id_953,id_953,0.3915,True
id_953,id_953,0.5858,True
id_953,id_7947,0.3827,False
id_953,id_953,0.6103,True
id_953,id_953,0.4236,True
id_953,id_5956,0.4391,False
id_953,id_953,0.5409,True
id_953,id_953,0.6129,True
id_953,id_10203,0.4249,False
id_953,id_5486,0.4216,False
id_953,id_10464,0.3762,False
id_953,id_2141,0.4317,False
id_953,id_953,0.3448,True
id_953,id_953,0.5058,True
id_953,id_953,0.6301,True
id_953,id_953,0.5686,True
id_953,id_953,0.4783,True
id_953,id_953,0.6668,True
id_953,id_953,0.5433,True
id_953,id_953,0.6133,True
id_953,id_953,0.5072,True
id_953,id_953,0.5429,True
id_953,id_953,0.3804,True
id_953,id_953,0.4661,True
id_953,id_9694,0.3994,False
id_953,id_953,0.6261,True
id_953,id_953,0.5950,True
id_953,id_953,0.4244,True
id_953,id_953,0.6393,True
id_6453,id_6453,0.4380,True
id_6453,id_6453,0.4415,True
id_6453,id_6556,0.2964,False
id_6453,id_7474,0.3858,False
id_6453,id_2645,0.3945,False
id_6453,id_1027,0.4041,False
id_6453,id_1612,0.3711,False
id_6453,id_2867,0.3413,False
id_7427,id_7427,0.5193,True
id_7427,id_7427,0.4842,True
id_7427,id_7427,0.6134,True
id_7427,id_7427,0.7025,True
id_7427,id_7427,0.7010,True
id_7427,id_7427,0.6138,True
id_7427,id_7427,0.6728,True
id_7427,id_7427,0.6163,True
id_7427,id_4897,0.4239,False
id_7427,id_7427,0.5802,True
id_7427,id_7427,0.5462,True
id_7427,id_7427,0.4721,True
id_7427,id_7427,0.4574,True
id_7427,id_7427,0.5551,True
id_7427,id_7427,0.6683,True
id_3157,id_3456,0.3927,False
id_3157,id_3157,0.5266,True
id_3157,id_3157,0.6193,True
id_3157,id_5520,0.3259,False
id_3157,id_3157,0.5562,True
id_3157,id_3157,0.4497,True
id_3157,id_1535,0.3830,False
id_3157,id_3157,0.5497,True
id_3157,id_7703,0.4071,False
id_3157,id_3157,0.6407,True
id_3157,id_3157,0.4145,True
id_3157,id_7470,0.4212,False
id_3157,id_3773,0.4971,False
id_3157,id_6013,0.4584,False
id_248,id_476,0.4567,False
id_248,id_3926,0.4274,False
id_248,id_248,0.5096,True
id_248,id_248,0.4982,True
id_248,id_248,0.4475,True
id_248,id_248,0.5676,True
id_248,id_248,0.4074,True
id_248,id_248,0.5117,True
id_248,id_8781,0.3644,False
id_248,id_248,0.5878,True
id_248,id_248,0.5062,True
id_248,id_248,0.4347,True
id_248,id_248,0.5428,True
id_248,id_248,0.5327,True
id_248,id_8685,0.3896,False
id_248,id_5043,0.4809,False
id_248,id_4006,0.3887,False
id_248,id_248,0.4455,True
id_248,id_1724,0.4233,False
id_248,id_248,0.5113,True
id_248,id_248,0.4620,True
id_248,id_248,0.5265,True
id_248,id_248,0.5687,True
id_248,id_248,0.5107,True
id_248,id_248,0.4815,True
id_248,id_248,0.5779,True
id_248,id_248,0.5088,True
id_248,id_1913,0.4132,False
id_248,id_248,0.4956,True
id_248,id_248,0.4949,True
id_248,id_5010,0.4627,False
id_248,id_248,0.6099,True
id_248,id_248,0.5661,True
id_248,id_9171,0.4442,False
id_10023,id_9271,0.3853,False
id_10023,id_10023,0.6607,True
id_10023,id_7451,0.4975,False
id_10023,id_10023,0.6230,True
id_10023,id_10023,0.5491,True
id_10023,id_10023,0.5097,True
id_10023,id_10023,0.5417,True
id_10023,id_9931,0.3366,False
id_10023,id_10023,0.5830,True
id_10023,id_10023,0.5801,True
id_10023,id_5314,0.4328,False
id_10023,id_2500,0.3773,False
id_10023,id_7451,0.5189,False
id_10023,id_10023,0.4715,True
id_10023,id_10023,0.6290,True
id_9891,id_9891,0.5409,True
id_9891,id_9891,0.4232,True
id_9891,id_7524,0.3906,False
id_9891,id_9891,0.6152,True
id_9891,id_738,0.3938,False
id_9891,id_5988,0.3508,False
id_4247,id_4247,0.4558,True
id_4247,id_4247,0.3963,True
id_4247,id_4247,0.4253,True
id_4247,id_10048,0.4241,False
id_4247,id_4247,0.5038,True
id_4247,id_9550,0.4257,False
id_4247,id_3589,0.4532,False
id_2950,id_2950,0.6845,True
id_2950,id_2950,0.6211,True
id_2950,id_2950,0.5237,True
id_2950,id_2950,0.3617,True
id_2950,id_2950,0.6036,True
id_2950,id_10021,0.3422,False
id_2950,id_4619,0.3577,False
id_2950,id_7554,0.3760,False
id_693,id_693,0.4676,True
id_693,id_8975,0.2579,False
id_693,id_693,0.6161,True
id_693,id_693,0.5897,True
id_693,id_693,0.4927,True
id_693,id_693,0.6623,True
id_693,id_693,0.5576,True
id_693,id_4459,0.3410,False
id_693,id_10468,0.4653,False
id_693,id_9508,0.4619,False
id_693,id_693,0.5412,True
id_693,id_693,0.5164,True
id_693,id_693,0.5205,True
id_693,id_693,0.6492,True
id_693,id_693,0.4302,True
id_693,id_693,0.5533,True
id_693,id_8088,0.4224,False
id_693,id_2134,0.2887,False
id_693,id_693,0.5839,True
id_693,id_693,0.6898,True
id_693,id_693,0.4264,True
id_693,id_693,0.5791,True
id_693,id_693,0.4202,True
id_693,id_693,0.4729,True
id_693,id_693,0.5858,True
id_693,id_693,0.6304,True
id_693,id_693,0.4659,True
id_693,id_693,0.5752,True
id_693,id_693,0.5771,True
id_693,id_693,0.7468,True
id_693,id_693,0.6599,True
id_693,id_693,0.5749,True
id_693,id_693,0.4714,True
id_693,id_693,0.6582,True
id_693,id_5988,0.3259,False
id_693,id_693,0.5633,True
id_693,id_693,0.5912,True
id_693,id_693,0.5000,True
id_693,id_5441,0.3595,False
id_693,id_693,0.7344,True
id_693,id_9427,0.3193,False
id_693,id_693,0.5634,True
id_693,id_693,0.4011,True
id_693,id_693,0.5610,True
id_693,id_693,0.6631,True
id_693,id_8641,0.4727,False
id_693,id_693,0.3989,True
id_693,id_693,0.6598,True
id_693,id_693,0.5591,True
id_693,id_693,0.5924,True
id_693,id_693,0.5608,True
id_693,id_693,0.7642,True
id_693,id_693,0.4664,True
id_693,id_1936,0.4552,False
id_693,id_693,0.5909,True
id_693,id_693,0.5832,True
id_693,id_693,0.5828,True
id_693,id_693,0.7039,True
id_693,id_2103,0.3931,False
id_693,id_693,0.5729,True
id_693,id_693,0.4628,True
id_693,id_3750,0.4897,False
id_693,id_2480,0.3410,False
id_693,id_8088,0.2986,False
id_693,id_693,0.7105,True
id_693,id_693,0.6540,True
id_693,id_693,0.5944,True
id_693,id_2369,0.3524,False
id_693,id_693,0.7908,True
id_693,id_693,0.7507,True
id_693,id_693,0.7171,True
id_693,id_693,0.4700,True
id_693,id_693,0.6309,True
id_693,id_693,0.5529,True
id_693,id_693,0.7170,True
id_693,id_693,0.4692,True
id_693,id_693,0.5062,True
id_693,id_5756,0.4182,False
id_693,id_693,0.5778,True
id_693,id_693,0.4823,True
id_693,id_693,0.6988,True
id_693,id_693,0.6139,True
id_693,id_693,0.6979,True
id_693,id_693,0.6515,True
id_693,id_693,0.6019,True
id_693,id_693,0.5722,True
id_693,id_693,0.4744,True
id_693,id_10518,0.3935,False
id_693,id_693,0.4768,True
id_693,id_693,0.6218,True
id_693,id_649,0.3516,False
id_693,id_693,0.5801,True
id_693,id_693,0.4635,True
id_693,id_693,0.6142,True
id_693,id_693,0.5249,True
id_693,id_693,0.5321,True
id_693,id_693,0.6167,True
id_693,id_6314,0.5023,False
id_693,id_693,0.6413,True
id_693,id_693,0.7005,True
id_693,id_693,0.6153,True
id_693,id_693,0.7060,True
id_693,id_693,0.6067,True
id_693,id_693,0.6453,True
id_693,id_8641,0.4353,False
id_693,id_693,0.5861,True
id_693,id_693,0.7290,True
id_693,id_693,0.6033,True
id_693,id_693,0.6208,True
id_693,id_693,0.5400,True
id_693,id_693,0.7848,True
id_693,id_693,0.4239,True
id_693,id_693,0.3968,True
id_693,id_693,0.4429,True
id_693,id_693,0.5446,True
id_693,id_693,0.5682,True
id_693,id_693,0.6663,True
id_693,id_693,0.5683,True
id_693,id_693,0.5038,True
id_693,id_693,0.6422,True
id_693,id_4670,0.3110,False
id_693,id_693,0.5331,True
id_693,id_693,0.7608,True
id_693,id_1885,0.5258,False
id_693,id_4634,0.5230,False
id_693,id_693,0.7279,True
id_693,id_693,0.4919,True
id_693,id_693,0.5025,True
id_693,id_693,0.7627,True
id_693,id_693,0.3859,True
id_693,id_693,0.7121,True
id_693,id_693,0.5544,True
id_693,id_693,0.4820,True
id_693,id_693,0.6481,True
id_693,id_693,0.7725,True
id_693,id_693,0.6316,True
id_693,id_6313,0.3284,False
id_693,id_7218,0.3480,False
id_693,id_693,0.5866,True
id_693,id_693,0.6768,True
id_693,id_693,0.6415,True
id_693,id_9988,0.3407,False
id_693,id_693,0.6490,True
id_693,id_693,0.6072,True
id_693,id_693,0.6003,True
id_693,id_693,0.7436,True
id_693,id_693,0.7317,True
id_693,id_693,0.7543,True
id_693,id_693,0.5647,True
id_693,id_693,0.6147,True
id_693,id_693,0.4858,True
id_10518,id_10518,0.6660,True
id_10518,id_10518,0.7353,True
id_10518,id_7427,0.3831,False
id_10518,id_6453,0.2988,False
id_10518,id_10518,0.5579,True
id_10518,id_3646,0.3997,False
id_10518,id_8414,0.3633,False
id_10518,id_10518,0.7295,True
id_10518,id_10048,0.4194,False
id_7413,id_6430,0.4370,False
id_7413,id_7413,0.6092,True
id_7413,id_3153,0.4744,False
id_7413,id_4984,0.4883,False
id_7413,id_7413,0.5986,True
id_7413,id_7413,0.6583,True
id_7413,id_7413,0.5609,True
id_7413,id_7413,0.6669,True
id_7443,id_7443,0.6579,True
id_7443,id_7443,0.5623,True
id_7443,id_6363,0.4062,False
id_7443,id_4630,0.3643,False
id_7443,id_9946,0.4208,False
id_7443,id_4542,0.3565,False
id_7443,id_7443,0.5052,True
id_7443,id_7443,0.5610,True
id_7443,id_7443,0.5362,True
id_7443,id_7443,0.4997,True
id_3794,id_3831,0.4034,False
id_3794,id_7403,0.4508,False
id_3794,id_2913,0.4350,False
id_3794,id_2730,0.3088,False
id_6278,id_3195,0.3500,False
id_6278,id_3251,0.3554,False
id_6278,id_9139,0.4298,False
id_6278,id_5206,0.2453,False
id_6278,id_5827,0.4238,False
id_6278,id_834,0.3525,False
id_6278,id_10464,0.4501,False
id_8437,id_10232,0.4014,False
id_8437,id_5472,0.4605,False
id_8437,id_9393,0.3789,False
id_8437,id_7089,0.3606,False
id_8437,id_8437,0.5554,True
id_8437,id_4825,0.4501,False
id_8437,id_9393,0.4033,False
id_8437,id_7524,0.4399,False
id_8437,id_1597,0.3995,False
id_8437,id_4938,0.4446,False
id_8437,id_8437,0.4304,True
id_2741,id_4358,0.2737,False
id_2741,id_8021,0.4483,False
id_2741,id_2741,0.6269,True
id_2741,id_2741,0.5038,True
id_2741,id_2741,0.7490,True
id_2741,id_2741,0.6471,True
id_2741,id_6288,0.4625,False
id_2741,id_10419,0.4970,False
id_2741,id_7019,0.4257,False
id_2741,id_2741,0.5633,True
id_2741,id_2741,0.5465,True
id_2741,id_6288,0.4446,False
id_2741,id_2741,0.8217,True
id_2741,id_2741,0.4493,True
id_2741,id_4317,0.4824,False
id_2741,id_4880,0.3157,False
id_2741,id_7019,0.4801,False
id_2741,id_2741,0.7451,True
id_2741,id_2741,0.6220,True
id_2741,id_2741,0.8087,True
id_2741,id_2741,0.7742,True
id_2741,id_2741,0.7074,True
id_2741,id_2741,0.6191,True
id_2741,id_2741,0.6667,True
id_2724,id_2724,0.7234,True
id_2724,id_2724,0.5437,True
id_2724,id_2724,0.6569,True
id_2724,id_2724,0.8307,True
id_2724,id_2724,0.5697,True
id_2724,id_2724,0.6611,True
id_2724,id_3397,0.4405,False
id_2724,id_6809,0.4637,False
id_2724,id_2724,0.4450,True
id_2724,id_2724,0.6283,True
id_2724,id_2724,0.6320,True
id_2724,id_2724,0.6557,True
id_2724,id_2724,0.5985,True
id_10498,id_10498,0.7186,True
id_10498,id_10498,0.6079,True
id_10498,id_10498,0.5323,True
id_10498,id_5999,0.3146,False
id_10498,id_10498,0.7608,True
id_10498,id_5714,0.4397,False
id_10498,id_10498,0.6976,True
id_10498,id_10498,0.7615,True
id_10506,id_10232,0.3469,False
id_10506,id_6594,0.4332,False
id_10506,id_10506,0.4675,True
id_10506,id_10506,0.4566,True
id_10506,id_7925,0.3731,False
id_10506,id_5956,0.3597,False
id_10506,id_9766,0.4075,False
id_10506,id_10506,0.4105,True
id_8472,id_4716,0.4028,False
id_8472,id_9447,0.4532,False
id_8472,id_4716,0.3842,False
id_8472,id_8613,0.3255,False
id_8472,id_3541,0.3359,False
id_7806,id_7385,0.5820,False
id_7806,id_7806,0.5483,True
id_7806,id_7806,0.6201,True
id_7806,id_7385,0.5662,False
id_7806,id_7806,0.6651,True
id_7806,id_7806,0.7202,True
id_7806,id_7806,0.6504,True
id_7806,id_8863,0.5063,False
id_1388,id_1388,0.5385,True
id_1388,id_5202,0.4674,False
id_1388,id_1388,0.4994,True
id_1388,id_1388,0.5951,True
id_1388,id_1388,0.4210,True
id_1388,id_1388,0.6577,True
id_1388,id_1388,0.6393,True
id_1388,id_1388,0.5212,True
id_1388,id_1388,0.5588,True
id_1388,id_1388,0.4956,True
id_1388,id_1388,0.6742,True
id_1388,id_1388,0.4773,True
id_1388,id_1388,0.4669,True
id_1388,id_1388,0.5457,True
id_1388,id_2663,0.4595,False
id_1388,id_2439,0.3452,False
id_1388,id_5548,0.3247,False
id_1388,id_1262,0.5552,False
id_1388,id_1388,0.6443,True
id_1388,id_1388,0.5375,True
id_1388,id_9905,0.4688,False
id_1388,id_1388,0.7436,True
id_1388,id_5033,0.4280,False
id_1388,id_8380,0.3496,False
id_1388,id_1388,0.6681,True
id_1388,id_1388,0.6320,True
id_1388,id_1388,0.4679,True
id_1388,id_1388,0.4297,True
id_1388,id_2867,0.4891,False
id_1388,id_1388,0.4043,True
id_1388,id_1388,0.6642,True
id_1388,id_1388,0.6171,True
id_1388,id_1388,0.5858,True
id_1388,id_1388,0.5751,True
id_1388,id_5429,0.3598,False
id_1388,id_8206,0.3378,False
id_1388,id_1388,0.3967,True
id_1388,id_1388,0.3375,True
id_1388,id_1465,0.3919,False
id_1388,id_1388,0.6433,True
id_1388,id_1388,0.6595,True
id_1388,id_1388,0.5811,True
id_1388,id_9530,0.3701,False
id_1388,id_1388,0.6387,True
id_1227,id_1227,0.4362,True
id_1227,id_90,0.3071,False
id_1227,id_2646,0.4053,False
id_1227,id_1227,0.5603,True
id_1227,id_10500,0.3331,False
id_1227,id_1227,0.4096,True
id_1227,id_1227,0.6597,True
id_1227,id_1227,0.3783,True
id_1227,id_1227,0.6332,True
id_1227,id_2646,0.4053,False
id_1227,id_1227,0.5152,True
id_1227,id_1227,0.5315,True
id_3569,id_3569,0.5414,True
id_3569,id_3569,0.5007,True
id_3569,id_9271,0.3370,False
id_3569,id_6213,0.4649,False
id_3569,id_6523,0.5305,False
id_3569,id_3569,0.5718,True
id_3569,id_221,0.4713,False
id_2354,id_2354,0.4302,True
id_2354,id_2354,0.5660,True
id_2354,id_2354,0.6228,True
id_2354,id_2520,0.4483,False
id_2354,id_2354,0.4923,True
id_2354,id_4716,0.4150,False
id_2354,id_2354,0.5551,True
id_5836,id_5836,0.5259,True
id_5836,id_5836,0.4851,True
id_5836,id_5836,0.5629,True
id_5836,id_5836,0.4892,True
id_5836,id_5836,0.5557,True
id_5836,id_5836,0.4381,True
id_5836,id_5836,0.4754,True
id_5836,id_6363,0.3367,False
id_1021,id_6731,0.3408,False
id_1021,id_1021,0.5299,True
id_1021,id_414,0.3587,False
id_1021,id_5689,0.3666,False
id_1021,id_4317,0.3734,False
id_1021,id_1021,0.5999,True
id_1001,id_1001,0.3691,True
id_1001,id_476,0.5071,False
id_1001,id_1001,0.5555,True
id_1001,id_1001,0.5036,True
id_1001,id_1001,0.5126,True
id_1001,id_1001,0.5941,True
id_1001,id_1001,0.5702,True
id_1001,id_1001,0.5648,True
id_1001,id_1001,0.5394,True
id_1001,id_556,0.3396,False
id_1001,id_1001,0.4421,True
id_1001,id_1001,0.3708,True
id_1001,id_1627,0.3510,False
id_1001,id_1388,0.3737,False
id_1001,id_1001,0.6126,True
id_1001,id_1001,0.5393,True
id_397,id_1514,0.4711,False
id_397,id_397,0.5501,True
id_397,id_10023,0.4927,False
id_397,id_4086,0.3593,False
id_397,id_10288,0.4175,False
id_397,id_397,0.5959,True
id_397,id_5018,0.5008,False
id_397,id_397,0.4739,True
id_397,id_4667,0.3149,False
id_397,id_397,0.3989,True
id_397,id_7149,0.4550,False
id_397,id_397,0.5206,True
id_397,id_5419,0.4105,False
id_397,id_397,0.5261,True
id_397,id_7888,0.3520,False
id_397,id_4893,0.5365,False
id_397,id_397,0.5527,True
id_397,id_9051,0.4601,False
id_397,id_397,0.3515,True
id_397,id_7888,0.3567,False
id_397,id_397,0.6722,True
id_397,id_397,0.4758,True
id_397,id_397,0.5645,True
id_397,id_397,0.5929,True
id_397,id_5223,0.4358,False
id_397,id_397,0.5476,True
id_397,id_397,0.6310,True
id_397,id_397,0.5925,True
id_397,id_25,0.4627,False
id_397,id_397,0.4318,True
id_397,id_397,0.5695,True
id_397,id_397,0.6303,True
id_397,id_397,0.5044,True
id_7494,id_1400,0.3565,False
id_7494,id_8531,0.5201,False
id_7494,id_7494,0.6785,True
id_7494,id_6523,0.4244,False
id_7494,id_7494,0.5487,True
id_7494,id_6882,0.4377,False
id_7494,id_10518,0.4115,False
id_7494,id_7494,0.6506,True
id_7494,id_7494,0.6651,True
id_5981,id_4726,0.4124,False
id_5981,id_4667,0.3963,False
id_5981,id_2312,0.4435,False
id_5981,id_5981,0.6046,True
id_5981,id_7389,0.3761,False
id_5981,id_5981,0.4966,True
id_5981,id_5981,0.5033,True
id_3855,id_8677,0.3801,False
id_3855,id_3855,0.4730,True
id_3855,id_3855,0.3947,True
id_3855,id_3855,0.6467,True
id_3855,id_3855,0.4747,True
id_3855,id_3855,0.4393,True
id_3855,id_3855,0.6292,True
id_3855,id_7506,0.4443,False
id_3855,id_3855,0.6993,True
id_3855,id_3855,0.5586,True
id_3855,id_3855,0.5439,True
id_3855,id_369,0.3470,False
id_7917,id_7917,0.6730,True
id_7917,id_7917,0.5328,True
id_7917,id_7917,0.6303,True
id_7917,id_7917,0.6530,True
id_7917,id_7917,0.6026,True
id_7917,id_7917,0.4860,True
id_7917,id_7917,0.5749,True
id_7917,id_7917,0.6099,True
id_7917,id_7917,0.4126,True
id_7917,id_3397,0.4594,False
id_9946,id_9946,0.7184,True
id_9946,id_9946,0.5789,True
id_9946,id_9946,0.6021,True
id_9946,id_9946,0.4775,True
id_9946,id_9946,0.6041,True
id_9946,id_9946,0.6441,True
id_9946,id_9946,0.6578,True
id_9946,id_2361,0.3895,False
id_9946,id_5934,0.4587,False
id_8027,id_9517,0.4438,False
id_8027,id_8027,0.4110,True
id_8027,id_8027,0.5758,True
id_8027,id_8027,0.3176,True
id_8027,id_8027,0.4232,True
id_8027,id_4285,0.4525,False
id_8027,id_3415,0.3283,False
id_8027,id_7967,0.5154,False
id_5066,id_5066,0.6128,True
id_5066,id_5066,0.4292,True
id_5066,id_6288,0.5228,False
id_5066,id_5066,0.5249,True
id_5066,id_5066,0.5338,True
id_5066,id_4317,0.5446,False
id_5066,id_5066,0.6759,True
id_5066,id_5066,0.5585,True
id_5066,id_873,0.3936,False
id_5066,id_5066,0.7017,True
id_5066,id_5066,0.4692,True
id_5066,id_5066,0.6767,True
id_5066,id_7069,0.4513,False
id_5066,id_5066,0.4728,True
id_5066,id_2287,0.3889,False
id_5066,id_5066,0.5576,True
id_5066,id_5066,0.5079,True
id_6523,id_6523,0.4467,True
id_6523,id_9809,0.3943,False
id_6523,id_6523,0.6485,True
id_6523,id_6523,0.6527,True
id_6523,id_10482,0.4512,False
id_6523,id_6523,0.7203,True
id_6523,id_6523,0.6156,True
id_6523,id_6523,0.5927,True
id_4492,id_4492,0.4573,True
id_4492,id_1597,0.3839,False
id_4492,id_4492,0.5399,True
id_4492,id_4492,0.5620,True
id_4492,id_2670,0.4166,False
id_4492,id_5509,0.4828,False
id_4492,id_9259,0.4505,False
id_4492,id_4492,0.4698,True
id_4492,id_4492,0.3928,True
id_4492,id_4492,0.5874,True
id_3538,id_10135,0.4808,False
id_3538,id_3538,0.6224,True
id_3538,id_3538,0.4512,True
id_3538,id_8243,0.3802,False
id_3538,id_3538,0.5076,True
id_3538,id_3538,0.3245,True
id_3538,id_3538,0.6209,True
id_3538,id_3538,0.5386,True
id_3538,id_3538,0.5554,True
id_3538,id_3538,0.4679,True
id_3538,id_3538,0.6111,True
id_3538,id_3538,0.7209,True
id_3538,id_3538,0.5231,True
id_3538,id_3538,0.4826,True
id_3538,id_3538,0.6704,True
id_3538,id_3538,0.4044,True
id_3341,id_3341,0.7044,True
id_3341,id_3341,0.6810,True
id_3341,id_3341,0.4904,True
id_3341,id_3341,0.6936,True
id_3341,id_3341,0.5906,True
id_3341,id_3341,0.3924,True
id_3341,id_3341,0.6787,True
id_3341,id_3341,0.6540,True
id_3341,id_3341,0.7128,True
id_3341,id_3341,0.6122,True
id_3341,id_3341,0.6553,True
id_3341,id_3341,0.4350,True
id_3341,id_3341,0.6294,True
id_3341,id_3341,0.6977,True
id_3341,id_3341,0.5011,True
id_3341,id_3341,0.7591,True
id_3341,id_3341,0.7686,True
id_3341,id_3341,0.7790,True
id_3341,id_1597,0.4741,False
id_3341,id_3341,0.7421,True
id_3341,id_3341,0.4822,True
id_3341,id_3341,0.7600,True
id_3341,id_3341,0.6010,True
id_8486,id_169,0.4669,False
id_8486,id_9033,0.4572,False
id_8486,id_9931,0.3353,False
id_8486,id_10289,0.4209,False
id_8486,id_3735,0.4126,False
id_8486,id_2881,0.4989,False
id_8486,id_2303,0.3601,False
id_4819,id_4819,0.6487,True
id_4819,id_4819,0.5743,True
id_4819,id_4567,0.3896,False
id_4819,id_4819,0.5675,True
id_4819,id_4819,0.4278,True
id_4819,id_342,0.4845,False
id_4819,id_4819,0.4279,True
id_4819,id_4819,0.6215,True
id_4819,id_4819,0.5010,True
id_4819,id_4819,0.6476,True
id_4819,id_4819,0.6236,True
id_4938,id_4938,0.5327,True
id_4938,id_4938,0.4845,True
id_4938,id_162,0.3967,False
id_4938,id_4938,0.4897,True
id_4938,id_9166,0.4800,False
id_4938,id_5038,0.4423,False
id_4938,id_4938,0.6015,True
id_4938,id_4938,0.4970,True
id_4938,id_5038,0.3642,False
id_4938,id_4938,0.4937,True
id_4938,id_4938,0.4326,True
id_4938,id_4938,0.4345,True
id_4938,id_3866,0.4864,False
id_4938,id_4938,0.6015,True
id_4938,id_4938,0.7231,True
id_4938,id_4938,0.7201,True
id_4938,id_2701,0.3358,False
id_891,id_8301,0.3945,False
id_891,id_891,0.5543,True
id_891,id_6423,0.4793,False
id_891,id_891,0.2781,True
id_891,id_891,0.5530,True
id_891,id_10289,0.3127,False
id_891,id_891,0.3294,True
id_891,id_891,0.3754,True
id_891,id_6540,0.4486,False
id_891,id_4075,0.3783,False
id_891,id_891,0.5186,True
id_891,id_891,0.3997,True
id_891,id_1981,0.4490,False
id_891,id_8183,0.3714,False
id_891,id_891,0.5464,True
id_891,id_1765,0.3700,False
id_891,id_891,0.3506,True
id_891,id_4455,0.3993,False
id_891,id_8641,0.3520,False
id_891,id_2646,0.3763,False
id_891,id_891,0.4846,True
id_891,id_891,0.4983,True
id_891,id_891,0.4787,True
id_891,id_701,0.3691,False
id_891,id_891,0.4707,True
id_891,id_7380,0.4297,False
id_891,id_891,0.3861,True
id_891,id_6062,0.3383,False
id_891,id_891,0.3909,True
id_891,id_9046,0.4005,False
id_891,id_891,0.3902,True
id_891,id_891,0.4821,True
id_8035,id_8035,0.5728,True
id_8035,id_8035,0.4179,True
id_8035,id_1755,0.3698,False
id_8035,id_2361,0.4603,False
id_8035,id_8035,0.6342,True
id_8035,id_8035,0.4205,True
id_8035,id_2689,0.3431,False
id_8035,id_6013,0.3227,False
id_8035,id_8035,0.4584,True
id_8035,id_4820,0.3509,False
id_8035,id_6221,0.3640,False
id_8035,id_8035,0.7407,True
id_8035,id_8035,0.6106,True
id_8035,id_8035,0.4777,True
id_8035,id_8035,0.4269,True
id_8035,id_8035,0.6717,True
id_8035,id_8035,0.4612,True
id_8035,id_541,0.4664,False
id_2246,id_4436,0.4376,False
id_2246,id_6139,0.4120,False
id_2246,id_2246,0.6058,True
id_2246,id_7427,0.4378,False
id_2246,id_3589,0.3240,False
id_2246,id_2246,0.5384,True
id_2246,id_239,0.3693,False
id_8604,id_8604,0.7512,True
id_8604,id_8604,0.4626,True
id_8604,id_8604,0.6763,True
id_8604,id_8604,0.6741,True
id_8604,id_8637,0.4676,False
id_8604,id_8604,0.6576,True
id_8604,id_8604,0.6530,True
id_8604,id_6566,0.4849,False
id_8604,id_7079,0.3556,False
id_8604,id_8604,0.4241,True
id_8604,id_556,0.5032,False
id_8604,id_8604,0.4767,True
id_8604,id_8604,0.5117,True
id_5550,id_5550,0.4473,True
id_5550,id_5550,0.6043,True
id_5550,id_5550,0.4658,True
id_5550,id_5550,0.4168,True
id_5550,id_5550,0.5298,True
id_5550,id_5550,0.4462,True
id_5550,id_5550,0.5698,True
id_5550,id_5550,0.5509,True
id_5550,id_5550,0.4389,True
id_5550,id_6779,0.3239,False
id_5550,id_5550,0.5489,True
id_5550,id_5550,0.4331,True
id_5550,id_5550,0.4688,True
id_5550,id_5550,0.4805,True
id_5550,id_8972,0.4900,False
id_3541,id_3541,0.5728,True
id_3541,id_3541,0.6596,True
id_3541,id_3541,0.6348,True
id_3541,id_8870,0.5134,False
id_3541,id_3736,0.3737,False
id_3541,id_3541,0.4696,True
id_3541,id_10518,0.5356,False
id_3541,id_1597,0.4550,False
id_2480,id_2480,0.5596,True
id_2480,id_5794,0.4620,False
id_2480,id_2480,0.6068,True
id_2480,id_2480,0.5744,True
id_2480,id_2480,0.5978,True
id_2480,id_2480,0.4421,True
id_2480,id_1540,0.5044,False
id_2480,id_3916,0.4160,False
id_2480,id_8604,0.4583,False
id_2480,id_2480,0.5663,True
id_2480,id_2833,0.3945,False
id_2480,id_4567,0.4624,False
id_2480,id_2480,0.5203,True
id_2480,id_4984,0.3363,False
id_2480,id_6062,0.3724,False
id_2480,id_2480,0.4880,True
id_2480,id_2480,0.4664,True
id_2480,id_10540,0.3828,False
id_2480,id_7413,0.5338,False
id_9171,id_9171,0.3911,True
id_9171,id_10482,0.4872,False
id_9171,id_8482,0.4928,False
id_9171,id_9171,0.6679,True
id_9171,id_8685,0.4239,False
id_9171,id_9171,0.4875,True
id_9171,id_9171,0.4084,True
id_9171,id_9171,0.5766,True
id_9171,id_9171,0.5527,True
id_9171,id_9171,0.6548,True
id_9171,id_9171,0.5766,True
id_9171,id_9171,0.4701,True
id_9171,id_9171,0.5703,True
id_9171,id_9230,0.4095,False
id_9171,id_2726,0.3406,False
id_9171,id_9171,0.4637,True
id_9171,id_7678,0.4880,False
id_7772,id_7772,0.7303,True
id_7772,id_2947,0.3262,False
id_7772,id_7772,0.7649,True
id_7772,id_7772,0.4939,True
id_7772,id_6001,0.3072,False
id_7772,id_7772,0.5631,True
id_7772,id_7772,0.4644,True
id_7772,id_7484,0.3489,False
id_7772,id_7772,0.5251,True
id_7772,id_7772,0.6666,True
id_7772,id_5235,0.4441,False
id_7772,id_7772,0.3710,True
id_6213,id_470,0.3853,False
id_6213,id_6213,0.5884,True
id_6213,id_6213,0.5496,True
id_6213,id_6213,0.5567,True
id_6213,id_6159,0.3664,False
id_6213,id_6213,0.3974,True
id_6213,id_6213,0.6450,True
id_6213,id_6213,0.4706,True
id_6213,id_4541,0.4525,False
id_6213,id_6213,0.6921,True
id_6213,id_6213,0.5292,True
id_6213,id_6213,0.4083,True
id_6213,id_3735,0.4227,False
id_6213,id_7092,0.4346,False
id_6213,id_10313,0.3606,False
id_6213,id_6213,0.5620,True
id_6213,id_8627,0.4731,False
id_6213,id_6213,0.4048,True
id_6213,id_252,0.3600,False
id_6213,id_7554,0.3938,False
id_6213,id_6213,0.5786,True
id_6213,id_6560,0.3335,False
id_6213,id_6213,0.6317,True
id_6213,id_2629,0.3668,False
id_6213,id_2170,0.4351,False
id_6213,id_6213,0.4863,True
id_6213,id_3281,0.4990,False
id_6213,id_6213,0.4889,True
id_6213,id_6560,0.3335,False
id_6213,id_6213,0.5356,True
id_6213,id_2439,0.4950,False
id_9099,id_3517,0.4094,False
id_9099,id_9694,0.3156,False
id_9099,id_9099,0.7038,True
id_9099,id_9099,0.3620,True
id_9099,id_9099,0.6960,True
id_9099,id_9099,0.5972,True
id_9099,id_9099,0.7201,True
id_8764,id_8764,0.6995,True
id_8764,id_8764,0.6397,True
id_8764,id_5956,0.4499,False
id_8764,id_7166,0.4291,False
id_8764,id_10571,0.4464,False
id_8764,id_8764,0.4242,True
id_8764,id_8764,0.4156,True
id_8764,id_8764,0.4963,True
id_8764,id_5934,0.3887,False
id_8764,id_8764,0.4796,True
id_8764,id_4317,0.3843,False
id_8764,id_8764,0.5271,True
id_8764,id_10206,0.2510,False
id_8764,id_6816,0.4398,False
id_8764,id_8764,0.5882,True
id_3736,id_3736,0.3570,True
id_3736,id_186,0.3991,False
id_3736,id_3736,0.4721,True
id_3736,id_6254,0.3018,False
id_3736,id_1597,0.3429,False
id_3736,id_7809,0.2465,False
id_7879,id_7879,0.4912,True
id_7879,id_6779,0.3911,False
id_7879,id_7879,0.5692,True
id_7879,id_7879,0.5997,True
id_7879,id_3106,0.3438,False
id_7879,id_7879,0.4381,True
id_7879,id_7879,0.4766,True
id_7879,id_7733,0.3009,False
id_7879,id_1612,0.3245,False
id_6637,id_7916,0.3707,False
id_6637,id_6637,0.5108,True
id_6637,id_6637,0.6355,True
id_6637,id_6637,0.6568,True
id_6637,id_8622,0.4027,False
id_6637,id_6637,0.5154,True
id_6637,id_6637,0.4540,True
id_6637,id_6637,0.4809,True
id_6637,id_3497,0.3946,False
id_6056,id_5988,0.3930,False
id_6056,id_8482,0.4951,False
id_6056,id_5422,0.4626,False
id_6056,id_6056,0.4312,True
id_6056,id_5198,0.3946,False
id_6056,id_793,0.3881,False
id_6056,id_1724,0.4770,False
id_6056,id_6056,0.5248,True
id_6056,id_6056,0.4715,True
id_6056,id_5251,0.4737,False
id_6056,id_6056,0.5536,True
id_6056,id_6434,0.3325,False
id_2685,id_7363,0.3836,False
id_2685,id_2685,0.4737,True
id_2685,id_4459,0.4648,False
id_2685,id_7380,0.3231,False
id_2685,id_1824,0.2944,False
id_2685,id_4834,0.3734,False
id_2685,id_2101,0.3281,False
id_2685,id_2685,0.4997,True
id_2685,id_6938,0.3578,False
id_2685,id_5896,0.3687,False
id_2685,id_5441,0.4090,False
id_2685,id_2685,0.4329,True
id_1360,id_3589,0.4438,False
id_1360,id_4598,0.4353,False
id_1360,id_1360,0.5001,True
id_1360,id_1360,0.6025,True
id_1360,id_1360,0.5188,True
id_1360,id_1360,0.4543,True
id_1360,id_1360,0.4011,True
id_1360,id_10541,0.3970,False
id_1360,id_3735,0.3677,False
id_1360,id_10289,0.4507,False
id_1360,id_1360,0.5285,True
id_1360,id_1360,0.6382,True
id_1360,id_1360,0.5153,True
id_1360,id_5896,0.5143,False
id_1360,id_2246,0.4889,False
id_5134,id_5134,0.4506,True
id_5134,id_5058,0.3726,False
id_5134,id_5134,0.6255,True
id_5134,id_7069,0.4421,False
id_5134,id_5134,0.6377,True
id_5134,id_5134,0.7557,True
id_5134,id_9960,0.3713,False
id_5134,id_7554,0.3010,False
id_8418,id_8418,0.6306,True
id_8418,id_8418,0.7034,True
id_8418,id_8418,0.4954,True
id_8418,id_8986,0.4655,False
id_8418,id_9950,0.4052,False
id_8418,id_8418,0.6143,True
id_8418,id_6731,0.4811,False
id_8418,id_8204,0.5131,False
id_8418,id_8418,0.6202,True
id_8418,id_8418,0.6503,True
id_8418,id_9766,0.4957,False
id_8418,id_8418,0.5628,True
id_8418,id_8418,0.4615,True
id_8418,id_8986,0.3555,False
id_8418,id_8418,0.6155,True
id_8418,id_8418,0.5564,True
id_7389,id_8482,0.4649,False
id_7389,id_4751,0.4260,False
id_7389,id_7389,0.6336,True
id_7389,id_7389,0.4628,True
id_7389,id_6284,0.4391,False
id_7389,id_7389,0.5397,True
id_7389,id_5257,0.3552,False
id_7389,id_1761,0.3280,False
id_7389,id_7389,0.6729,True
id_7389,id_7389,0.5060,True
id_7389,id_7389,0.5063,True
id_7389,id_9230,0.4390,False
id_7389,id_4801,0.3142,False
id_7389,id_7389,0.4478,True
id_7389,id_7389,0.5404,True
id_7389,id_10079,0.4614,False
id_7389,id_7389,0.5117,True
id_7389,id_7389,0.4523,True
id_7389,id_9230,0.4286,False
id_7389,id_8021,0.3805,False
id_7389,id_4893,0.4545,False
id_7389,id_7389,0.5746,True
id_7389,id_7389,0.5248,True
id_7389,id_7389,0.6094,True
id_7389,id_6005,0.3805,False
id_7389,id_9181,0.4184,False
id_7389,id_9291,0.4197,False
id_7389,id_7389,0.6000,True
id_7389,id_7389,0.5628,True
id_7389,id_9484,0.5169,False
id_7389,id_7389,0.6694,True
id_7389,id_555,0.4453,False
id_7389,id_7389,0.5937,True
id_7389,id_7389,0.5199,True
id_7389,id_7389,0.6390,True
id_7389,id_7389,0.6346,True
id_7389,id_7389,0.6935,True
id_7389,id_168,0.5387,False
id_7389,id_8531,0.4365,False
id_7389,id_7389,0.4135,True
id_7389,id_7389,0.5805,True
id_7389,id_7389,0.5700,True
id_7389,id_7389,0.5621,True
id_7389,id_7389,0.5673,True
id_7389,id_8021,0.4473,False
id_7389,id_7389,0.5261,True
id_7389,id_9496,0.3086,False
id_7389,id_7389,0.5643,True
id_7389,id_7389,0.6341,True
id_7389,id_7389,0.5496,True
id_7389,id_10482,0.4532,False
id_7389,id_8902,0.3044,False
id_7389,id_7389,0.6228,True
id_7389,id_7389,0.6036,True
id_7389,id_7389,0.5599,True
id_7389,id_7389,0.5536,True
id_7389,id_2751,0.5406,False
id_7389,id_7478,0.4633,False
id_7389,id_7389,0.3691,True
id_7389,id_7389,0.6118,True
id_7389,id_7389,0.5596,True
id_7389,id_7389,0.5740,True
id_7389,id_7389,0.5120,True
id_7389,id_248,0.4512,False
id_7389,id_7389,0.5707,True
id_7389,id_4511,0.4731,False
id_7389,id_7389,0.4573,True
id_7389,id_7062,0.4785,False
id_7389,id_5928,0.4541,False
id_7389,id_8044,0.4181,False
id_7389,id_7389,0.5331,True
id_7389,id_8021,0.4990,False
id_7389,id_5928,0.4905,False
id_7389,id_7389,0.4421,True
id_7389,id_10509,0.4781,False
id_7389,id_10213,0.4669,False
id_7389,id_7389,0.6278,True
id_7389,id_7389,0.6882,True
id_7389,id_7389,0.5090,True
id_7389,id_7389,0.4497,True
id_7389,id_7389,0.5896,True
id_7389,id_7389,0.4629,True
id_7389,id_3877,0.4795,False
id_346,id_99,0.3894,False
id_346,id_2798,0.3488,False
id_346,id_346,0.2777,True
id_346,id_346,0.4929,True
id_346,id_4177,0.4213,False
id_346,id_2287,0.4518,False
id_346,id_346,0.3744,True
id_346,id_3456,0.3612,False
id_346,id_6313,0.3863,False
id_346,id_1321,0.4725,False
id_346,id_5548,0.3491,False
id_346,id_287,0.3275,False
id_346,id_2358,0.3475,False
id_10511,id_10514,0.6746,False
id_10511,id_10514,0.6445,False
id_10511,id_10514,0.5198,False
id_10511,id_10514,0.5247,False
id_10511,id_10514,0.6985,False
id_10511,id_10511,0.4195,True
id_10511,id_10511,0.6166,True
id_10511,id_10514,0.6888,False
id_10511,id_10514,0.7489,False
id_10511,id_10514,0.3455,False
id_10511,id_10514,0.5756,False
id_9794,id_9794,0.6566,True
id_9794,id_9794,0.7950,True
id_9794,id_9794,0.4237,True
id_9794,id_9794,0.6620,True
id_9794,id_8818,0.3762,False
id_9794,id_9794,0.4754,True
id_5895,id_9598,0.4433,False
id_5895,id_8389,0.3441,False
id_5895,id_8870,0.4337,False
id_5895,id_9598,0.4540,False
id_5895,id_5895,0.6065,True
id_5895,id_8613,0.3304,False
id_5895,id_5895,0.4594,True
id_5895,id_5895,0.6014,True
id_5895,id_5895,0.5443,True
id_5895,id_9980,0.3254,False
id_5895,id_5895,0.6719,True
id_5895,id_5948,0.4127,False
id_5895,id_6453,0.3025,False
id_5895,id_5948,0.4127,False
id_5895,id_2950,0.3941,False
id_5895,id_4009,0.4982,False
id_5895,id_2357,0.3780,False
id_5895,id_2357,0.3780,False
id_7149,id_7149,0.4616,True
id_7149,id_7149,0.4950,True
id_7149,id_7149,0.5051,True
id_7149,id_3911,0.4033,False
id_7149,id_4716,0.4806,False
id_7149,id_7149,0.4346,True
id_7149,id_1884,0.3861,False
id_5213,id_5213,0.4053,True
id_5213,id_5213,0.5442,True
id_5213,id_7193,0.3883,False
id_5213,id_5213,0.5352,True
id_5213,id_9379,0.4729,False
id_5213,id_10110,0.4233,False
id_5213,id_5213,0.5761,True
id_5213,id_2287,0.4053,False
id_5213,id_5213,0.6345,True
id_5213,id_5101,0.4707,False
id_6373,id_6373,0.6024,True
id_6373,id_6373,0.5162,True
id_6373,id_6373,0.5140,True
id_6373,id_6373,0.4216,True
id_6373,id_9508,0.3648,False
id_6373,id_8035,0.4841,False
id_6373,id_6373,0.4794,True
id_6373,id_6373,0.5549,True
id_6373,id_6373,0.5212,True
id_6373,id_10246,0.5008,False
id_6373,id_7658,0.4836,False
id_6373,id_6373,0.4201,True
id_6373,id_6373,0.6988,True
id_6373,id_6373,0.6133,True
id_6373,id_6373,0.5168,True
id_6373,id_6373,0.4778,True
id_6373,id_7079,0.4409,False
id_6373,id_6373,0.6402,True
id_6373,id_6373,0.6357,True
id_6373,id_9823,0.4188,False
id_6373,id_6430,0.3177,False
id_6373,id_6373,0.5923,True
id_6373,id_6373,0.6054,True
id_6373,id_6373,0.5895,True
id_6373,id_6373,0.4340,True
id_6373,id_6373,0.5649,True
id_6373,id_1020,0.3594,False
id_6373,id_6373,0.6850,True
id_6373,id_7658,0.3839,False
id_6457,id_8470,0.3763,False
id_6457,id_6611,0.4643,False
id_6457,id_6457,0.4444,True
id_6457,id_5988,0.4292,False
id_6457,id_9766,0.4236,False
id_6457,id_6457,0.4559,True
id_6457,id_4542,0.3594,False
id_6457,id_6833,0.3822,False
id_6457,id_6088,0.4452,False
id_6457,id_6241,0.4586,False
id_6457,id_10571,0.4467,False
id_6457,id_6703,0.4464,False
id_2560,id_4459,0.3822,False
id_2560,id_2560,0.6183,True
id_2560,id_2560,0.7690,True
id_2560,id_2560,0.5397,True
id_2560,id_10152,0.4396,False
id_2560,id_6648,0.3389,False
id_2560,id_2560,0.4415,True
id_2560,id_2560,0.5052,True
id_2560,id_2685,0.3312,False
id_1644,id_1644,0.7054,True
id_1644,id_1644,0.5134,True
id_1644,id_1644,0.5590,True
id_1644,id_1644,0.7088,True
id_1644,id_1644,0.6616,True
id_1644,id_1644,0.4081,True
id_1644,id_953,0.3946,False
id_1644,id_8037,0.4374,False
id_163,id_163,0.4733,True
id_163,id_163,0.5861,True
id_163,id_163,0.6274,True
id_163,id_163,0.5106,True
id_163,id_163,0.5247,True
id_163,id_163,0.4853,True
id_163,id_163,0.5724,True
id_163,id_163,0.6009,True
id_8677,id_7446,0.3732,False
id_8677,id_1674,0.4123,False
id_8677,id_3646,0.3363,False
id_8677,id_3165,0.4063,False
id_8677,id_7451,0.4182,False
id_8677,id_8677,0.3529,True
id_8677,id_9351,0.4635,False
id_8677,id_3257,0.3706,False
id_8677,id_9351,0.3679,False
id_1434,id_1434,0.6637,True
id_1434,id_1434,0.6991,True
id_1434,id_1434,0.4914,True
id_1434,id_1434,0.7669,True
id_1434,id_1434,0.6746,True
id_1434,id_1434,0.4983,True
id_1434,id_1434,0.5785,True
id_1434,id_1434,0.6910,True
id_1434,id_5043,0.3451,False
id_1434,id_2802,0.4153,False
id_1434,id_1434,0.4618,True
id_1434,id_1434,0.6991,True
id_1434,id_1434,0.6426,True
id_1434,id_1434,0.5398,True
id_1434,id_1434,0.6297,True
id_1434,id_1434,0.6855,True
id_1434,id_693,0.2921,False
id_1434,id_1434,0.6419,True
id_1434,id_9695,0.3551,False
id_1434,id_713,0.4670,False
id_1434,id_446,0.3496,False
id_1434,id_1434,0.4525,True
id_1434,id_9393,0.3583,False
id_1434,id_1434,0.6794,True
id_1434,id_1434,0.7096,True
id_1434,id_1434,0.6604,True
id_1434,id_1434,0.7103,True
id_1434,id_1434,0.6859,True
id_1434,id_5869,0.4441,False
id_1434,id_1434,0.7685,True
id_1434,id_1434,0.5672,True
id_1434,id_1434,0.6734,True
id_1434,id_1434,0.4910,True
id_1434,id_1434,0.5355,True
id_1434,id_1434,0.7465,True
id_1434,id_953,0.5231,False
id_1434,id_1434,0.5052,True
id_1434,id_65,0.4289,False
id_1434,id_3855,0.3394,False
id_1434,id_1434,0.6841,True
id_1434,id_1434,0.6484,True
id_1434,id_1434,0.5096,True
id_1434,id_1434,0.5053,True
id_1434,id_1434,0.6886,True
id_1434,id_1434,0.6567,True
id_1434,id_1434,0.6253,True
id_1434,id_1434,0.5854,True
id_1434,id_1434,0.6036,True
id_1434,id_8423,0.5076,False
id_1434,id_1434,0.5223,True
id_1434,id_1286,0.4688,False
id_1434,id_1434,0.6256,True
id_1434,id_1434,0.6581,True
id_1434,id_1434,0.5343,True
id_3129,id_7567,0.5171,False
id_3129,id_3129,0.5835,True
id_3129,id_3129,0.6177,True
id_3129,id_90,0.3350,False
id_3129,id_9865,0.5591,False
id_3129,id_3129,0.6398,True
id_3129,id_3129,0.4780,True
id_3129,id_3129,0.5886,True
id_3129,id_3129,0.6429,True
id_3129,id_3129,0.7025,True
id_3129,id_3129,0.5908,True
id_3129,id_3129,0.6240,True
id_3129,id_3129,0.6440,True
id_3129,id_3129,0.5094,True
id_3129,id_6380,0.4770,False
id_3129,id_3129,0.7341,True
id_3129,id_3129,0.6663,True
id_3129,id_5507,0.2767,False
id_3129,id_3129,0.6275,True
id_3129,id_3129,0.7138,True
id_3129,id_3129,0.5537,True
id_6089,id_6089,0.5968,True
id_6089,id_6089,0.6996,True
id_6089,id_873,0.2881,False
id_6089,id_3926,0.3641,False
id_6089,id_6089,0.6451,True
id_6089,id_6089,0.3516,True
id_6089,id_8418,0.4377,False
id_2232,id_3735,0.4031,False
id_2232,id_5714,0.3669,False
id_2232,id_97,0.3311,False
id_2232,id_8385,0.4426,False
id_2232,id_2232,0.5569,True
id_2232,id_2232,0.5122,True
id_2232,id_2802,0.4123,False
id_2232,id_2232,0.5301,True
id_2232,id_5726,0.3703,False
id_2232,id_2232,0.5634,True
id_2232,id_9393,0.4510,False
id_2232,id_4855,0.4053,False
id_2232,id_2232,0.4132,True
id_2232,id_2232,0.6040,True
id_2232,id_2232,0.4268,True
id_8420,id_8420,0.5356,True
id_8420,id_8420,0.6134,True
id_8420,id_8420,0.6948,True
id_8420,id_8420,0.4681,True
id_8420,id_8420,0.5326,True
id_8420,id_3623,0.3124,False
id_8420,id_10110,0.3867,False
id_8420,id_8420,0.6698,True
id_7300,id_7300,0.6971,True
id_7300,id_7300,0.5536,True
id_7300,id_7300,0.6392,True
id_7300,id_7300,0.7728,True
id_7300,id_7300,0.5340,True
id_7300,id_7300,0.7323,True
id_7300,id_7300,0.6013,True
id_7300,id_7300,0.5955,True
id_7300,id_7300,0.6739,True
id_7300,id_7300,0.6990,True
id_7300,id_7300,0.7573,True
id_7300,id_7300,0.5507,True
id_7300,id_7300,0.7244,True
id_7300,id_5794,0.4306,False
id_7300,id_7300,0.5035,True
id_7300,id_7300,0.4862,True
id_7300,id_7300,0.6510,True
id_7300,id_8677,0.4319,False
id_7300,id_7300,0.5132,True
id_7300,id_7300,0.4818,True
id_7300,id_5794,0.3956,False
id_7300,id_7300,0.5476,True
id_7300,id_7300,0.5446,True
id_7300,id_7300,0.5395,True
id_7300,id_7300,0.5787,True
id_7300,id_5794,0.5249,False
id_7300,id_8970,0.5311,False
id_7300,id_248,0.4124,False
id_7300,id_7300,0.6392,True
id_7300,id_7300,0.7194,True
id_7300,id_4670,0.4264,False
id_7300,id_7300,0.6045,True
id_7300,id_6284,0.4284,False
id_7300,id_7300,0.5693,True
id_7300,id_7300,0.4659,True
id_7300,id_7300,0.5555,True
id_7300,id_7300,0.5850,True
id_7300,id_7300,0.4543,True
id_7300,id_7300,0.6520,True
id_7300,id_7300,0.5976,True
id_7300,id_9356,0.4208,False
id_7300,id_7300,0.5709,True
id_7300,id_5956,0.4058,False
id_7300,id_7300,0.6393,True
id_7300,id_6568,0.4162,False
id_7300,id_7300,0.6675,True
id_7300,id_7300,0.4888,True
id_7300,id_720,0.3292,False
id_7300,id_7079,0.4251,False
id_7300,id_7300,0.6491,True
id_7300,id_7300,0.6240,True
id_7300,id_2101,0.4092,False
id_7300,id_7300,0.4997,True
id_7300,id_3238,0.2875,False
id_7300,id_7300,0.6083,True
id_7300,id_5794,0.4165,False
id_7300,id_5794,0.5029,False
id_7300,id_7300,0.4929,True
id_7300,id_7300,0.5766,True
id_7300,id_7300,0.5158,True
id_7300,id_7300,0.6282,True
id_7300,id_7300,0.5698,True
id_7300,id_1542,0.4908,False
id_7300,id_8036,0.4042,False
id_7300,id_7174,0.3958,False
id_7300,id_7300,0.6181,True
id_7300,id_7300,0.6228,True
id_7300,id_7300,0.5060,True
id_7300,id_7300,0.4329,True
id_7300,id_2730,0.4111,False
id_7300,id_7300,0.6268,True
id_7300,id_7300,0.5554,True
id_7300,id_5794,0.4261,False
id_7300,id_2164,0.5124,False
id_7300,id_1292,0.5281,False
id_7300,id_7300,0.5893,True
id_7300,id_7300,0.3932,True
id_7300,id_1612,0.3177,False
id_7300,id_470,0.4874,False
id_7300,id_5223,0.4558,False
id_7300,id_7300,0.5286,True
id_7300,id_8677,0.4426,False
id_7300,id_7300,0.6084,True
id_7300,id_7300,0.6400,True
id_7300,id_7300,0.5307,True
id_7300,id_168,0.5157,False
id_7300,id_7300,0.5193,True
id_7300,id_7300,0.5647,True
id_7300,id_7300,0.7328,True
id_7300,id_7300,0.4288,True
id_7300,id_7300,0.5545,True
id_7300,id_7300,0.5564,True
id_7300,id_7300,0.3530,True
id_7300,id_7300,0.6109,True
id_7300,id_7300,0.4769,True
id_7300,id_7300,0.5820,True
id_7300,id_7300,0.4422,True
id_7300,id_7300,0.6445,True
id_7300,id_7300,0.6991,True
id_7300,id_7300,0.5789,True
id_7300,id_7300,0.5810,True
id_7300,id_1744,0.3359,False
id_7300,id_470,0.4442,False
id_4436,id_5038,0.4116,False
id_4436,id_649,0.3509,False
id_4436,id_4436,0.5502,True
id_4436,id_4436,0.5434,True
id_4436,id_4436,0.4228,True
id_4436,id_4436,0.6300,True
id_4436,id_252,0.3424,False
id_4436,id_4820,0.3792,False
id_4436,id_4436,0.5485,True
id_4436,id_5038,0.3139,False
id_8176,id_8176,0.4620,True
id_8176,id_8176,0.5903,True
id_8176,id_4166,0.4367,False
id_8176,id_1654,0.4392,False
id_8176,id_8389,0.3947,False
id_8176,id_8176,0.5934,True
id_8176,id_8176,0.6278,True
id_8176,id_1795,0.4243,False
id_4123,id_7403,0.3967,False
id_4123,id_7087,0.3614,False
id_4123,id_4123,0.5497,True
id_4123,id_6319,0.3308,False
id_4123,id_10289,0.4093,False
id_4123,id_4123,0.4664,True
id_4123,id_8807,0.3623,False
id_4123,id_4123,0.5766,True
id_4123,id_4123,0.5756,True
id_4123,id_4123,0.5852,True
id_9524,id_9524,0.5088,True
id_9524,id_9524,0.6461,True
id_9524,id_9524,0.7014,True
id_9524,id_9524,0.7051,True
id_9524,id_5058,0.4195,False
id_9524,id_9524,0.5066,True
id_9524,id_9524,0.7521,True
id_9524,id_9524,0.7187,True
id_9524,id_9524,0.6260,True
id_9524,id_9524,0.6957,True
id_9524,id_9524,0.6235,True
id_9524,id_9524,0.8088,True
id_9524,id_9524,0.7756,True
id_9524,id_9524,0.6471,True
id_9524,id_9524,0.7224,True
id_9524,id_9524,0.7371,True
id_9524,id_9524,0.5050,True
id_9524,id_5305,0.4223,False
id_9524,id_446,0.4159,False
id_9524,id_9524,0.7048,True
id_9524,id_5956,0.3400,False
id_9524,id_9524,0.6124,True
id_9524,id_9524,0.7052,True
id_9524,id_9031,0.3362,False
id_9524,id_9524,0.7721,True
id_9524,id_9524,0.5186,True
id_9524,id_1027,0.3562,False
id_9524,id_9524,0.7602,True
id_9524,id_9524,0.5327,True
id_9524,id_9524,0.6021,True
id_9524,id_9524,0.7974,True
id_9524,id_9524,0.6095,True
id_9524,id_9524,0.5093,True
id_9524,id_7834,0.3680,False
id_9524,id_9524,0.4993,True
id_9524,id_9524,0.5747,True
id_9524,id_9524,0.7595,True
id_9524,id_9524,0.7150,True
id_9524,id_9524,0.7737,True
id_9524,id_9524,0.6888,True
id_9524,id_9524,0.7351,True
id_9524,id_9524,0.4751,True
id_9524,id_1612,0.3324,False
id_9524,id_5956,0.4094,False
id_9524,id_9524,0.5284,True
id_9524,id_9524,0.7265,True
id_9524,id_9524,0.5206,True
id_9524,id_9524,0.4582,True
id_9524,id_9524,0.4233,True
id_9524,id_9524,0.5768,True
id_9524,id_9524,0.5731,True
id_9524,id_9524,0.6459,True
id_9524,id_9524,0.6291,True
id_9524,id_9524,0.5712,True
id_9524,id_9524,0.7383,True
id_9524,id_6543,0.4259,False
id_9524,id_3569,0.3896,False
id_9524,id_9524,0.5067,True
id_9524,id_9524,0.7047,True
id_9524,id_4505,0.4107,False
id_9524,id_2802,0.3215,False
id_9524,id_9524,0.7150,True
id_9524,id_8297,0.4344,False
id_9524,id_9524,0.6637,True
id_9524,id_9524,0.7512,True
id_9524,id_9524,0.7277,True
id_9524,id_9524,0.7496,True
id_9524,id_9524,0.8112,True
id_9524,id_9524,0.7374,True
id_9524,id_9524,0.5767,True
id_9524,id_9259,0.3794,False
id_9524,id_5687,0.4912,False
id_9524,id_4670,0.4216,False
id_9524,id_9524,0.7130,True
id_9524,id_9496,0.4839,False
id_9524,id_9524,0.3930,True
id_9524,id_9524,0.7972,True
id_9524,id_9524,0.6201,True
id_9524,id_9524,0.4992,True
id_9524,id_6284,0.4334,False
id_9524,id_2670,0.4785,False
id_9524,id_9524,0.7624,True
id_9524,id_9524,0.6716,True
id_9524,id_8389,0.5031,False
id_9524,id_9524,0.6057,True
id_9524,id_9524,0.5798,True
id_9524,id_9524,0.7299,True
id_9524,id_9524,0.6864,True
id_9524,id_9670,0.4010,False
id_9524,id_99,0.3263,False
id_9524,id_9524,0.7143,True
id_9524,id_9524,0.3650,True
id_9524,id_9524,0.7632,True
id_9524,id_9524,0.6406,True
id_9524,id_9524,0.5266,True
id_9524,id_4956,0.4080,False
id_9524,id_3541,0.3512,False
id_9524,id_9524,0.7716,True
id_9524,id_6703,0.5338,False
id_9524,id_9524,0.7596,True
id_9524,id_8204,0.4067,False
id_9524,id_9524,0.5501,True
id_9524,id_9524,0.7771,True
id_9524,id_9259,0.3794,False
id_9524,id_9524,0.7241,True
id_9524,id_9609,0.3386,False
id_4009,id_1295,0.4814,False
id_4009,id_8423,0.3930,False
id_4009,id_497,0.5227,False
id_4009,id_497,0.5137,False
id_4009,id_8613,0.3770,False
id_4009,id_9272,0.4952,False
id_1514,id_90,0.3645,False
id_1514,id_541,0.4232,False
id_1514,id_1514,0.6672,True
id_1514,id_9351,0.5687,False
id_1514,id_4710,0.4683,False
id_1514,id_10023,0.4069,False
id_1514,id_1514,0.6593,True
id_1514,id_3819,0.4363,False
id_1514,id_1514,0.6806,True
id_1514,id_1514,0.6697,True
id_1514,id_8677,0.3903,False
id_1514,id_1514,0.4908,True
id_1514,id_1514,0.6182,True
id_1514,id_1514,0.6634,True
id_1514,id_1514,0.4990,True
id_1514,id_1001,0.3894,False
id_1514,id_1514,0.6941,True
id_1514,id_1514,0.6303,True
id_1514,id_8604,0.4764,False
id_1514,id_1514,0.5787,True
id_1514,id_1514,0.6854,True
id_1514,id_5273,0.4282,False
id_1514,id_1514,0.5024,True
id_1514,id_1514,0.6298,True
id_1514,id_1514,0.5740,True
id_1514,id_556,0.4818,False
id_1514,id_1514,0.7077,True
id_1514,id_1514,0.7258,True
id_1514,id_1514,0.6776,True
id_1514,id_1514,0.6699,True
id_1514,id_1514,0.7449,True
id_1514,id_7367,0.4118,False
id_1514,id_1514,0.6821,True
id_1514,id_10232,0.4061,False
id_1514,id_1514,0.5977,True
id_1514,id_1514,0.4872,True
id_10515,id_6013,0.3949,False
id_10515,id_6213,0.4520,False
id_10515,id_10515,0.5178,True
id_10515,id_10515,0.4975,True
id_10515,id_6821,0.4164,False
id_10515,id_10515,0.5393,True
id_10515,id_65,0.3066,False
id_10515,id_10515,0.6072,True
id_10515,id_252,0.3314,False
id_10515,id_3936,0.3593,False
id_10515,id_10515,0.5249,True
id_10515,id_10515,0.3655,True
id_10515,id_6560,0.4217,False
id_3934,id_3934,0.6034,True
id_3934,id_9032,0.3991,False
id_3934,id_3934,0.5285,True
id_3934,id_3934,0.5692,True
id_3934,id_4715,0.5170,False
id_3934,id_3934,0.4511,True
id_3934,id_3934,0.6333,True
id_3934,id_8159,0.3150,False
id_2867,id_2867,0.5694,True
id_2867,id_2867,0.5653,True
id_2867,id_2867,0.6255,True
id_2867,id_2867,0.6159,True
id_2867,id_2867,0.5203,True
id_2867,id_8389,0.4304,False
id_2867,id_2867,0.5557,True
id_2867,id_2867,0.5592,True
id_2867,id_8380,0.4590,False
id_2867,id_7197,0.4552,False
id_2867,id_2867,0.5458,True
id_2867,id_2867,0.6033,True
id_2867,id_2867,0.5247,True
id_2867,id_6642,0.3867,False
id_2867,id_9609,0.3452,False
id_2867,id_2867,0.4581,True
id_2867,id_8469,0.4418,False
id_2867,id_2867,0.5705,True
id_2867,id_2867,0.5200,True
id_2867,id_2867,0.4483,True
id_2867,id_2867,0.5222,True
id_2867,id_9259,0.4876,False
id_2867,id_2867,0.3510,True
id_2867,id_2867,0.5153,True
id_2867,id_10136,0.5017,False
id_2867,id_2867,0.6165,True
id_2867,id_2645,0.3757,False
id_2867,id_2867,0.6020,True
id_2867,id_2867,0.5175,True
id_2867,id_10422,0.3939,False
id_2867,id_4853,0.4040,False
id_2867,id_2867,0.5890,True
id_2867,id_2867,0.4900,True
id_2867,id_8428,0.4465,False
id_2867,id_2867,0.5051,True
id_2867,id_5549,0.4204,False
id_2867,id_2867,0.5319,True
id_2867,id_9272,0.4124,False
id_2867,id_10422,0.5391,False
id_2867,id_2867,0.3212,True
id_2867,id_2867,0.5768,True
id_2867,id_2867,0.4333,True
id_2867,id_2867,0.4911,True
id_2867,id_1321,0.3877,False
id_2867,id_5549,0.4282,False
id_2867,id_2867,0.5280,True
id_2867,id_2867,0.4416,True
id_2867,id_9609,0.4085,False
id_2867,id_891,0.3591,False
id_2867,id_2867,0.4164,True
id_2867,id_2867,0.4782,True
id_2867,id_5886,0.4575,False
id_2867,id_2867,0.5054,True
id_2867,id_6266,0.3618,False
id_2867,id_1321,0.4474,False
id_2867,id_2867,0.4751,True
id_2867,id_2867,0.5948,True
id_2867,id_2867,0.4702,True
id_2867,id_8493,0.3596,False
id_9096,id_3520,0.4158,False
id_9096,id_470,0.4005,False
id_9096,id_9096,0.5714,True
id_9096,id_7079,0.4510,False
id_9096,id_7833,0.3992,False
id_9096,id_9096,0.4992,True
id_9096,id_7079,0.5203,False
id_9096,id_4789,0.3874,False
id_9096,id_5956,0.4020,False
id_9096,id_9096,0.4820,True
id_3622,id_2008,0.3094,False
id_3622,id_476,0.5000,False
id_3622,id_2985,0.4930,False
id_3622,id_3622,0.5224,True
id_3622,id_3622,0.6405,True
id_3622,id_8183,0.4390,False
id_3622,id_3622,0.6810,True
id_3622,id_5202,0.4303,False
id_3622,id_9695,0.4152,False
id_3622,id_3622,0.5880,True
id_3622,id_3622,0.5618,True
id_3622,id_5965,0.3907,False
id_3622,id_3622,0.4744,True
id_3622,id_3622,0.4901,True
id_3622,id_9351,0.5023,False
id_3622,id_3622,0.4570,True
id_3622,id_6284,0.3747,False
id_3622,id_3622,0.7162,True
id_3622,id_7204,0.3806,False
id_3622,id_3497,0.4173,False
id_3622,id_2730,0.4262,False
id_3622,id_7022,0.4032,False
id_2424,id_2424,0.6301,True
id_2424,id_2424,0.5911,True
id_2424,id_2424,0.6724,True
id_2424,id_2424,0.5686,True
id_2424,id_2424,0.4638,True
id_2424,id_2424,0.5583,True
id_2424,id_2424,0.5277,True
id_2424,id_2424,0.5436,True
id_10369,id_1936,0.4911,False
id_10369,id_10369,0.4154,True
id_10369,id_10369,0.3913,True
id_10369,id_10369,0.6651,True
id_10369,id_1402,0.3346,False
id_10369,id_10369,0.6778,True
id_10369,id_10369,0.5662,True
id_10369,id_10369,0.5612,True
id_10369,id_10369,0.3974,True
id_10369,id_10369,0.4339,True
id_10369,id_10369,0.7103,True
id_2288,id_2288,0.5127,True
id_2288,id_2288,0.5750,True
id_2288,id_2288,0.6491,True
id_2288,id_7235,0.3817,False
id_2288,id_2288,0.4953,True
id_2288,id_2288,0.6430,True
id_2288,id_5948,0.4384,False
id_2288,id_6053,0.4317,False
id_2288,id_2288,0.6729,True
id_2288,id_6336,0.3858,False
id_2288,id_2288,0.4937,True
id_7363,id_652,0.3933,False
id_7363,id_7446,0.3516,False
id_7363,id_8953,0.3244,False
id_7363,id_7363,0.4886,True
id_7363,id_7363,0.4070,True
id_7363,id_8622,0.4587,False
id_7363,id_7363,0.5447,True
id_7363,id_7363,0.5666,True
id_7363,id_7363,0.6237,True
id_7363,id_6213,0.4552,False
id_7363,id_7363,0.4032,True
id_7363,id_7363,0.4730,True
id_7363,id_10422,0.4312,False
id_7363,id_7363,0.4219,True
id_7363,id_7363,0.4259,True
id_7363,id_8912,0.3662,False
id_7363,id_1612,0.4136,False
id_7363,id_1168,0.4444,False
id_1292,id_1292,0.6708,True
id_1292,id_1292,0.5743,True
id_1292,id_1292,0.5861,True
id_1292,id_1292,0.6023,True
id_1292,id_1292,0.6909,True
id_1292,id_1292,0.6646,True
id_1292,id_1292,0.6011,True
id_1292,id_1292,0.7605,True
id_1292,id_1292,0.5049,True
id_1292,id_1292,0.5433,True
id_1292,id_1292,0.6617,True
id_1292,id_1292,0.6617,True
id_1292,id_1292,0.7842,True
id_1292,id_5687,0.4435,False
id_1292,id_1292,0.6885,True
id_1292,id_1292,0.7144,True
id_1292,id_1292,0.7093,True
id_1292,id_1292,0.6929,True
id_1292,id_1292,0.7233,True
id_1292,id_3926,0.3662,False
id_1292,id_1292,0.7271,True
id_1292,id_1292,0.6487,True
id_1292,id_1292,0.6524,True
id_1292,id_1292,0.8145,True
id_1292,id_1292,0.7586,True
id_1292,id_1292,0.6300,True
id_1292,id_1292,0.6617,True
id_1292,id_1292,0.5337,True
id_1292,id_1292,0.7626,True
id_1292,id_1292,0.7319,True
id_1292,id_1292,0.5101,True
id_1292,id_4984,0.4373,False
id_1292,id_1292,0.6868,True
id_1292,id_1292,0.5538,True
id_1292,id_1292,0.3971,True
id_1292,id_1292,0.7126,True
id_1292,id_1292,0.6942,True
id_1292,id_1292,0.6227,True
id_1292,id_4874,0.4180,False
id_1292,id_1292,0.5968,True
id_1292,id_1292,0.6316,True
id_1292,id_1292,0.5644,True
id_1292,id_1292,0.5728,True
id_1292,id_1292,0.5991,True
id_1292,id_1292,0.7835,True
id_1292,id_1292,0.5020,True
id_1292,id_1292,0.7318,True
id_5962,id_5962,0.6095,True
id_5962,id_5962,0.5516,True
id_5962,id_5962,0.6327,True
id_5962,id_5962,0.4128,True
id_5962,id_5962,0.5084,True
id_5962,id_5962,0.5321,True
id_5962,id_5962,0.6208,True
id_5962,id_5962,0.6393,True
id_5962,id_5962,0.5602,True
id_5962,id_5962,0.6365,True
id_3571,id_3571,0.6164,True
id_3571,id_3571,0.4527,True
id_3571,id_3571,0.4261,True
id_3571,id_3571,0.4028,True
id_3571,id_3571,0.5354,True
id_3571,id_3571,0.5578,True
id_3571,id_8986,0.5148,False
id_3571,id_3571,0.5830,True
id_3183,id_3183,0.7429,True
id_3183,id_3183,0.5968,True
id_3183,id_3183,0.4988,True
id_3183,id_3183,0.7578,True
id_3183,id_3183,0.5574,True
id_3183,id_3183,0.6638,True
id_3183,id_3183,0.4878,True
id_3183,id_3183,0.6689,True
id_3183,id_3183,0.5099,True
id_3183,id_3183,0.6548,True
id_3183,id_3183,0.6380,True
id_3183,id_3183,0.5670,True
id_3183,id_3183,0.6708,True
id_3183,id_3183,0.6326,True
id_3183,id_3183,0.5194,True
id_3183,id_3183,0.5672,True
id_3183,id_3183,0.5244,True
id_3183,id_3183,0.5100,True
id_3183,id_3183,0.6640,True
id_3183,id_3183,0.6604,True
id_3183,id_3183,0.7145,True
id_2008,id_1514,0.4362,False
id_2008,id_2008,0.4829,True
id_2008,id_2008,0.5094,True
id_2008,id_2008,0.4304,True
id_2008,id_2008,0.4417,True
id_2008,id_4966,0.4407,False
id_2008,id_3861,0.3875,False
id_2008,id_2008,0.5749,True
id_2008,id_873,0.3851,False
id_2008,id_5010,0.3846,False
id_2008,id_2008,0.5723,True
id_2008,id_2008,0.4769,True
id_1026,id_1026,0.5678,True
id_1026,id_1026,0.3163,True
id_1026,id_1026,0.5972,True
id_1026,id_1026,0.6687,True
id_1026,id_1026,0.5115,True
id_1026,id_1026,0.7900,True
id_1026,id_1026,0.6998,True
id_1026,id_9599,0.3794,False
id_1026,id_1026,0.7244,True
id_1026,id_1026,0.4313,True
id_1026,id_1026,0.6843,True
id_1026,id_1026,0.5026,True
id_1026,id_1026,0.5722,True
id_1026,id_526,0.5303,False
id_1026,id_1026,0.6305,True
id_1026,id_1026,0.6597,True
id_1026,id_1026,0.6596,True
id_1026,id_1026,0.7415,True
id_1026,id_1026,0.4958,True
id_1026,id_1026,0.5970,True
id_1026,id_1026,0.4235,True
id_9046,id_9046,0.6701,True
id_9046,id_9046,0.5766,True
id_9046,id_5956,0.3523,False
id_9046,id_5714,0.4551,False
id_9046,id_9046,0.5219,True
id_9046,id_9046,0.5120,True
id_9046,id_9046,0.7392,True
id_9046,id_9046,0.6747,True
id_9046,id_9046,0.8122,True
id_9046,id_9046,0.7175,True
id_9046,id_10532,0.4362,False
id_9046,id_10464,0.3468,False
id_9046,id_5278,0.4559,False
id_9046,id_9046,0.4916,True
id_9046,id_1388,0.3848,False
id_9046,id_9046,0.7000,True
id_9046,id_9046,0.7419,True
id_9046,id_7568,0.3748,False
id_9046,id_8389,0.4068,False
id_9046,id_9046,0.4512,True
id_9046,id_9046,0.5053,True
id_9046,id_7988,0.4758,False
id_9046,id_9046,0.7144,True
id_9046,id_9046,0.4397,True
id_9046,id_6254,0.3236,False
id_9046,id_3407,0.3841,False
id_9046,id_9046,0.6310,True
id_8072,id_8072,0.7652,True
id_8072,id_8072,0.4798,True
id_8072,id_8072,0.5620,True
id_8072,id_8072,0.7070,True
id_8072,id_8072,0.6584,True
id_8072,id_8072,0.4967,True
id_8072,id_8072,0.5807,True
id_8072,id_5509,0.3876,False
id_8072,id_8072,0.6683,True
id_8072,id_8072,0.5645,True
id_8072,id_8072,0.4878,True
id_8072,id_8072,0.7626,True
id_8072,id_8072,0.7362,True
id_8072,id_7389,0.4947,False
id_10007,id_6560,0.4840,False
id_10007,id_4874,0.3195,False
id_10007,id_10007,0.4887,True
id_10007,id_4567,0.2561,False
id_10007,id_8682,0.3032,False
id_10007,id_7947,0.3028,False
id_10007,id_5896,0.4770,False
id_10007,id_6368,0.4813,False
id_10007,id_10007,0.4614,True
id_10007,id_10007,0.5270,True
id_10007,id_10007,0.4896,True
id_10007,id_10007,0.5332,True
id_10007,id_9393,0.2544,False
id_10007,id_10007,0.3531,True
id_3831,id_3831,0.5259,True
id_3831,id_3831,0.6874,True
id_3831,id_3831,0.4641,True
id_3831,id_3831,0.4727,True
id_3831,id_3831,0.6104,True
id_3831,id_3831,0.4728,True
id_3831,id_3831,0.5940,True
id_3831,id_7904,0.3689,False
id_6042,id_4063,0.3889,False
id_6042,id_6042,0.3583,True
id_6042,id_3519,0.3999,False
id_6042,id_2724,0.3356,False
id_6042,id_6213,0.4911,False
id_6042,id_9599,0.4859,False
id_6042,id_6042,0.5884,True
id_10178,id_10178,0.4627,True
id_10178,id_10178,0.5318,True
id_10178,id_10178,0.4445,True
id_10178,id_6890,0.3731,False
id_10178,id_10178,0.4662,True
id_10178,id_10178,0.5584,True
id_10178,id_4801,0.3918,False
id_1652,id_1652,0.5422,True
id_1652,id_1652,0.6807,True
id_1652,id_1652,0.6244,True
id_1652,id_520,0.3777,False
id_1652,id_7524,0.4923,False
id_1652,id_2246,0.4461,False
id_1652,id_1652,0.5530,True
id_1652,id_1652,0.6495,True
id_1652,id_1652,0.4964,True
id_1652,id_1652,0.5702,True
id_1652,id_1652,0.5165,True
id_1652,id_9670,0.4846,False
id_1652,id_1652,0.6091,True
id_1652,id_7470,0.3296,False
id_1652,id_1652,0.5189,True
id_1652,id_5038,0.3737,False
id_1652,id_7446,0.4806,False
id_1652,id_10464,0.4024,False
id_1652,id_1652,0.7510,True
id_1652,id_1652,0.6364,True
id_1652,id_1652,0.5682,True
id_1652,id_1652,0.5078,True
id_1652,id_1652,0.6591,True
id_1652,id_1652,0.5508,True
id_5752,id_5752,0.3954,True
id_5752,id_5752,0.4729,True
id_5752,id_5752,0.5755,True
id_5752,id_7478,0.2412,False
id_5752,id_3497,0.4202,False
id_5752,id_5752,0.4856,True
id_5752,id_5752,0.3785,True
id_5752,id_5752,0.6027,True
id_5752,id_5752,0.5497,True
id_5752,id_5752,0.5585,True
id_5752,id_10079,0.4057,False
id_5752,id_5752,0.4581,True
id_5752,id_10136,0.2926,False
id_5752,id_5752,0.4127,True
id_5752,id_9398,0.3096,False
id_5752,id_2354,0.4403,False
id_5752,id_2354,0.5278,False
id_5752,id_5080,0.4011,False
id_5752,id_5752,0.6687,True
id_5752,id_5752,0.6859,True
id_5752,id_5752,0.5994,True
id_5752,id_5752,0.5096,True
id_5752,id_5752,0.6352,True
id_5752,id_5752,0.4805,True
id_5752,id_2354,0.5055,False
id_5752,id_1321,0.3849,False
id_5752,id_5752,0.6924,True
id_5752,id_5752,0.5911,True
id_6053,id_6053,0.6113,True
id_6053,id_6053,0.6581,True
id_6053,id_5836,0.4168,False
id_6053,id_6053,0.4977,True
id_6053,id_2947,0.4593,False
id_6053,id_6053,0.4942,True
id_6053,id_6053,0.5914,True
id_6053,id_6053,0.5258,True
id_6053,id_5836,0.4705,False
id_6053,id_6053,0.6876,True
id_6053,id_6053,0.5255,True
id_6749,id_6749,0.5959,True
id_6749,id_8204,0.4687,False
id_6749,id_6731,0.6164,False
id_6749,id_6749,0.4992,True
id_6749,id_8637,0.4485,False
id_6749,id_8986,0.4691,False
id_6749,id_6749,0.4652,True
id_6749,id_6749,0.5265,True
id_6749,id_6749,0.4755,True
id_8531,id_5596,0.4285,False
id_8531,id_9427,0.3736,False
id_8531,id_8531,0.3243,True
id_8531,id_7568,0.3502,False
id_8531,id_6302,0.4810,False
id_8531,id_8531,0.5359,True
id_8531,id_1843,0.3787,False
id_8531,id_7888,0.4053,False
id_8531,id_8531,0.5247,True
id_8531,id_9271,0.3811,False
id_8531,id_4358,0.5675,False
id_8531,id_8301,0.3982,False
id_8531,id_8613,0.4272,False
id_8531,id_5509,0.4269,False
id_8531,id_2008,0.4063,False
id_8531,id_3911,0.3905,False
id_8531,id_9695,0.4007,False
id_8531,id_5251,0.4003,False
id_8531,id_3709,0.3446,False
id_8531,id_2751,0.5699,False
id_8531,id_8301,0.3982,False
id_8531,id_5752,0.4788,False
id_8531,id_556,0.4164,False
id_8531,id_8531,0.4675,True
id_8531,id_4177,0.3789,False
id_8531,id_1627,0.3790,False
id_8531,id_7123,0.3457,False
id_8531,id_7484,0.3236,False
id_8531,id_4630,0.3577,False
id_8531,id_8531,0.4853,True
id_8531,id_4710,0.3950,False
id_8531,id_8531,0.5888,True
id_8531,id_9484,0.3223,False
id_8531,id_7451,0.4202,False
id_8531,id_2154,0.4586,False
id_8531,id_4956,0.3828,False
id_8531,id_8531,0.4108,True
id_8531,id_10213,0.5031,False
id_8531,id_8531,0.4126,True
id_8531,id_10506,0.4977,False
id_8531,id_2312,0.4752,False
id_8531,id_69,0.4511,False
id_8885,id_8885,0.6773,True
id_8885,id_8885,0.5959,True
id_8885,id_8885,0.5977,True
id_8885,id_8885,0.6256,True
id_8885,id_8885,0.6717,True
id_8885,id_8885,0.7615,True
id_8885,id_216,0.3643,False
id_8885,id_8885,0.3976,True
id_8885,id_8885,0.6774,True
id_10170,id_10170,0.5053,True
id_10170,id_7166,0.4826,False
id_10170,id_10170,0.7077,True
id_10170,id_5794,0.4051,False
id_10170,id_10170,0.5154,True
id_10170,id_10170,0.4814,True
id_10170,id_10170,0.6658,True
id_4880,id_4880,0.5438,True
id_4880,id_4880,0.5056,True
id_4880,id_4880,0.6362,True
id_4880,id_4880,0.5764,True
id_4880,id_5309,0.3757,False
id_4880,id_3456,0.3716,False
id_4880,id_4880,0.5379,True
id_4880,id_5441,0.3598,False
id_4880,id_4880,0.5795,True
id_4019,id_1168,0.3430,False
id_4019,id_4019,0.7424,True
id_4019,id_4019,0.4766,True
id_4019,id_10482,0.3728,False
id_4019,id_4019,0.6625,True
id_4019,id_4019,0.6292,True
id_4019,id_4019,0.5685,True
id_4019,id_4492,0.4181,False
id_4019,id_9980,0.3122,False
id_4019,id_2646,0.2737,False
id_4019,id_10482,0.3918,False
id_1654,id_6314,0.4429,False
id_1654,id_1654,0.5602,True
id_1654,id_6878,0.3965,False
id_1654,id_1654,0.5457,True
id_1654,id_56,0.2771,False
id_1654,id_1654,0.5028,True
id_1654,id_4233,0.4387,False
id_1654,id_1654,0.6220,True
id_1654,id_1654,0.4545,True
id_1654,id_1654,0.5662,True
id_1654,id_1654,0.4487,True
id_1654,id_1654,0.5712,True
id_1654,id_1654,0.5508,True
id_1654,id_8206,0.4790,False
id_1654,id_5896,0.4058,False
id_1654,id_1654,0.4781,True
id_7968,id_4670,0.4266,False
id_7968,id_7968,0.4784,True
id_7968,id_7968,0.6236,True
id_7968,id_7968,0.6003,True
id_7968,id_7968,0.5300,True
id_7968,id_7968,0.5125,True
id_7968,id_7991,0.4033,False
id_7968,id_7968,0.4612,True
id_7968,id_1939,0.3348,False
id_7968,id_7968,0.4997,True
id_7968,id_3911,0.4055,False
id_7968,id_7968,0.4617,True
id_7968,id_8531,0.3478,False
id_6560,id_475,0.4366,False
id_6560,id_2136,0.4347,False
id_6560,id_6560,0.5918,True
id_6560,id_6560,0.5768,True
id_6560,id_6560,0.5241,True
id_6560,id_6560,0.6092,True
id_6560,id_6560,0.5590,True
id_6560,id_10023,0.2483,False
id_6560,id_4670,0.3637,False
id_6560,id_6560,0.4539,True
id_6560,id_4715,0.4700,False
id_6560,id_6560,0.5133,True
id_4170,id_9873,0.4223,False
id_4170,id_6350,0.3157,False
id_4170,id_601,0.4368,False
id_4170,id_10570,0.3815,False
id_4170,id_7092,0.4099,False
id_4324,id_6667,0.3927,False
id_4324,id_4324,0.4001,True
id_4324,id_4956,0.4479,False
id_4324,id_4324,0.4514,True
id_4324,id_4324,0.6307,True
id_4324,id_8825,0.3038,False
id_4324,id_9044,0.3242,False
id_4324,id_4324,0.5014,True
id_4324,id_9555,0.3276,False
id_4324,id_4324,0.4426,True
id_4324,id_4324,0.4902,True
id_4324,id_4324,0.5472,True
id_4324,id_4324,0.5212,True
id_4324,id_4175,0.3828,False
id_4324,id_4135,0.2905,False
id_4324,id_3623,0.4188,False
id_4324,id_4324,0.5472,True
id_4324,id_9881,0.4729,False
id_4515,id_4515,0.7026,True
id_4515,id_4515,0.4116,True
id_4515,id_4515,0.5129,True
id_4515,id_5550,0.3526,False
id_4515,id_6288,0.5288,False
id_4515,id_4515,0.4242,True
id_4515,id_4515,0.8124,True
id_4515,id_4515,0.7292,True
id_4515,id_4515,0.7146,True
id_4515,id_4515,0.7175,True
id_4515,id_6811,0.4885,False
id_4515,id_4515,0.5900,True
id_4515,id_4515,0.6565,True
id_4515,id_4515,0.8038,True
id_4515,id_4515,0.5071,True
id_4515,id_4515,0.8535,True
id_4515,id_4515,0.6457,True
id_4515,id_5422,0.5332,False
id_4515,id_4515,0.7909,True
id_7549,id_7549,0.5502,True
id_7549,id_7389,0.4014,False
id_7549,id_7549,0.4648,True
id_7549,id_7549,0.5318,True
id_7549,id_7549,0.4687,True
id_7549,id_7549,0.5505,True
id_7549,id_7575,0.4121,False
id_4619,id_4619,0.5904,True
id_4619,id_8036,0.3890,False
id_4619,id_4619,0.5532,True
id_4619,id_4619,0.4816,True
id_4619,id_9821,0.3717,False
id_4619,id_1465,0.3915,False
id_4619,id_4619,0.5757,True
id_4619,id_8959,0.4566,False
id_4619,id_2950,0.4473,False
id_4619,id_4619,0.6327,True
id_4619,id_4619,0.5382,True
id_4619,id_2291,0.5119,False
id_4619,id_540,0.3615,False
id_4619,id_4619,0.4248,True
id_4619,id_2950,0.4554,False
id_4619,id_1853,0.5203,False
id_4619,id_3735,0.5022,False
id_4619,id_540,0.3447,False
id_4619,id_4619,0.5233,True
id_4619,id_2287,0.4015,False
id_4619,id_4619,0.5350,True
id_4619,id_4619,0.5633,True
id_4619,id_4619,0.5443,True
id_4619,id_4619,0.5108,True
id_4619,id_4247,0.3057,False
id_4619,id_4619,0.5496,True
id_4063,id_4063,0.4400,True
id_4063,id_4063,0.3784,True
id_4063,id_2590,0.4187,False
id_4063,id_1765,0.3531,False
id_4063,id_4247,0.4688,False
id_4063,id_3736,0.3943,False
id_4063,id_4063,0.3945,True
id_4063,id_4019,0.3789,False
id_4063,id_4063,0.4523,True
id_4063,id_5750,0.3667,False
id_7980,id_5173,0.4723,False
id_7980,id_2832,0.4920,False
id_7980,id_7980,0.4336,True
id_7980,id_7980,0.5345,True
id_7980,id_7980,0.7278,True
id_7980,id_7980,0.5373,True
id_7980,id_8677,0.4891,False
id_9806,id_5956,0.4053,False
id_9806,id_9806,0.5319,True
id_9806,id_9806,0.6332,True
id_9806,id_9806,0.4815,True
id_9806,id_4956,0.3579,False
id_9806,id_1888,0.4597,False
id_9218,id_9218,0.5370,True
id_9218,id_2672,0.4009,False
id_9218,id_9218,0.3808,True
id_9218,id_6221,0.4838,False
id_9218,id_9218,0.4415,True
id_9218,id_9218,0.4239,True
id_9218,id_397,0.4746,False
id_9218,id_7413,0.3094,False
id_9218,id_9398,0.2662,False
id_9218,id_8885,0.3421,False
id_9864,id_8622,0.5327,False
id_9864,id_9946,0.4965,False
id_9864,id_9864,0.5384,True
id_9864,id_7658,0.4750,False
id_9864,id_9946,0.4106,False
id_9864,id_9864,0.7752,True
id_9864,id_9864,0.6297,True
id_9864,id_9864,0.5813,True
id_9864,id_9864,0.6445,True
id_9864,id_9864,0.6834,True
id_9864,id_9864,0.6823,True
id_3105,id_4915,0.3441,False
id_3105,id_3105,0.5938,True
id_3105,id_3105,0.4888,True
id_3105,id_5687,0.4511,False
id_3105,id_3105,0.5096,True
id_3105,id_3105,0.5759,True
id_3105,id_5251,0.4204,False
id_3105,id_3105,0.4787,True
id_3105,id_3105,0.5855,True
id_3105,id_3105,0.5553,True
id_3105,id_3105,0.5922,True
id_786,id_4698,0.3981,False
id_786,id_786,0.5629,True
id_786,id_2987,0.5213,False
id_786,id_786,0.6826,True
id_786,id_786,0.6616,True
id_786,id_786,0.5999,True
id_786,id_786,0.5847,True
id_786,id_786,0.5868,True
id_786,id_786,0.5638,True
id_786,id_3461,0.4812,False
id_786,id_8243,0.4553,False
id_786,id_786,0.5000,True
id_786,id_786,0.6485,True
id_786,id_786,0.5236,True
id_786,id_2287,0.4540,False
id_786,id_786,0.4146,True
id_6878,id_6878,0.4796,True
id_6878,id_6878,0.3778,True
id_6878,id_6878,0.4829,True
id_6878,id_6878,0.5498,True
id_6878,id_6878,0.5078,True
id_6878,id_3866,0.4109,False
id_6878,id_6878,0.4962,True
id_6878,id_6833,0.3802,False
id_6878,id_6878,0.4823,True
id_6878,id_4492,0.4145,False
id_6878,id_6878,0.6452,True
id_6890,id_6890,0.5643,True
id_6890,id_8036,0.4334,False
id_6890,id_1700,0.3264,False
id_6890,id_5282,0.4078,False
id_6890,id_6890,0.5259,True
id_6890,id_5596,0.3842,False
id_6890,id_6890,0.5252,True
id_6890,id_6890,0.5418,True
id_6890,id_6890,0.4970,True
id_6890,id_3320,0.4157,False
id_6890,id_6890,0.4587,True
id_6890,id_6890,0.5197,True
id_6890,id_6543,0.3788,False
id_6890,id_7980,0.3195,False
id_6890,id_7089,0.3577,False
id_6890,id_6890,0.5221,True
id_6890,id_6890,0.5506,True
id_6890,id_6890,0.5002,True
id_6890,id_6890,0.4517,True
id_6890,id_6302,0.3531,False
id_6890,id_6890,0.4459,True
id_6890,id_6890,0.4830,True
id_6890,id_6890,0.4582,True
id_6890,id_6376,0.4326,False
id_6890,id_6890,0.5424,True
id_6890,id_2801,0.5623,False
id_6890,id_6890,0.5632,True
id_6890,id_6890,0.6164,True
id_6890,id_10232,0.4277,False
id_6890,id_8622,0.3241,False
id_6890,id_8986,0.5091,False
id_6890,id_6890,0.5640,True
id_6890,id_6890,0.5599,True
id_6890,id_6890,0.5039,True
id_3942,id_3942,0.6006,True
id_3942,id_3942,0.6479,True
id_3942,id_3942,0.4893,True
id_3942,id_3942,0.7406,True
id_3942,id_3942,0.4696,True
id_3942,id_3942,0.6048,True
id_3942,id_3942,0.6300,True
id_3942,id_3942,0.3618,True
id_3942,id_3942,0.7371,True
id_3942,id_3942,0.5907,True
id_3942,id_3942,0.6562,True
id_3942,id_8975,0.3677,False
id_3942,id_2128,0.4338,False
id_3942,id_3942,0.4760,True
id_3370,id_3370,0.5648,True
id_3370,id_3370,0.5015,True
id_3370,id_3370,0.5962,True
id_3370,id_3370,0.3968,True
id_3370,id_3370,0.4182,True
id_3370,id_2216,0.4339,False
id_3370,id_10206,0.4746,False
id_3370,id_7403,0.4478,False
id_4138,id_4138,0.5790,True
id_4138,id_4138,0.6048,True
id_4138,id_7712,0.3921,False
id_4138,id_4138,0.4462,True
id_4138,id_4138,0.4719,True
id_4138,id_4138,0.4627,True
id_4138,id_2128,0.3442,False
id_4138,id_2724,0.4029,False
id_4138,id_4138,0.5258,True
id_4138,id_4138,0.5289,True
id_4138,id_4138,0.6456,True
id_4138,id_4138,0.6594,True
id_4138,id_8362,0.4945,False
id_4138,id_4138,0.5349,True
id_4138,id_4138,0.4173,True
id_4138,id_4138,0.6887,True
id_4138,id_4138,0.5254,True
id_4138,id_9517,0.3775,False
id_4138,id_8613,0.4222,False
id_4138,id_4138,0.5394,True
id_4138,id_4138,0.5660,True
id_4138,id_4138,0.4420,True
id_4138,id_8902,0.3226,False
id_4138,id_4138,0.5316,True
id_4138,id_4138,0.6138,True
id_4138,id_4138,0.7282,True
id_4138,id_4138,0.6231,True
id_10419,id_10419,0.7693,True
id_10419,id_10419,0.7328,True
id_10419,id_10419,0.7861,True
id_10419,id_10419,0.7727,True
id_10419,id_10419,0.6575,True
id_10419,id_10419,0.6910,True
id_10419,id_10419,0.5789,True
id_10419,id_9716,0.3637,False
id_10419,id_10419,0.6198,True
id_8469,id_8469,0.4913,True
id_8469,id_8469,0.6098,True
id_8469,id_8469,0.5280,True
id_8469,id_3497,0.3556,False
id_8469,id_10482,0.3972,False
id_8469,id_1514,0.5384,False
id_8469,id_8469,0.5123,True
id_8469,id_8469,0.5553,True
id_8469,id_8469,0.4633,True
id_8469,id_8469,0.6283,True
id_8469,id_8469,0.4479,True
id_8469,id_4716,0.4177,False
id_8469,id_8469,0.6219,True
id_8469,id_8469,0.6653,True
id_8469,id_8469,0.5252,True
id_8469,id_8469,0.5277,True
id_8469,id_5548,0.4489,False
id_8469,id_8469,0.5621,True
id_8469,id_8021,0.3594,False
id_8469,id_8469,0.4936,True
id_8469,id_8469,0.5276,True
id_8469,id_8469,0.6411,True
id_8469,id_8469,0.3653,True
id_8469,id_8469,0.5611,True
id_8469,id_1514,0.4922,False
id_8469,id_8469,0.6860,True
id_8469,id_8469,0.4569,True
id_8469,id_10079,0.4004,False
id_8469,id_8469,0.4992,True
id_8469,id_10079,0.4458,False
id_8469,id_8469,0.5741,True
id_8469,id_8469,0.5128,True
id_2141,id_2141,0.6456,True
id_2141,id_2141,0.6540,True
id_2141,id_6826,0.4198,False
id_2141,id_2141,0.5438,True
id_2141,id_2141,0.7121,True
id_2141,id_2623,0.4725,False
id_2141,id_2141,0.6431,True
id_2141,id_2141,0.7488,True
id_2141,id_2141,0.7554,True
id_2141,id_2141,0.7527,True
id_2141,id_2141,0.5827,True
id_2141,id_2141,0.6552,True
id_2141,id_2141,0.4680,True
id_5906,id_5906,0.6194,True
id_5906,id_5906,0.4506,True
id_5906,id_5906,0.5036,True
id_5906,id_5726,0.3963,False
id_5906,id_5906,0.6448,True
id_5906,id_5906,0.4604,True
id_5906,id_5906,0.4204,True
id_5906,id_6028,0.2868,False
id_5906,id_8975,0.3521,False
id_5906,id_5906,0.4908,True
id_5906,id_5906,0.4777,True
id_5906,id_5906,0.5131,True
id_5906,id_5906,0.4914,True
id_5906,id_5906,0.5817,True
id_5906,id_5906,0.4988,True
id_5906,id_5906,0.6458,True
id_5906,id_5906,0.6712,True
id_5906,id_1532,0.3346,False
id_5906,id_5906,0.3794,True
id_5906,id_3936,0.3569,False
id_5906,id_5906,0.4608,True
id_5906,id_5906,0.4766,True
id_5906,id_2645,0.3696,False
id_8627,id_7451,0.4218,False
id_8627,id_1597,0.4723,False
id_8627,id_8627,0.5778,True
id_8627,id_8627,0.5931,True
id_8627,id_8627,0.6004,True
id_8627,id_1535,0.4694,False
id_8627,id_8627,0.4670,True
id_8627,id_8627,0.5103,True
id_8627,id_8627,0.6474,True
id_8627,id_10482,0.3773,False
id_8627,id_8627,0.5955,True
id_8627,id_8627,0.6060,True
id_8627,id_2987,0.5262,False
id_4670,id_4006,0.4213,False
id_4670,id_5956,0.4749,False
id_4670,id_7568,0.4706,False
id_4670,id_4670,0.4414,True
id_4670,id_2672,0.3507,False
id_4670,id_9496,0.4552,False
id_4670,id_4670,0.4107,True
id_4670,id_4670,0.4546,True
id_4670,id_9766,0.5084,False
id_4670,id_4670,0.5423,True
id_4670,id_4670,0.4728,True
id_4670,id_4670,0.5521,True
id_4670,id_4670,0.5649,True
id_4670,id_4670,0.6282,True
id_4670,id_1884,0.4231,False
id_4670,id_4670,0.6437,True
id_4670,id_10232,0.4724,False
id_4670,id_2751,0.5192,False
id_4670,id_10181,0.2827,False
id_4670,id_4670,0.4784,True
id_4670,id_10482,0.4503,False
id_4670,id_4670,0.5785,True
id_4670,id_4670,0.5626,True
id_4670,id_4670,0.4537,True
id_4670,id_4670,0.3889,True
id_4670,id_4670,0.5560,True
id_4670,id_4670,0.6791,True
id_4670,id_5549,0.3516,False
id_4670,id_5818,0.4248,False
id_4670,id_6030,0.4207,False
id_4670,id_4670,0.4666,True
id_4670,id_7690,0.3910,False
id_4670,id_1884,0.4181,False
id_4670,id_3855,0.3797,False
id_4670,id_7712,0.4096,False
id_4670,id_4670,0.4559,True
id_4670,id_7568,0.4483,False
id_4670,id_4670,0.5274,True
id_4670,id_4670,0.5833,True
id_4670,id_8781,0.4008,False
id_4670,id_4670,0.3960,True
id_4670,id_6894,0.3616,False
id_4670,id_10570,0.4514,False
id_4670,id_4670,0.6403,True
id_4670,id_3877,0.3729,False
id_4670,id_3911,0.4696,False
id_4670,id_4670,0.5852,True
id_4670,id_4670,0.4546,True
id_4670,id_9950,0.4096,False
id_4670,id_4670,0.5261,True
id_4670,id_4670,0.4975,True
id_4670,id_4670,0.6064,True
id_4670,id_5928,0.5317,False
id_4670,id_6376,0.4735,False
id_4670,id_4670,0.6492,True
id_4670,id_4670,0.5353,True
id_4670,id_4670,0.6211,True
id_4670,id_6882,0.3863,False
id_4670,id_4670,0.6106,True
id_4670,id_10482,0.3339,False
id_4670,id_6506,0.3133,False
id_4670,id_4670,0.5548,True
id_4670,id_4670,0.6078,True
id_4670,id_4670,0.5782,True
id_4670,id_4670,0.6340,True
id_4670,id_4670,0.6316,True
id_4670,id_4670,0.3786,True
id_4670,id_10050,0.3418,False
id_4670,id_4670,0.6432,True
id_4670,id_10482,0.5167,False
id_4670,id_4670,0.4374,True
id_4670,id_10079,0.4851,False
id_4670,id_4670,0.6781,True
id_4670,id_4670,0.6147,True
id_4670,id_9988,0.3566,False
id_4670,id_4670,0.4957,True
id_4670,id_8301,0.5584,False
id_4670,id_4670,0.5342,True
id_4670,id_4670,0.4022,True
id_4670,id_4670,0.6256,True
id_4670,id_4670,0.6180,True
id_4670,id_6506,0.4513,False
id_4670,id_4670,0.4773,True
id_4670,id_4670,0.5299,True
id_4670,id_7712,0.5158,False
id_4670,id_4670,0.7240,True
id_4670,id_1843,0.3877,False
id_4670,id_4670,0.5922,True
id_4670,id_4670,0.4612,True
id_4670,id_10023,0.3649,False
id_4670,id_4670,0.6205,True
id_4670,id_4670,0.5056,True
id_4670,id_4670,0.4252,True
id_4670,id_4670,0.4001,True
id_4670,id_4670,0.6038,True
id_4670,id_4670,0.4422,True
id_4670,id_4670,0.5096,True
id_4670,id_4670,0.5732,True
id_4670,id_7484,0.3643,False
id_4670,id_4670,0.6358,True
id_4670,id_4670,0.4644,True
id_4670,id_4670,0.6454,True
id_4670,id_4670,0.6336,True
id_4670,id_4670,0.4308,True
id_4670,id_4670,0.6131,True
id_4670,id_4670,0.6046,True
id_4670,id_4670,0.3214,True
id_4670,id_4670,0.6698,True
id_4670,id_4670,0.6990,True
id_4670,id_4670,0.3972,True
id_4670,id_7533,0.3878,False
id_4670,id_4670,0.5662,True
id_4670,id_4670,0.4824,True
id_4670,id_10232,0.4567,False
id_4670,id_4670,0.5517,True
id_4670,id_8610,0.3037,False
id_4670,id_7712,0.4124,False
id_4670,id_4670,0.4915,True
id_4670,id_4670,0.4922,True
id_4670,id_4670,0.4028,True
id_4670,id_4670,0.7324,True
id_4670,id_4670,0.4891,True
id_4670,id_4670,0.6159,True
id_4670,id_886,0.3783,False
id_4670,id_6088,0.4491,False
id_4670,id_4670,0.5507,True
id_4670,id_4670,0.6375,True
id_4670,id_4670,0.7291,True
id_4670,id_4670,0.6048,True
id_4670,id_9496,0.3591,False
id_4670,id_4910,0.3807,False
id_4670,id_4670,0.5279,True
id_4670,id_10136,0.3644,False
id_4670,id_8677,0.4022,False
id_4670,id_4670,0.5990,True
id_4670,id_4670,0.5698,True
id_4670,id_4670,0.7162,True
id_4670,id_4670,0.4375,True
id_4670,id_4670,0.4786,True
id_4670,id_4670,0.5536,True
id_4670,id_9188,0.4262,False
id_4670,id_864,0.4230,False
id_4670,id_8482,0.4173,False
id_4670,id_4670,0.6781,True
id_4670,id_8902,0.3724,False
id_4670,id_4670,0.5121,True
id_4670,id_4670,0.3162,True
id_4670,id_4670,0.5584,True
id_4670,id_4670,0.5467,True
id_4670,id_8072,0.4088,False
id_4670,id_8987,0.3997,False
id_4670,id_4670,0.5514,True
id_4670,id_4670,0.6339,True
id_4670,id_4670,0.4516,True
id_4670,id_4670,0.5305,True
id_4670,id_4670,0.5724,True
id_4670,id_4670,0.6146,True
id_4670,id_4670,0.5461,True
id_4670,id_5988,0.4411,False
id_4670,id_4670,0.4811,True
id_4670,id_4670,0.5700,True
id_4670,id_7533,0.2969,False
id_4670,id_4670,0.5440,True
id_4670,id_3461,0.3116,False
id_4670,id_4670,0.5368,True
id_4670,id_4670,0.5127,True
id_4670,id_9794,0.4214,False
id_4670,id_2357,0.3739,False
id_4670,id_10482,0.4042,False
id_4670,id_4670,0.5886,True
id_4670,id_4670,0.5924,True
id_4670,id_4670,0.5026,True
id_4670,id_4670,0.5800,True
id_4670,id_4670,0.4557,True
id_4670,id_7470,0.3261,False
id_4670,id_555,0.3747,False
id_4670,id_4670,0.6459,True
id_4670,id_4670,0.6205,True
id_4670,id_9766,0.5342,False
id_4670,id_4670,0.5680,True
id_4670,id_4670,0.5186,True
id_4670,id_4670,0.7077,True
id_4670,id_397,0.4904,False
id_4670,id_5198,0.3976,False
id_4670,id_4670,0.5607,True
id_4670,id_7568,0.4739,False
id_4670,id_4670,0.4983,True
id_4670,id_9517,0.4349,False
id_4670,id_4670,0.5347,True
id_4670,id_4670,0.6381,True
id_4670,id_4670,0.5858,True
id_4670,id_9931,0.2980,False
id_4670,id_4317,0.4521,False
id_4670,id_4670,0.4627,True
id_4670,id_4670,0.5546,True
id_4670,id_4670,0.5881,True
id_4670,id_3877,0.4422,False
id_4670,id_3855,0.3907,False
id_4670,id_1255,0.3225,False
id_4670,id_4670,0.5228,True
id_4670,id_1537,0.4400,False
id_4670,id_4670,0.4626,True
id_4670,id_4670,0.6229,True
id_4670,id_9766,0.5744,False
id_4670,id_4670,0.5076,True
id_4670,id_4670,0.6557,True
id_4670,id_4670,0.6645,True
id_4670,id_4670,0.6348,True
id_4670,id_5818,0.3615,False
id_4670,id_9496,0.4499,False
id_4670,id_4670,0.5431,True
id_4670,id_4670,0.5538,True
id_4670,id_4670,0.4511,True
id_4670,id_4670,0.6146,True
id_4670,id_4670,0.5915,True
id_4670,id_4670,0.4571,True
id_4670,id_4670,0.5547,True
id_4670,id_4670,0.5378,True
id_4670,id_9496,0.3822,False
id_4670,id_4670,0.5488,True
id_4670,id_4670,0.4501,True
id_4670,id_4670,0.6155,True
id_4670,id_56,0.4922,False
id_4670,id_8428,0.4264,False
id_4670,id_4670,0.7224,True
id_4670,id_4670,0.5012,True
id_4670,id_3911,0.4396,False
id_4670,id_4670,0.5513,True
id_4670,id_4670,0.6821,True
id_4670,id_8531,0.3963,False
id_4670,id_4670,0.5580,True
id_4670,id_10289,0.4119,False
id_4670,id_3289,0.3319,False
id_4670,id_4670,0.5782,True
id_4670,id_4670,0.4993,True
id_4670,id_4670,0.6355,True
id_4670,id_7917,0.3322,False
id_4670,id_4670,0.5616,True
id_4670,id_4670,0.5583,True
id_4670,id_8639,0.4907,False
id_4670,id_3538,0.2818,False
id_4670,id_4670,0.6096,True
id_4670,id_4670,0.6336,True
id_4670,id_4670,0.5354,True
id_4670,id_4670,0.4292,True
id_4670,id_4670,0.4665,True
id_4670,id_4670,0.4558,True
id_4670,id_4956,0.3878,False
id_4670,id_4670,0.6264,True
id_4670,id_10079,0.4088,False
id_4670,id_4670,0.6145,True
id_4670,id_4670,0.5613,True
id_4670,id_4670,0.6901,True
id_4670,id_4670,0.4222,True
id_4670,id_5202,0.4028,False
id_4670,id_4670,0.4270,True
id_4670,id_4670,0.5914,True
id_4670,id_4670,0.5990,True
id_4670,id_7506,0.4374,False
id_4670,id_4670,0.6407,True
id_4670,id_6568,0.3590,False
id_4670,id_4670,0.4466,True
id_4670,id_6376,0.4211,False
id_4670,id_4670,0.5909,True
id_4670,id_4670,0.4788,True
id_4670,id_5282,0.3975,False
id_4670,id_8781,0.4004,False
id_4670,id_4670,0.4721,True
id_4670,id_4670,0.6386,True
id_4670,id_4670,0.6286,True
id_4670,id_4670,0.6280,True
id_4670,id_4670,0.5839,True
id_4670,id_4670,0.6573,True
id_4670,id_4670,0.5922,True
id_4670,id_4670,0.4139,True
id_6839,id_6839,0.4537,True
id_6839,id_8613,0.3797,False
id_6839,id_6839,0.6303,True
id_6839,id_5309,0.4323,False
id_6839,id_6839,0.6332,True
id_6839,id_6839,0.4733,True
id_6839,id_6839,0.5256,True
id_6839,id_6839,0.6848,True
id_6839,id_6839,0.5437,True
id_6839,id_6839,0.5526,True
id_6839,id_526,0.3452,False
id_6839,id_6839,0.6363,True
id_1003,id_1003,0.5847,True
id_1003,id_1003,0.4534,True
id_1003,id_1003,0.5116,True
id_1003,id_1003,0.4890,True
id_1003,id_1003,0.4010,True
id_1003,id_1003,0.3972,True
id_9508,id_9508,0.6650,True
id_9508,id_9508,0.5091,True
id_9508,id_6313,0.3795,False
id_9508,id_9508,0.4955,True
id_9508,id_9508,0.5979,True
id_9508,id_7446,0.3538,False
id_9508,id_9508,0.2890,True
id_9508,id_9032,0.4007,False
id_9508,id_9508,0.5630,True
id_9508,id_9508,0.6795,True
id_9508,id_9508,0.6844,True
id_9508,id_9508,0.4765,True
id_9508,id_9508,0.4837,True
id_9508,id_9508,0.6517,True
id_9508,id_9508,0.4788,True
id_9508,id_9508,0.6575,True
id_9508,id_9508,0.6658,True
id_9508,id_9508,0.6247,True
id_9508,id_9508,0.6366,True
id_9508,id_9508,0.6443,True
id_9508,id_9508,0.5352,True
id_4379,id_4379,0.4598,True
id_4379,id_4379,0.4825,True
id_4379,id_4379,0.5196,True
id_4379,id_4379,0.4755,True
id_4379,id_7380,0.3851,False
id_4379,id_4379,0.4980,True
id_4379,id_9599,0.4994,False
id_4379,id_4379,0.6360,True
id_4379,id_3461,0.3981,False
id_4379,id_4379,0.4887,True
id_4379,id_4715,0.3738,False
id_4379,id_4379,0.5775,True
id_9753,id_8531,0.4535,False
id_9753,id_9753,0.5769,True
id_9753,id_9753,0.6074,True
id_9753,id_5010,0.4775,False
id_9753,id_4359,0.2974,False
id_9753,id_3520,0.4624,False
id_9753,id_9753,0.4660,True
id_9753,id_9753,0.4056,True
id_9753,id_4874,0.3567,False
id_9753,id_9753,0.4811,True
id_9753,id_9753,0.6559,True
id_9753,id_2590,0.4456,False
id_9753,id_9753,0.5843,True
id_9753,id_9945,0.4187,False
id_9753,id_9753,0.4593,True
id_414,id_9530,0.4293,False
id_414,id_414,0.6018,True
id_414,id_1888,0.5212,False
id_414,id_414,0.4470,True
id_414,id_2149,0.4831,False
id_414,id_414,0.4816,True
id_414,id_414,0.4887,True
id_414,id_414,0.4883,True
id_414,id_168,0.4251,False
id_414,id_7174,0.4441,False
id_414,id_10313,0.3392,False
id_414,id_414,0.5224,True
id_414,id_414,0.6562,True
id_414,id_2832,0.3707,False
id_6005,id_6005,0.5110,True
id_6005,id_2358,0.4794,False
id_6005,id_5956,0.3650,False
id_6005,id_6005,0.5392,True
id_6005,id_3503,0.3742,False
id_6005,id_7367,0.4318,False
id_6005,id_6005,0.4835,True
id_6005,id_6005,0.5500,True
id_2672,id_9766,0.4136,False
id_2672,id_10079,0.4200,False
id_2672,id_2867,0.4359,False
id_2672,id_2303,0.4025,False
id_2672,id_6334,0.5086,False
id_2672,id_2672,0.5272,True
id_2672,id_2672,0.4294,True
id_2672,id_2672,0.5338,True
id_2672,id_5988,0.4690,False
id_7403,id_7403,0.5151,True
id_7403,id_7403,0.5751,True
id_7403,id_7403,0.4487,True
id_7403,id_1222,0.4480,False
id_7403,id_7403,0.5249,True
id_7403,id_3926,0.3782,False
id_7403,id_2424,0.5172,False
id_7403,id_10532,0.3775,False
id_7403,id_1268,0.4416,False
id_3165,id_7300,0.5590,False
id_3165,id_5223,0.4086,False
id_3165,id_3165,0.6688,True
id_3165,id_5687,0.4405,False
id_3165,id_3165,0.5910,True
id_3165,id_3165,0.4689,True
id_3165,id_3165,0.7137,True
id_3165,id_3911,0.3862,False
id_3165,id_239,0.5098,False
id_3165,id_556,0.4116,False
id_3165,id_3165,0.4681,True
id_3165,id_7712,0.3972,False
id_3165,id_3165,0.6051,True
id_3165,id_9496,0.4125,False
id_3165,id_3165,0.6036,True
id_3165,id_3165,0.5713,True
id_3165,id_69,0.4804,False
id_3165,id_3165,0.5535,True
id_3165,id_3165,0.5992,True
id_3165,id_3165,0.6862,True
id_3165,id_3165,0.6630,True
id_3165,id_3165,0.4867,True
id_3165,id_3165,0.6926,True
id_3165,id_476,0.4223,False
id_3165,id_5801,0.3956,False
id_3165,id_3165,0.5952,True
id_3165,id_2354,0.3988,False
id_3165,id_4075,0.4391,False
id_3165,id_8677,0.4522,False
id_3165,id_3165,0.5958,True
id_3165,id_3165,0.6035,True
id_3165,id_7300,0.4872,False
id_3165,id_3165,0.6610,True
id_3165,id_3165,0.6627,True
id_3165,id_2354,0.3972,False
id_3165,id_3660,0.5517,False
id_3165,id_6543,0.3259,False
id_3165,id_3165,0.5955,True
id_3165,id_3165,0.6891,True
id_3165,id_3165,0.6824,True
id_3165,id_3165,0.6474,True
id_3165,id_3165,0.5771,True
id_3165,id_3165,0.5870,True
id_3165,id_3165,0.6548,True
id_3165,id_3165,0.7651,True
id_3165,id_594,0.4033,False
id_3165,id_6089,0.3662,False
id_3165,id_9288,0.3505,False
id_3165,id_3165,0.6285,True
id_3165,id_1542,0.4504,False
id_3165,id_3165,0.7049,True
id_3165,id_3165,0.6293,True
id_3165,id_2354,0.4213,False
id_3165,id_3165,0.5627,True
id_3165,id_5794,0.2494,False
id_3165,id_3165,0.5656,True
id_3165,id_3165,0.7078,True
id_3165,id_7300,0.4812,False
id_3165,id_3165,0.5736,True
id_3165,id_3165,0.5498,True
id_3165,id_4882,0.4179,False
id_3165,id_2751,0.4401,False
id_3165,id_3165,0.6232,True
id_3165,id_3165,0.5649,True
id_3165,id_3165,0.5717,True
id_3165,id_3165,0.5255,True
id_3165,id_3165,0.6780,True
id_3165,id_3165,0.6411,True
id_3165,id_3165,0.6326,True
id_3165,id_3165,0.4803,True
id_3165,id_1897,0.4500,False
id_3165,id_3165,0.5713,True
id_3165,id_3165,0.4288,True
id_3165,id_3165,0.5437,True
id_3165,id_3165,0.5944,True
id_3165,id_7712,0.4227,False
id_3165,id_3165,0.6471,True
id_3165,id_3165,0.6543,True
id_3165,id_9496,0.3696,False
id_3165,id_3165,0.6127,True
id_3165,id_3165,0.6202,True
id_3165,id_3165,0.6199,True
id_3165,id_3165,0.4316,True
id_3165,id_3165,0.5738,True
id_3165,id_3165,0.6797,True
id_3165,id_2701,0.3786,False
id_3165,id_3165,0.5338,True
id_3165,id_3165,0.5146,True
id_3165,id_5965,0.4131,False
id_3165,id_3165,0.6757,True
id_3165,id_5472,0.4131,False
id_3165,id_3165,0.7423,True
id_3165,id_3165,0.6363,True
id_3165,id_5794,0.5158,False
id_3165,id_3165,0.5800,True
id_3165,id_3165,0.6956,True
id_3165,id_8035,0.3907,False
id_3165,id_3165,0.6314,True
id_3165,id_2751,0.4180,False
id_3165,id_3165,0.6453,True
id_3165,id_3165,0.7031,True
id_3165,id_3165,0.5081,True
id_3165,id_3165,0.5588,True
id_3165,id_2354,0.4596,False
id_3165,id_3165,0.6769,True
id_3165,id_3165,0.6152,True
id_3165,id_3165,0.5606,True
id_3165,id_5018,0.5496,False
id_3165,id_3165,0.5177,True
id_3165,id_3165,0.6649,True
id_3963,id_3963,0.6403,True
id_3963,id_3963,0.5770,True
id_3963,id_3963,0.5202,True
id_3963,id_3311,0.3337,False
id_3963,id_3963,0.4848,True
id_3963,id_10511,0.3840,False
id_3963,id_10471,0.4648,False
id_9835,id_9835,0.7295,True
id_9835,id_9835,0.7000,True
id_9835,id_9835,0.5651,True
id_9835,id_9835,0.7783,True
id_9835,id_9835,0.5040,True
id_9835,id_9835,0.5863,True
id_9835,id_9835,0.7406,True
id_9835,id_9835,0.4559,True
id_5010,id_5010,0.6181,True
id_5010,id_7174,0.3393,False
id_5010,id_4710,0.3637,False
id_5010,id_2257,0.3886,False
id_5010,id_5010,0.7564,True
id_5010,id_715,0.4143,False
id_5010,id_5010,0.6018,True
id_5010,id_5010,0.6104,True
id_5010,id_5010,0.5455,True
id_5010,id_5010,0.6188,True
id_5010,id_5010,0.4431,True
id_5010,id_5010,0.6700,True
id_5010,id_5010,0.5447,True
id_5010,id_2101,0.4210,False
id_5010,id_5010,0.5599,True
id_5010,id_4897,0.4352,False
id_5010,id_5010,0.5242,True
id_5010,id_5010,0.7101,True
id_5010,id_5010,0.5482,True
id_5010,id_3926,0.3338,False
id_5010,id_2500,0.3316,False
id_5010,id_5010,0.5707,True
id_3397,id_3397,0.4992,True
id_3397,id_1597,0.4243,False
id_3397,id_2415,0.3963,False
id_3397,id_3397,0.5709,True
id_3397,id_5726,0.4569,False
id_3397,id_3397,0.4995,True
id_3397,id_3397,0.5386,True
id_3397,id_1752,0.4191,False
id_1113,id_1952,0.3364,False
id_1113,id_1113,0.4048,True
id_1113,id_5209,0.4168,False
id_1113,id_1113,0.4032,True
id_1113,id_1113,0.4033,True
id_1113,id_1113,0.4626,True
id_1113,id_4820,0.3312,False
id_1113,id_8953,0.4633,False
id_1113,id_1113,0.5505,True
id_1113,id_1113,0.5013,True
id_1113,id_2802,0.4778,False
id_177,id_177,0.6020,True
id_177,id_177,0.5868,True
id_177,id_177,0.4170,True
id_177,id_177,0.4733,True
id_177,id_7620,0.3216,False
id_177,id_526,0.4461,False
id_177,id_177,0.5465,True
id_177,id_177,0.5771,True
id_177,id_177,0.4065,True
id_177,id_9699,0.3841,False
id_177,id_177,0.5124,True
id_177,id_177,0.5816,True
id_177,id_177,0.6413,True
id_177,id_177,0.5805,True
id_177,id_177,0.6230,True
id_177,id_177,0.5898,True
id_177,id_177,0.4996,True
id_177,id_177,0.5365,True
id_177,id_3051,0.4007,False
id_177,id_177,0.5363,True
id_177,id_4436,0.3647,False
id_177,id_9550,0.3959,False
id_177,id_177,0.6721,True
id_177,id_177,0.7621,True
id_177,id_177,0.4388,True
id_177,id_177,0.5791,True
id_177,id_177,0.4016,True
id_177,id_177,0.5921,True
id_177,id_177,0.4985,True
id_177,id_177,0.5801,True
id_177,id_177,0.5335,True
id_177,id_1268,0.3645,False
id_177,id_177,0.6504,True
id_177,id_177,0.5529,True
id_177,id_4698,0.3447,False
id_177,id_177,0.4009,True
id_8870,id_8870,0.7565,True
id_8870,id_8870,0.5210,True
id_8870,id_8870,0.6313,True
id_8870,id_8870,0.4792,True
id_8870,id_8870,0.4704,True
id_8870,id_8870,0.6386,True
id_8870,id_8870,0.6283,True
id_8870,id_8870,0.7272,True
id_8870,id_8959,0.4654,False
id_8870,id_8870,0.5947,True
id_8870,id_8870,0.5393,True
id_8870,id_8870,0.5712,True
id_8870,id_8870,0.7657,True
id_8870,id_8870,0.5794,True
id_8870,id_8870,0.4851,True
id_8870,id_8870,0.5579,True
id_8870,id_8870,0.6797,True
id_8870,id_8870,0.5667,True
id_8870,id_1674,0.4704,False
id_8870,id_8870,0.4726,True
id_8870,id_6560,0.4347,False
id_8870,id_8870,0.5226,True
id_8870,id_8870,0.3926,True
id_8870,id_10239,0.4625,False
id_8870,id_8870,0.5843,True
id_8870,id_9188,0.3033,False
id_8870,id_2424,0.2847,False
id_5405,id_5405,0.5334,True
id_5405,id_5405,0.8060,True
id_5405,id_5405,0.8117,True
id_5405,id_5405,0.6764,True
id_5405,id_5405,0.6616,True
id_8440,id_8440,0.6468,True
id_8440,id_8440,0.6174,True
id_8440,id_8440,0.7643,True
id_8440,id_8440,0.5760,True
id_8440,id_8440,0.7314,True
id_8440,id_8440,0.6999,True
id_8440,id_8440,0.3928,True
id_8440,id_8440,0.6416,True
id_8440,id_8440,0.7046,True
id_8440,id_8440,0.3807,True
id_8440,id_8440,0.7463,True
id_8440,id_8440,0.8091,True
id_8440,id_8440,0.6568,True
id_8440,id_8440,0.8517,True
id_2103,id_2103,0.5016,True
id_2103,id_7218,0.4980,False
id_2103,id_2103,0.4611,True
id_2103,id_2103,0.4912,True
id_2103,id_2103,0.5628,True
id_2103,id_2103,0.5732,True
id_2103,id_2103,0.6494,True
id_2103,id_2103,0.5708,True
id_2103,id_1885,0.5381,False
id_2103,id_5282,0.2819,False
id_2103,id_9668,0.4963,False
id_2103,id_2103,0.4347,True
id_5801,id_5801,0.4741,True
id_5801,id_2149,0.3723,False
id_5801,id_9096,0.4271,False
id_5801,id_5801,0.5154,True
id_5801,id_5801,0.4696,True
id_5801,id_5801,0.5387,True
id_5801,id_5801,0.4848,True
id_5801,id_3153,0.3843,False
id_5801,id_5801,0.5093,True
id_5801,id_5801,0.4936,True
id_5801,id_6284,0.2960,False
id_5801,id_5801,0.5649,True
id_5801,id_9496,0.4443,False
id_5801,id_5018,0.4252,False
id_5801,id_5801,0.5863,True
id_5801,id_6703,0.4221,False
id_5801,id_5801,0.3312,True
id_5801,id_4875,0.4511,False
id_5801,id_1843,0.4747,False
id_5801,id_5801,0.3761,True
id_3735,id_3735,0.5860,True
id_3735,id_3735,0.6236,True
id_3735,id_3735,0.6498,True
id_3735,id_3735,0.5556,True
id_3735,id_3735,0.5924,True
id_3735,id_3735,0.6603,True
id_3735,id_3735,0.5406,True
id_3735,id_3735,0.4314,True
id_3735,id_3735,0.5264,True
id_2410,id_8781,0.4603,False
id_2410,id_2410,0.6852,True
id_2410,id_2410,0.6151,True
id_2410,id_2410,0.7409,True
id_2410,id_2410,0.7162,True
id_2410,id_9716,0.3654,False
id_2410,id_2410,0.6867,True
id_2410,id_2410,0.5917,True
id_2361,id_6543,0.3741,False
id_2361,id_5198,0.3311,False
id_2361,id_10213,0.5128,False
id_2361,id_10313,0.4015,False
id_2361,id_6011,0.4418,False
id_2361,id_4925,0.3193,False
id_2361,id_2361,0.3873,True
id_2361,id_221,0.3252,False
id_8959,id_5827,0.3174,False
id_8959,id_8959,0.4786,True
id_8959,id_8959,0.4781,True
id_8959,id_1654,0.4131,False
id_8959,id_8959,0.4890,True
id_8959,id_10483,0.2870,False
id_8959,id_834,0.3544,False
id_8959,id_8959,0.5181,True
id_8959,id_8959,0.5235,True
id_8959,id_7806,0.3371,False
id_8959,id_8959,0.4825,True
id_8959,id_8959,0.5858,True
id_8959,id_8959,0.4433,True
id_9550,id_2950,0.3685,False
id_9550,id_9550,0.5729,True
id_9550,id_4966,0.4293,False
id_9550,id_9550,0.6791,True
id_9550,id_9550,0.6717,True
id_9550,id_9030,0.3994,False
id_9550,id_1360,0.4349,False
id_9550,id_9550,0.5398,True
id_9550,id_6667,0.4647,False
id_9550,id_6336,0.3655,False
id_9550,id_8035,0.3369,False
id_9550,id_9550,0.5647,True
id_6476,id_8959,0.4739,False
id_6476,id_9555,0.4188,False
id_6476,id_8385,0.4312,False
id_6476,id_7524,0.3279,False
id_6476,id_6476,0.4955,True
id_6476,id_8866,0.4979,False
id_6476,id_7511,0.4652,False
id_6476,id_6476,0.5852,True
id_6476,id_6476,0.6535,True
id_6476,id_6476,0.5111,True
id_5232,id_9905,0.4648,False
id_5232,id_4619,0.4243,False
id_5232,id_5232,0.3716,True
id_5232,id_8970,0.4830,False
id_5232,id_6024,0.3554,False
id_5232,id_3578,0.3791,False
id_5232,id_520,0.4171,False
id_5232,id_1765,0.3390,False
id_5232,id_5232,0.5005,True
id_5232,id_7712,0.4129,False
id_5232,id_5232,0.4927,True
id_5232,id_5232,0.4412,True
id_5232,id_5232,0.4515,True
id_5232,id_9838,0.4924,False
id_6642,id_2303,0.4937,False
id_6642,id_6642,0.5515,True
id_6642,id_6642,0.5985,True
id_6642,id_6642,0.4851,True
id_6642,id_6642,0.5608,True
id_6642,id_8036,0.4357,False
id_6642,id_1897,0.4797,False
id_6642,id_2435,0.4051,False
id_6642,id_6642,0.5746,True
id_2,id_2,0.4614,True
id_2,id_2,0.5969,True
id_2,id_6321,0.4119,False
id_2,id_10464,0.4283,False
id_2,id_2,0.3961,True
id_2,id_3051,0.5057,False
id_2,id_2902,0.5104,False
id_2,id_4170,0.3542,False
id_2,id_3165,0.3041,False
id_2,id_3735,0.3119,False
id_2,id_1597,0.3637,False
id_2,id_3735,0.4723,False
id_2,id_2,0.5126,True
id_2,id_4247,0.3950,False
id_2,id_8170,0.3522,False
id_2,id_5437,0.3696,False
id_2,id_7904,0.3288,False
id_2,id_1360,0.3269,False
id_2,id_2,0.4913,True
id_2,id_2,0.3954,True
id_2,id_2,0.3375,True
id_2,id_6368,0.3917,False
id_2,id_8787,0.4271,False
id_2,id_4619,0.4169,False
id_2,id_2,0.4029,True
id_2,id_2,0.5609,True
id_2,id_3311,0.4253,False
id_4358,id_4358,0.4701,True
id_4358,id_2751,0.5135,False
id_4358,id_9230,0.4799,False
id_4358,id_4358,0.4471,True
id_4358,id_8021,0.3722,False
id_4358,id_4358,0.5056,True
id_4358,id_9171,0.3528,False
id_4358,id_9018,0.3558,False
id_4358,id_168,0.5050,False
id_4358,id_6457,0.4994,False
id_5045,id_1154,0.3082,False
id_5045,id_4968,0.3135,False
id_5045,id_5045,0.6316,True
id_5045,id_5045,0.4585,True
id_5045,id_5045,0.4805,True
id_5045,id_5045,0.7693,True
id_5045,id_5045,0.7006,True
id_5045,id_5045,0.5537,True
id_5045,id_5045,0.6047,True
id_4162,id_4162,0.4318,True
id_4162,id_4162,0.5651,True
id_4162,id_4162,0.5479,True
id_4162,id_7403,0.4251,False
id_4162,id_4162,0.6081,True
id_4162,id_221,0.3256,False
id_4162,id_953,0.4626,False
id_4162,id_4162,0.4590,True
id_4162,id_4162,0.6789,True
id_4162,id_4162,0.5303,True
id_4162,id_4162,0.5178,True
id_4162,id_4162,0.5099,True
id_4162,id_2838,0.3880,False
id_4162,id_4162,0.6172,True
id_4162,id_4162,0.5179,True
id_4162,id_5472,0.4523,False
id_4162,id_4162,0.5843,True
id_4162,id_4162,0.5274,True
id_4162,id_4162,0.4552,True
id_4162,id_4162,0.6026,True
id_4162,id_4162,0.5746,True
id_4162,id_6115,0.4248,False
id_4162,id_4162,0.6921,True
id_4162,id_2287,0.4426,False
id_4162,id_7381,0.4603,False
id_4162,id_4162,0.5708,True
id_4162,id_1597,0.3173,False
id_4162,id_4162,0.6431,True
id_4162,id_4162,0.6638,True
id_4162,id_10532,0.4232,False
id_4162,id_5232,0.2835,False
id_4162,id_4162,0.5767,True
id_4162,id_4162,0.6249,True
id_4162,id_8206,0.4048,False
id_4162,id_1597,0.4756,False
id_4162,id_4162,0.6741,True
id_4162,id_4162,0.6566,True
id_4162,id_4162,0.5249,True
id_4162,id_4162,0.5775,True
id_4433,id_4433,0.7017,True
id_4433,id_4433,0.5797,True
id_4433,id_4433,0.6122,True
id_4433,id_6213,0.3145,False
id_4433,id_1360,0.4157,False
id_4433,id_4433,0.6051,True
id_4433,id_4433,0.5726,True
id_4433,id_5870,0.3874,False
id_4433,id_6213,0.5148,False
id_4433,id_4433,0.7453,True
id_4433,id_4433,0.7085,True
id_4433,id_4433,0.5887,True
id_4433,id_4433,0.6318,True
id_3350,id_3350,0.6274,True
id_3350,id_3350,0.4580,True
id_3350,id_3350,0.5976,True
id_3350,id_3350,0.6897,True
id_3350,id_3350,0.8323,True
id_3350,id_3350,0.7129,True
id_3350,id_3350,0.7164,True
id_3350,id_3350,0.6344,True
id_3350,id_3350,0.6683,True
id_3350,id_3350,0.7771,True
id_3350,id_3350,0.6870,True
id_3350,id_3350,0.7129,True
id_3350,id_3350,0.6940,True
id_3350,id_3379,0.3435,False
id_3350,id_3350,0.6855,True
id_3350,id_3350,0.4444,True
id_3350,id_3350,0.4564,True
id_3350,id_3350,0.7890,True
id_3350,id_3350,0.7923,True
id_3350,id_3350,0.5201,True
id_3350,id_3350,0.7379,True
id_3350,id_3350,0.7405,True
id_3350,id_3350,0.7163,True
id_3350,id_3350,0.6697,True
id_3350,id_3350,0.7224,True
id_3350,id_3350,0.5504,True
id_3350,id_3350,0.7547,True
id_3350,id_3350,0.6969,True
id_3350,id_3350,0.6316,True
id_3350,id_3350,0.7552,True
id_3350,id_3350,0.5653,True
id_3350,id_3350,0.6823,True
id_3350,id_3350,0.6087,True
id_3350,id_3350,0.7482,True
id_2291,id_2902,0.3816,False
id_2291,id_2291,0.6180,True
id_2291,id_2291,0.5161,True
id_2291,id_2291,0.7064,True
id_2291,id_2291,0.6120,True
id_2291,id_2291,0.4891,True
id_2291,id_2291,0.6919,True
id_2291,id_6319,0.3818,False
id_2291,id_2291,0.6647,True
id_2291,id_2291,0.7213,True
id_2291,id_2291,0.5930,True
id_2291,id_2291,0.6583,True
id_2291,id_2291,0.5526,True
id_2291,id_2291,0.6439,True
id_2291,id_1597,0.5571,False
id_2291,id_2291,0.4587,True
id_2291,id_2364,0.3609,False
id_2291,id_2291,0.7068,True
id_2291,id_2291,0.5487,True
id_2291,id_2291,0.6326,True
id_2291,id_5593,0.3316,False
id_2291,id_4492,0.3399,False
id_2291,id_2291,0.4761,True
id_2291,id_2291,0.5508,True
id_2291,id_2291,0.6549,True
id_2291,id_2291,0.6437,True
id_2291,id_753,0.4013,False
id_2291,id_2291,0.5306,True
id_2291,id_2291,0.6838,True
id_2291,id_2409,0.3003,False
id_2291,id_2291,0.5501,True
id_6189,id_6189,0.4300,True
id_6189,id_4748,0.3576,False
id_6189,id_6189,0.5788,True
id_6189,id_6189,0.5093,True
id_6189,id_3736,0.2771,False
id_6189,id_10468,0.4449,False
id_6189,id_5013,0.5132,False
id_6189,id_7733,0.3464,False
id_6189,id_6189,0.4516,True
id_1674,id_1674,0.6576,True
id_1674,id_1674,0.6343,True
id_1674,id_1674,0.5655,True
id_1674,id_1674,0.6284,True
id_1674,id_1674,0.7128,True
id_1674,id_1674,0.6072,True
id_1674,id_1674,0.6415,True
id_6313,id_6313,0.6515,True
id_6313,id_6313,0.3686,True
id_6313,id_4459,0.3633,False
id_6313,id_4459,0.4240,False
id_6313,id_6313,0.5997,True
id_6313,id_6313,0.4053,True
id_7184,id_3153,0.3603,False
id_7184,id_7184,0.4416,True
id_7184,id_8204,0.4697,False
id_7184,id_8301,0.3151,False
id_7184,id_7184,0.4411,True
id_7184,id_4925,0.4307,False
id_7184,id_7184,0.5774,True
id_7184,id_7184,0.3762,True
id_7184,id_6376,0.3484,False
id_7184,id_7184,0.5029,True
id_7184,id_7184,0.4671,True
id_7184,id_7184,0.5506,True
id_7184,id_7184,0.5208,True
id_7184,id_7184,0.5230,True
id_7184,id_7184,0.4344,True
id_7184,id_7184,0.5162,True
id_7184,id_7184,0.5681,True
id_4373,id_4373,0.8141,True
id_4373,id_4373,0.7003,True
id_4373,id_4373,0.7749,True
id_4373,id_4373,0.5560,True
id_4373,id_4373,0.6580,True
id_4373,id_4373,0.5859,True
id_4373,id_4373,0.7040,True
id_4373,id_4373,0.7582,True
id_4373,id_4373,0.6349,True
id_4373,id_5310,0.3485,False
id_4373,id_4373,0.7861,True
id_4373,id_4373,0.7592,True
id_4373,id_4373,0.6835,True
id_4373,id_4373,0.7227,True
id_4373,id_4373,0.5512,True
id_4373,id_4373,0.7649,True
id_4373,id_2101,0.4169,False
id_4373,id_4373,0.7609,True
id_4373,id_4373,0.6909,True
id_4373,id_4373,0.6770,True
id_4373,id_4373,0.7268,True
id_4373,id_4373,0.7163,True
id_4373,id_4373,0.7018,True
id_4373,id_4373,0.6403,True
id_4373,id_4373,0.7957,True
id_4373,id_4373,0.7361,True
id_4373,id_4373,0.6907,True
id_4373,id_4373,0.6915,True
id_4373,id_4373,0.6332,True
id_4373,id_10116,0.4473,False
id_4373,id_4373,0.7478,True
id_4373,id_4373,0.7155,True
id_4373,id_4373,0.6159,True
id_4373,id_4373,0.7093,True
id_4373,id_4373,0.7610,True
id_4373,id_4373,0.7836,True
id_4373,id_4373,0.6306,True
id_4373,id_4373,0.7394,True
id_9517,id_8787,0.3361,False
id_9517,id_10313,0.3850,False
id_9517,id_9946,0.3489,False
id_9517,id_9517,0.4062,True
id_9517,id_9695,0.3909,False
id_9517,id_2751,0.4780,False
id_9517,id_6543,0.4100,False
id_9517,id_9171,0.4580,False
id_9517,id_9517,0.5023,True
id_9517,id_9517,0.5201,True
id_9517,id_4956,0.4000,False
id_9517,id_4716,0.3565,False
id_9517,id_5509,0.3297,False
id_9517,id_8637,0.4434,False
id_7079,id_7079,0.5019,True
id_7079,id_2101,0.3845,False
id_7079,id_7079,0.4830,True
id_7079,id_7079,0.5713,True
id_7079,id_7079,0.5228,True
id_7079,id_7079,0.6615,True
id_7079,id_7079,0.6539,True
id_7079,id_7079,0.5450,True
id_7079,id_7079,0.6870,True
id_7079,id_7079,0.7257,True
id_7079,id_7079,0.6514,True
id_7079,id_7079,0.6483,True
id_7079,id_9351,0.4671,False
id_7079,id_7079,0.5786,True
id_7079,id_8469,0.3619,False
id_7079,id_7079,0.6541,True
id_7079,id_7079,0.6894,True
id_7079,id_7079,0.7660,True
id_7079,id_7079,0.5652,True
id_7079,id_7079,0.6993,True
id_7079,id_7079,0.6983,True
id_7079,id_7079,0.5874,True
id_7079,id_7079,0.7073,True
id_7079,id_6376,0.4891,False
id_7079,id_7079,0.7147,True
id_7079,id_7079,0.6437,True
id_7079,id_7079,0.6686,True
id_7079,id_7079,0.5361,True
id_7079,id_5509,0.4466,False
id_7079,id_7079,0.6866,True
id_7079,id_7079,0.7140,True
id_7079,id_7079,0.7220,True
id_7079,id_7079,0.7488,True
id_7079,id_7079,0.6665,True
id_7079,id_7079,0.6024,True
id_7079,id_7079,0.5582,True
id_7079,id_7079,0.6300,True
id_7079,id_7079,0.7164,True
id_7079,id_7079,0.4665,True
id_7079,id_7079,0.4709,True
id_7079,id_7079,0.7295,True
id_7079,id_7079,0.7005,True
id_7079,id_7079,0.7473,True
id_7079,id_7079,0.5022,True
id_7079,id_714,0.3366,False
id_7079,id_7079,0.5916,True
id_7079,id_7079,0.5597,True
id_7079,id_7079,0.6465,True
id_7079,id_7079,0.5330,True
id_7079,id_7079,0.6517,True
id_7079,id_2101,0.4434,False
id_7079,id_7079,0.6826,True
id_7079,id_7079,0.6402,True
id_7079,id_7079,0.5700,True
id_7079,id_7079,0.6643,True
id_7079,id_5419,0.3509,False
id_7079,id_7079,0.7004,True
id_7079,id_7079,0.6815,True
id_7079,id_7079,0.3663,True
id_7079,id_7079,0.6991,True
id_7079,id_7079,0.7607,True
id_7079,id_7079,0.5312,True
id_7079,id_7079,0.4922,True
id_7079,id_7079,0.6810,True
id_7079,id_7079,0.6750,True
id_7079,id_7079,0.5298,True
id_7079,id_7079,0.6857,True
id_7079,id_7079,0.6816,True
id_7079,id_2354,0.4322,False
id_7079,id_7079,0.6791,True
id_7079,id_7079,0.6982,True
id_7079,id_7079,0.7092,True
id_7079,id_7079,0.6490,True
id_7079,id_7079,0.6729,True
id_7079,id_7079,0.5471,True
id_7079,id_7079,0.6679,True
id_56,id_9398,0.3682,False
id_56,id_56,0.6426,True
id_56,id_2947,0.2983,False
id_56,id_346,0.4728,False
id_56,id_834,0.3435,False
id_56,id_5425,0.3699,False
id_56,id_6221,0.3128,False
id_56,id_1055,0.4789,False
id_56,id_1393,0.3826,False
id_56,id_56,0.6095,True
id_56,id_2985,0.4642,False
id_56,id_56,0.4224,True
id_56,id_56,0.4826,True
id_56,id_56,0.5414,True
id_56,id_56,0.4189,True
id_56,id_4938,0.2799,False
id_56,id_56,0.6502,True
id_56,id_56,0.5739,True
id_56,id_1755,0.3400,False
id_56,id_56,0.3771,True
id_56,id_56,0.6357,True
id_56,id_56,0.4583,True
id_56,id_56,0.5273,True
id_56,id_56,0.5051,True
id_56,id_2985,0.3865,False
id_56,id_5232,0.3831,False
id_56,id_56,0.6450,True
id_56,id_1312,0.2971,False
id_56,id_56,0.5357,True
id_56,id_4567,0.3730,False
id_56,id_5018,0.4103,False
id_56,id_5956,0.3476,False
id_56,id_1393,0.3550,False
id_56,id_5018,0.3449,False
id_56,id_4532,0.4053,False
id_56,id_56,0.5764,True
id_56,id_56,0.6237,True
id_56,id_56,0.4669,True
id_56,id_56,0.6167,True
id_56,id_505,0.4031,False
id_56,id_56,0.5966,True
id_56,id_56,0.5422,True
id_56,id_3497,0.4158,False
id_56,id_56,0.4217,True
id_56,id_3754,0.4685,False
id_56,id_7451,0.3846,False
id_56,id_1168,0.3306,False
id_56,id_8685,0.5154,False
id_56,id_56,0.4846,True
id_56,id_56,0.7298,True
id_56,id_9753,0.3541,False
id_56,id_2985,0.4209,False
id_56,id_56,0.5840,True
id_56,id_7300,0.4461,False
id_56,id_56,0.6554,True
id_56,id_56,0.5846,True
id_56,id_56,0.5792,True
id_56,id_56,0.5543,True
id_56,id_4710,0.4341,False
id_56,id_4710,0.3696,False
id_56,id_10393,0.3120,False
id_56,id_7273,0.3788,False
id_56,id_56,0.6470,True
id_56,id_56,0.4264,True
id_1535,id_2712,0.4319,False
id_1535,id_4801,0.2696,False
id_1535,id_1535,0.4837,True
id_1535,id_541,0.3194,False
id_1535,id_1535,0.4398,True
id_1535,id_1535,0.4211,True
id_1535,id_526,0.3424,False
id_1535,id_4166,0.3811,False
id_1535,id_1535,0.4911,True
id_1535,id_6042,0.2696,False
id_1535,id_1481,0.4256,False
id_1535,id_1535,0.4497,True
id_1535,id_1535,0.3987,True
id_1535,id_3095,0.3944,False
id_1535,id_3195,0.4576,False
id_1535,id_1535,0.5116,True
id_1535,id_1535,0.4097,True
id_1535,id_3589,0.2851,False
id_1535,id_4945,0.2844,False
id_1535,id_4353,0.3357,False
id_1535,id_3106,0.3162,False
id_1535,id_5711,0.3699,False
id_1535,id_5793,0.3731,False
id_1535,id_1535,0.4258,True
id_1535,id_1535,0.5282,True
id_1535,id_1535,0.4701,True
id_1535,id_1535,0.3923,True
id_1535,id_5869,0.4146,False
id_5870,id_1127,0.5501,False
id_5870,id_5870,0.6590,True
id_5870,id_3461,0.3493,False
id_5870,id_5870,0.4673,True
id_5870,id_2058,0.4555,False
id_5870,id_5870,0.5551,True
id_5870,id_5033,0.3670,False
id_5870,id_5870,0.6350,True
id_5740,id_5740,0.5255,True
id_5740,id_5740,0.5046,True
id_5740,id_5740,0.7011,True
id_5740,id_5740,0.5374,True
id_5740,id_5740,0.5439,True
id_5740,id_5486,0.3825,False
id_5740,id_5740,0.7377,True
id_9037,id_9898,0.3577,False
id_9037,id_9037,0.6361,True
id_9037,id_9037,0.5799,True
id_9037,id_9037,0.4128,True
id_9037,id_9037,0.5397,True
id_9037,id_5198,0.4754,False
id_9037,id_8531,0.4248,False
id_9037,id_5134,0.5126,False
id_9037,id_496,0.4482,False
id_9037,id_9037,0.6079,True
id_9037,id_9517,0.4463,False
id_9037,id_9037,0.5912,True
id_9037,id_5422,0.4706,False
id_4285,id_4285,0.7554,True
id_4285,id_4463,0.3499,False
id_4285,id_4285,0.5453,True
id_4285,id_4285,0.4570,True
id_4285,id_10571,0.4949,False
id_4285,id_4285,0.6771,True
id_4285,id_9393,0.3497,False
id_4285,id_4285,0.6312,True
id_4285,id_4118,0.3196,False
id_4285,id_1627,0.4342,False
id_4285,id_4285,0.7018,True
id_4285,id_4285,0.5998,True
id_4285,id_6434,0.4158,False
id_4285,id_7506,0.4812,False
id_4285,id_6266,0.3231,False
id_4285,id_4285,0.6144,True
id_4285,id_4285,0.6295,True
id_4285,id_5202,0.3782,False
id_4285,id_9598,0.3035,False
id_4285,id_4285,0.7328,True
id_4285,id_4285,0.6578,True
id_4285,id_4925,0.3696,False
id_4285,id_4285,0.6877,True
id_4285,id_4285,0.7558,True
id_4285,id_4285,0.4797,True
id_4285,id_4285,0.6915,True
id_4285,id_4285,0.4108,True
id_4285,id_4285,0.4454,True
id_4285,id_4285,0.5353,True
id_4285,id_5010,0.3334,False
id_4285,id_9766,0.4907,False
id_4285,id_4285,0.5034,True
id_4285,id_6543,0.4153,False
id_4285,id_4285,0.6742,True
id_4285,id_4285,0.5242,True
id_4285,id_8301,0.3624,False
id_4285,id_4285,0.5871,True
id_4285,id_4285,0.6707,True
id_4285,id_4285,0.3314,True
id_4285,id_3926,0.3539,False
id_4285,id_4285,0.4086,True
id_4285,id_4285,0.6811,True
id_4285,id_4285,0.7018,True
id_4285,id_4285,0.7658,True
id_4285,id_6568,0.4188,False
id_4285,id_5058,0.4901,False
id_4285,id_4192,0.4289,False
id_4285,id_2775,0.4035,False
id_4285,id_4285,0.6394,True
id_4285,id_4285,0.4789,True
id_4285,id_4285,0.7438,True
id_4285,id_4285,0.6313,True
id_4285,id_4285,0.5593,True
id_4285,id_7032,0.4643,False
id_4285,id_4285,0.5256,True
id_4285,id_4285,0.7311,True
id_4285,id_8977,0.3267,False
id_4285,id_6582,0.4764,False
id_4285,id_8021,0.4283,False
id_4285,id_4285,0.5269,True
id_4285,id_4285,0.3970,True
id_10571,id_10571,0.4961,True
id_10571,id_10571,0.4396,True
id_10571,id_10571,0.5305,True
id_10571,id_10571,0.5274,True
id_10571,id_2741,0.5437,False
id_10571,id_7511,0.4269,False
id_10571,id_10571,0.4833,True
id_10571,id_10571,0.4772,True
id_10571,id_6543,0.4164,False
id_10571,id_4968,0.3583,False
id_10571,id_3397,0.4696,False
id_10571,id_4801,0.2926,False
id_10571,id_10571,0.5564,True
id_10571,id_10571,0.4951,True
id_10571,id_10571,0.5018,True
id_10571,id_5988,0.4501,False
id_10571,id_10571,0.4798,True
id_10571,id_3754,0.4898,False
id_10571,id_10571,0.5273,True
id_10571,id_10571,0.5204,True
id_10571,id_10203,0.3710,False
id_6430,id_4751,0.3992,False
id_6430,id_3497,0.3787,False
id_6430,id_6430,0.5994,True
id_6430,id_6430,0.3725,True
id_6430,id_5956,0.4036,False
id_6430,id_9545,0.3856,False
id_6430,id_6430,0.4710,True
id_6430,id_3051,0.3717,False
id_6430,id_9794,0.3484,False
id_6430,id_10181,0.4901,False
id_6430,id_9945,0.4327,False
id_6430,id_6430,0.4747,True
id_6430,id_9794,0.3331,False
id_6430,id_6430,0.3386,True
id_6430,id_4515,0.4350,False
id_6430,id_6430,0.4093,True
id_4966,id_8243,0.4167,False
id_4966,id_9555,0.5378,False
id_4966,id_10464,0.4044,False
id_4966,id_9699,0.4719,False
id_4966,id_4358,0.3977,False
id_4966,id_4966,0.4056,True
id_4135,id_5297,0.4063,False
id_4135,id_9393,0.4179,False
id_4135,id_475,0.3467,False
id_4135,id_7451,0.3637,False
id_2358,id_7300,0.5801,False
id_2358,id_864,0.3937,False
id_2358,id_2358,0.5533,True
id_2358,id_2358,0.7202,True
id_2358,id_2358,0.5785,True
id_2358,id_2358,0.7367,True
id_2358,id_2358,0.6897,True
id_2358,id_8531,0.3930,False
id_2358,id_2358,0.5862,True
id_2358,id_2358,0.5886,True
id_2358,id_2358,0.6260,True
id_2358,id_3754,0.5308,False
id_2358,id_2358,0.6532,True
id_2358,id_9496,0.4189,False
id_2358,id_2358,0.4663,True
id_2358,id_2358,0.6742,True
id_2358,id_10023,0.3367,False
id_2358,id_2358,0.6821,True
id_2358,id_5486,0.2763,False
id_2358,id_1388,0.3165,False
id_2358,id_6543,0.5057,False
id_2358,id_2358,0.4746,True
id_2358,id_2358,0.5138,True
id_2358,id_2358,0.6768,True
id_2358,id_2358,0.4675,True
id_2358,id_3735,0.3848,False
id_2358,id_2358,0.6373,True
id_2358,id_465,0.3547,False
id_2358,id_2358,0.6087,True
id_2358,id_1597,0.3336,False
id_2358,id_2358,0.6867,True
id_2358,id_2358,0.4844,True
id_2358,id_2358,0.3779,True
id_2358,id_9188,0.3946,False
id_2358,id_2358,0.6107,True
id_9809,id_9809,0.4369,True
id_9809,id_9809,0.6106,True
id_9809,id_9809,0.5646,True
id_9809,id_9809,0.5348,True
id_9809,id_9809,0.6201,True
id_9809,id_9809,0.6766,True
id_9809,id_4541,0.3964,False
id_1312,id_1312,0.5418,True
id_1312,id_1312,0.4863,True
id_1312,id_1312,0.5814,True
id_1312,id_1312,0.6938,True
id_1312,id_1312,0.5424,True
id_1312,id_1312,0.4095,True
id_1312,id_9840,0.3883,False
id_1312,id_1312,0.4633,True
id_1312,id_1312,0.5506,True
id_1312,id_1312,0.6785,True
id_1312,id_1312,0.6222,True
id_1312,id_1312,0.5123,True
id_2409,id_6523,0.4125,False
id_2409,id_2409,0.4655,True
id_2409,id_2409,0.4573,True
id_2409,id_2409,0.5375,True
id_2409,id_2409,0.4952,True
id_2409,id_6028,0.3015,False
id_5011,id_5011,0.4475,True
id_5011,id_5011,0.4764,True
id_5011,id_7273,0.4305,False
id_5011,id_952,0.5286,False
id_5011,id_3041,0.4329,False
id_5011,id_4667,0.2900,False
id_5011,id_9508,0.3090,False
id_5011,id_2712,0.3839,False
id_5011,id_5011,0.4600,True
id_5011,id_5011,0.4408,True
id_5011,id_3519,0.3234,False
id_5011,id_5011,0.5662,True
id_5011,id_7363,0.3586,False
id_5011,id_5011,0.4844,True
id_5011,id_5011,0.5801,True
id_5011,id_4820,0.3674,False
id_5011,id_5011,0.3818,True
id_5011,id_5011,0.3190,True
id_6502,id_864,0.4403,False
id_6502,id_9427,0.5186,False
id_6502,id_1542,0.4449,False
id_6502,id_8807,0.4914,False
id_6502,id_2867,0.3916,False
id_6502,id_8807,0.4279,False
id_10048,id_8622,0.3563,False
id_10048,id_10048,0.3541,True
id_10048,id_10048,0.4678,True
id_10048,id_10048,0.4607,True
id_10048,id_10048,0.4343,True
id_10048,id_10048,0.4711,True
id_6934,id_5419,0.4376,False
id_6934,id_1936,0.4067,False
id_6934,id_6934,0.4002,True
id_6934,id_6934,0.4805,True
id_6934,id_6934,0.5189,True
id_6934,id_6934,0.4302,True
id_6934,id_6934,0.6056,True
id_6934,id_6934,0.4005,True
id_6934,id_6934,0.3210,True
id_6934,id_6934,0.6038,True
id_6934,id_6934,0.5290,True
id_6934,id_4998,0.3457,False
id_6934,id_9599,0.4524,False
id_6934,id_6934,0.5928,True
id_6934,id_6934,0.5762,True
id_6934,id_1360,0.3431,False
id_6934,id_6934,0.4597,True
id_6934,id_6934,0.5964,True
id_6934,id_6934,0.4105,True
id_6934,id_6934,0.4301,True
id_6934,id_6934,0.4647,True
id_6934,id_6934,0.5278,True
id_6934,id_6934,0.4303,True
id_6934,id_6934,0.4723,True
id_6934,id_6934,0.5582,True
id_6934,id_6934,0.4632,True
id_6934,id_6934,0.6132,True
id_6934,id_9619,0.4584,False
id_6934,id_6934,0.6922,True
id_6934,id_6934,0.6035,True
id_6934,id_6934,0.6277,True
id_6934,id_6934,0.4911,True
id_6934,id_6934,0.5221,True
id_6934,id_8946,0.3629,False
id_6934,id_252,0.4656,False
id_6934,id_6648,0.3811,False
id_6934,id_6934,0.5483,True
id_6934,id_6934,0.4790,True
id_6934,id_8199,0.4037,False
id_6934,id_8787,0.3550,False
id_6934,id_6934,0.5434,True
id_6934,id_6934,0.4607,True
id_6934,id_3877,0.3377,False
id_6934,id_6934,0.6140,True
id_6934,id_6934,0.4456,True
id_6934,id_6934,0.5995,True
id_6934,id_9694,0.4006,False
id_6934,id_6934,0.4988,True
id_6934,id_6934,0.5854,True
id_6934,id_9044,0.3480,False
id_6934,id_6934,0.6011,True
id_6934,id_6934,0.5836,True
id_6934,id_6934,0.4597,True
id_6934,id_10023,0.3730,False
id_6934,id_6934,0.3279,True
id_6934,id_6934,0.5275,True
id_6934,id_6934,0.4336,True
id_6934,id_3341,0.3666,False
id_6934,id_6934,0.4159,True
id_6934,id_9288,0.3569,False
id_6934,id_6934,0.5132,True
id_6934,id_6934,0.3399,True
id_6934,id_6934,0.3504,True
id_6934,id_6934,0.6546,True
id_6934,id_6934,0.6065,True
id_6934,id_4369,0.4157,False
id_6934,id_3517,0.4643,False
id_6934,id_6934,0.4241,True
id_6934,id_6934,0.4917,True
id_6934,id_8610,0.4429,False
id_6934,id_6934,0.5998,True
id_6934,id_9267,0.4894,False
id_6934,id_6934,0.4105,True
id_6934,id_7427,0.3959,False
id_6934,id_6934,0.4932,True
id_6934,id_6934,0.4353,True
id_6934,id_6934,0.5106,True
id_6934,id_6934,0.5293,True
id_6934,id_6934,0.3844,True
id_6934,id_6934,0.4814,True
id_6934,id_3206,0.3132,False
id_6934,id_6934,0.5197,True
id_6934,id_6934,0.4080,True
id_6934,id_6934,0.4803,True
id_6934,id_6934,0.3029,True
id_6934,id_9272,0.4725,False
id_6934,id_6934,0.4308,True
id_6934,id_6934,0.4665,True
id_6934,id_6934,0.4862,True
id_6934,id_7427,0.3633,False
id_6934,id_6934,0.4570,True
id_6934,id_6934,0.6427,True
id_6934,id_6934,0.5068,True
id_6934,id_6934,0.4663,True
id_6934,id_6934,0.5270,True
id_6934,id_6934,0.4275,True
id_6934,id_10203,0.5471,False
id_6934,id_6503,0.4045,False
id_6934,id_6934,0.4928,True
id_6934,id_8380,0.3589,False
id_6934,id_6934,0.5672,True
id_6934,id_1168,0.4436,False
id_6934,id_6934,0.6826,True
id_6934,id_6934,0.4740,True
id_6934,id_6934,0.6421,True
id_6934,id_6934,0.5680,True
id_5209,id_5209,0.6779,True
id_5209,id_5209,0.7058,True
id_5209,id_7567,0.4109,False
id_5209,id_5209,0.4062,True
id_5209,id_5209,0.5333,True
id_5209,id_5209,0.5234,True
id_1222,id_1222,0.5582,True
id_1222,id_2500,0.4034,False
id_1222,id_1222,0.6968,True
id_1222,id_1222,0.6623,True
id_1222,id_1222,0.6277,True
id_1222,id_1222,0.5334,True
id_1222,id_1222,0.6196,True
id_1222,id_1222,0.5709,True
id_1222,id_1222,0.7276,True
id_1222,id_2500,0.4248,False
id_1222,id_10482,0.4006,False
id_1222,id_4009,0.3943,False
id_1222,id_1222,0.5428,True
id_1222,id_1222,0.7255,True
id_1222,id_1222,0.6513,True
id_1222,id_1222,0.6424,True
id_1222,id_9530,0.4467,False
id_1222,id_1222,0.6085,True
id_1222,id_3512,0.3224,False
id_1222,id_6380,0.2760,False
id_1222,id_1222,0.6151,True
id_1222,id_1222,0.5901,True
id_1222,id_9530,0.4371,False
id_1222,id_1542,0.4724,False
id_1222,id_1292,0.4247,False
id_1222,id_1321,0.4203,False
id_1222,id_5981,0.4801,False
id_1222,id_1222,0.6454,True
id_1222,id_1222,0.5734,True
id_1222,id_5206,0.3510,False
id_1222,id_1222,0.5968,True
id_1222,id_1222,0.7187,True
id_1222,id_1222,0.6284,True
id_1222,id_1222,0.6334,True
id_1222,id_1222,0.4955,True
id_1222,id_5794,0.3388,False
id_1222,id_1222,0.6279,True
id_1222,id_6284,0.4512,False
id_1222,id_3819,0.4802,False
id_1222,id_1222,0.4089,True
id_1222,id_1222,0.4347,True
id_1222,id_1222,0.7213,True
id_1222,id_5818,0.5044,False
id_1222,id_1222,0.7683,True
id_1222,id_1222,0.4397,True
id_1222,id_3503,0.4049,False
id_1222,id_1222,0.4291,True
id_1222,id_1222,0.5790,True
id_1222,id_1222,0.6805,True
id_1222,id_3497,0.4658,False
id_1222,id_1222,0.6099,True
id_1222,id_2101,0.3923,False
id_1222,id_1222,0.4446,True
id_1222,id_1222,0.5798,True
id_1222,id_4075,0.3392,False
id_1222,id_1222,0.6033,True
id_1222,id_715,0.4231,False
id_1222,id_1222,0.6792,True
id_1222,id_1222,0.5151,True
id_1222,id_1222,0.5027,True
id_1222,id_1222,0.7840,True
id_1222,id_1540,0.4152,False
id_1222,id_1222,0.5917,True
id_1222,id_1222,0.6820,True
id_1222,id_9945,0.3782,False
id_1222,id_1222,0.6301,True
id_1222,id_1222,0.6404,True
id_1222,id_1222,0.6100,True
id_1222,id_1222,0.6545,True
id_1222,id_1292,0.4589,False
id_1222,id_2500,0.4811,False
id_1222,id_1222,0.6704,True
id_1222,id_1542,0.3679,False
id_1222,id_1222,0.4809,True
id_1222,id_5794,0.4953,False
id_1222,id_1222,0.5226,True
id_1222,id_1222,0.7047,True
id_1222,id_1222,0.6147,True
id_1222,id_1222,0.6995,True
id_1222,id_1222,0.4648,True
id_1222,id_9530,0.4268,False
id_1222,id_1222,0.6946,True
id_1222,id_6284,0.4416,False
id_1222,id_6024,0.3000,False
id_1222,id_1222,0.6820,True
id_1222,id_1222,0.6551,True
id_1222,id_1222,0.7432,True
id_1222,id_1222,0.4684,True
id_1222,id_1222,0.6100,True
id_1222,id_1222,0.6704,True
id_1222,id_1222,0.6798,True
id_1222,id_3397,0.3800,False
id_1222,id_287,0.4359,False
id_1222,id_5794,0.5042,False
id_1222,id_1222,0.6802,True
id_1222,id_1222,0.7280,True
id_1222,id_1222,0.6898,True
id_1222,id_1222,0.6513,True
id_1222,id_5794,0.4822,False
id_1222,id_1222,0.4688,True
id_1222,id_1222,0.6442,True
id_9629,id_1168,0.5004,False
id_9629,id_3060,0.4629,False
id_9629,id_8870,0.4823,False
id_9629,id_7090,0.4412,False
id_9629,id_9629,0.5176,True
id_9629,id_9629,0.4980,True
id_9629,id_9629,0.6451,True
id_9629,id_1168,0.3625,False
id_9629,id_10532,0.4462,False
id_9629,id_9046,0.4497,False
id_9629,id_9629,0.4140,True
id_9629,id_8176,0.3376,False
id_9629,id_4938,0.3520,False
id_9629,id_9629,0.4781,True
id_9629,id_6028,0.3785,False
id_8044,id_8044,0.4648,True
id_8044,id_7069,0.5338,False
id_8044,id_3026,0.3988,False
id_8044,id_1113,0.2803,False
id_8044,id_3778,0.3068,False
id_8044,id_9881,0.3721,False
id_8044,id_7381,0.4119,False
id_6398,id_6398,0.4407,True
id_6398,id_6398,0.6396,True
id_6398,id_6398,0.5096,True
id_6398,id_6398,0.6345,True
id_6398,id_6398,0.6583,True
id_6398,id_6115,0.4694,False
id_6398,id_6398,0.5827,True
id_6398,id_6398,0.6865,True
id_6398,id_6398,0.6004,True
id_6398,id_2369,0.3497,False
id_6398,id_6398,0.6293,True
id_6398,id_6398,0.3107,True
id_4874,id_4874,0.6301,True
id_4874,id_4874,0.6523,True
id_4874,id_5467,0.3929,False
id_4874,id_4874,0.6931,True
id_4874,id_6376,0.4274,False
id_4874,id_4874,0.5848,True
id_4874,id_4874,0.5709,True
id_4874,id_4874,0.6169,True
id_4874,id_4874,0.6989,True
id_4874,id_4975,0.4374,False
id_4874,id_4874,0.5650,True
id_4874,id_4874,0.7952,True
id_4874,id_4874,0.6355,True
id_4874,id_9171,0.4126,False
id_4874,id_4875,0.5408,False
id_4874,id_4874,0.6638,True
id_4874,id_4874,0.5840,True
id_4874,id_4874,0.3739,True
id_4874,id_4874,0.5561,True
id_4874,id_4874,0.5071,True
id_4874,id_4874,0.6047,True
id_4874,id_4874,0.6521,True
id_4874,id_4874,0.7864,True
id_4874,id_4874,0.6239,True
id_4874,id_4874,0.5550,True
id_4874,id_4874,0.5476,True
id_4874,id_4874,0.6164,True
id_4874,id_4874,0.6416,True
id_4874,id_4874,0.6147,True
id_4874,id_4874,0.5349,True
id_4874,id_4874,0.7775,True
id_4874,id_3520,0.5621,False
id_4874,id_5058,0.5379,False
id_4874,id_4874,0.5071,True
id_4874,id_7712,0.4741,False
id_4874,id_5928,0.4476,False
id_4874,id_4874,0.5881,True
id_4874,id_4874,0.7240,True
id_4874,id_4874,0.5911,True
id_4874,id_4874,0.7352,True
id_4874,id_4874,0.6456,True
id_4874,id_4874,0.5487,True
id_4874,id_4874,0.7081,True
id_4874,id_4874,0.5613,True
id_4874,id_2548,0.4266,False
id_4874,id_4874,0.6139,True
id_4874,id_792,0.4801,False
id_4874,id_4874,0.7628,True
id_4874,id_6457,0.4396,False
id_4874,id_5965,0.3648,False
id_4874,id_4874,0.6322,True
id_4874,id_4874,0.6213,True
id_4874,id_6623,0.4951,False
id_4874,id_4874,0.6531,True
id_4874,id_4874,0.7019,True
id_4874,id_4874,0.6076,True
id_4874,id_4874,0.5818,True
id_4874,id_69,0.3607,False
id_4874,id_4874,0.6622,True
id_4874,id_4874,0.7255,True
id_4874,id_4874,0.5085,True
id_4874,id_4874,0.5053,True
id_4874,id_4874,0.6299,True
id_4874,id_4874,0.6790,True
id_4874,id_4874,0.4603,True
id_4874,id_4874,0.5521,True
id_4874,id_4874,0.6443,True
id_4874,id_4268,0.3189,False
id_4874,id_4874,0.6035,True
id_4874,id_1952,0.4612,False
id_2351,id_3916,0.4506,False
id_2351,id_4123,0.3356,False
id_2351,id_3758,0.4945,False
id_2351,id_2351,0.5778,True
id_2351,id_2351,0.4856,True
id_2351,id_2351,0.6077,True
id_2351,id_2287,0.4098,False
id_2351,id_2351,0.3352,True
id_2351,id_9114,0.4037,False
id_2351,id_1027,0.5239,False
id_2351,id_3866,0.4645,False
id_2351,id_6560,0.4309,False
id_2351,id_2351,0.4475,True
id_2351,id_10110,0.2940,False
id_2257,id_2842,0.7193,False
id_2257,id_2257,0.6012,True
id_2257,id_2257,0.7260,True
id_2257,id_2257,0.5478,True
id_2257,id_2257,0.6690,True
id_2257,id_2257,0.5404,True
id_2257,id_2257,0.6355,True
id_2257,id_6537,0.3028,False
id_2257,id_2257,0.5625,True
id_6104,id_6104,0.4898,True
id_6104,id_6104,0.6779,True
id_6104,id_4869,0.4611,False
id_6104,id_6104,0.4507,True
id_6104,id_6104,0.5124,True
id_6104,id_6104,0.5940,True
id_6104,id_8170,0.4700,False
id_6104,id_6104,0.7567,True
id_4875,id_4875,0.6172,True
id_4875,id_7925,0.4117,False
id_4875,id_4875,0.4875,True
id_4875,id_2361,0.4027,False
id_4875,id_4875,0.6343,True
id_4875,id_1357,0.4729,False
id_4875,id_3722,0.4797,False
id_4875,id_4875,0.4597,True
id_4875,id_4875,0.4854,True
id_6667,id_6667,0.4947,True
id_6667,id_6667,0.5010,True
id_6667,id_5827,0.4980,False
id_6667,id_6667,0.4747,True
id_6667,id_6667,0.5962,True
id_6667,id_6667,0.5230,True
id_6667,id_6667,0.5810,True
id_6667,id_6667,0.4842,True
id_6667,id_6667,0.5691,True
id_6667,id_6667,0.6173,True
id_6667,id_6667,0.5449,True
id_6667,id_6667,0.4962,True
id_6667,id_6667,0.5849,True
id_6667,id_6667,0.5300,True
id_6667,id_6667,0.6226,True
id_4801,id_4801,0.6994,True
id_4801,id_4801,0.5315,True
id_4801,id_4801,0.6904,True
id_4801,id_4801,0.4794,True
id_4801,id_4801,0.6255,True
id_4801,id_8531,0.4363,False
id_4801,id_4801,0.4671,True
id_4801,id_4801,0.4290,True
id_4801,id_4801,0.5521,True
id_4801,id_4801,0.6125,True
id_4801,id_7506,0.4066,False
id_4801,id_10343,0.4442,False
id_4801,id_4801,0.6118,True
id_4801,id_2257,0.4159,False
id_4801,id_4801,0.7020,True
id_4801,id_6623,0.4142,False
id_4801,id_1542,0.3829,False
id_4801,id_9530,0.3710,False
id_4801,id_9037,0.4383,False
id_4801,id_9598,0.3629,False
id_4801,id_4801,0.6217,True
id_4801,id_7568,0.4958,False
id_4801,id_10232,0.2927,False
id_9950,id_1888,0.3734,False
id_9950,id_4716,0.4017,False
id_9950,id_4956,0.3694,False
id_9950,id_9950,0.5932,True
id_9950,id_5509,0.3888,False
id_9950,id_9950,0.4909,True
id_9950,id_7149,0.4121,False
id_9950,id_9950,0.5722,True
id_9950,id_9950,0.4710,True
id_9950,id_3512,0.3165,False
id_9950,id_9950,0.5889,True
id_9950,id_9950,0.4835,True
id_9950,id_9950,0.4459,True
id_9950,id_9950,0.4284,True
id_9950,id_9950,0.5407,True
id_9950,id_9950,0.5098,True
id_9950,id_9950,0.4762,True
id_9950,id_9950,0.4427,True
id_4511,id_5928,0.4224,False
id_4511,id_6334,0.3291,False
id_4511,id_2548,0.4162,False
id_4511,id_4511,0.3996,True
id_4511,id_2149,0.3979,False
id_4511,id_4511,0.4765,True
id_4511,id_6816,0.3881,False
id_4511,id_4511,0.4735,True
id_4511,id_4511,0.4319,True
id_4511,id_5687,0.4965,False
id_4511,id_720,0.4728,False
id_264,id_1020,0.4441,False
id_264,id_8970,0.4519,False
id_264,id_2435,0.3783,False
id_264,id_2164,0.2676,False
id_264,id_264,0.5616,True
id_264,id_264,0.5056,True
id_264,id_264,0.6616,True
id_264,id_1897,0.4128,False
id_264,id_520,0.3125,False
id_264,id_7019,0.2940,False
id_264,id_99,0.4273,False
id_264,id_264,0.6055,True
id_264,id_264,0.5733,True
id_264,id_3105,0.5191,False
id_264,id_264,0.3577,True
id_264,id_264,0.4133,True
id_264,id_1514,0.5138,False
id_264,id_264,0.5406,True
id_264,id_264,0.3508,True
id_264,id_264,0.4858,True
id_264,id_264,0.5439,True
id_264,id_264,0.4526,True
id_264,id_264,0.6821,True
id_264,id_264,0.3780,True
id_264,id_4138,0.4039,False
id_264,id_264,0.4764,True
id_264,id_5895,0.3066,False
id_264,id_264,0.6234,True
id_264,id_864,0.3429,False
id_264,id_264,0.6176,True
id_264,id_264,0.5243,True
id_264,id_1755,0.4167,False
id_264,id_1222,0.4003,False
id_264,id_3016,0.3650,False
id_264,id_264,0.6221,True
id_264,id_3257,0.4013,False
id_264,id_264,0.5595,True
id_264,id_8414,0.3200,False
id_264,id_264,0.4588,True
id_264,id_264,0.6824,True
id_5038,id_5038,0.3953,True
id_5038,id_5038,0.5599,True
id_5038,id_5038,0.4872,True
id_5038,id_5038,0.5041,True
id_5038,id_5038,0.4677,True
id_5038,id_5038,0.7426,True
id_5038,id_5038,0.5682,True
id_5038,id_5038,0.6064,True
id_5038,id_5038,0.2884,True
id_5038,id_10482,0.4042,False
id_5038,id_5038,0.5092,True
id_5038,id_5038,0.6287,True
id_5038,id_2303,0.4391,False
id_5038,id_5038,0.6564,True
id_5038,id_5038,0.4370,True
id_5038,id_5038,0.6784,True
id_8629,id_8629,0.6512,True
id_8629,id_8629,0.7055,True
id_8629,id_8629,0.6283,True
id_8629,id_8629,0.6375,True
id_8629,id_8629,0.7344,True
id_8629,id_8629,0.7107,True
id_8629,id_8629,0.6704,True
id_8629,id_8629,0.6528,True
id_8629,id_8629,0.7318,True
id_255,id_255,0.5621,True
id_255,id_255,0.5550,True
id_255,id_3942,0.4908,False
id_255,id_255,0.4289,True
id_255,id_255,0.3175,True
id_255,id_255,0.6645,True
id_255,id_255,0.4099,True
id_255,id_9030,0.3033,False
id_255,id_526,0.3647,False
id_255,id_255,0.5671,True
id_255,id_255,0.3797,True
id_255,id_255,0.4476,True
id_255,id_9599,0.3241,False
id_255,id_255,0.5064,True
id_255,id_475,0.4308,False
id_255,id_255,0.5155,True
id_255,id_255,0.6715,True
id_255,id_10289,0.3294,False
id_255,id_255,0.5454,True
id_255,id_255,0.5893,True
id_255,id_255,0.4801,True
id_255,id_255,0.4950,True
id_255,id_952,0.4281,False
id_255,id_255,0.5457,True
id_255,id_5278,0.2996,False
id_255,id_2950,0.3913,False
id_255,id_4009,0.3678,False
id_255,id_2287,0.3700,False
id_255,id_255,0.5289,True
id_255,id_255,0.3223,True
id_255,id_255,0.5906,True
id_255,id_608,0.3952,False
id_255,id_4006,0.4196,False
id_255,id_255,0.5474,True
id_255,id_255,0.3678,True
id_255,id_6321,0.2608,False
id_255,id_8949,0.2780,False
id_255,id_3936,0.4445,False
id_255,id_3041,0.3184,False
id_255,id_255,0.6132,True
id_255,id_255,0.4268,True
id_255,id_255,0.5436,True
id_255,id_255,0.4999,True
id_5422,id_5422,0.4484,True
id_5422,id_5422,0.6001,True
id_5422,id_3341,0.4171,False
id_5422,id_5422,0.6392,True
id_5422,id_8420,0.4894,False
id_5422,id_5422,0.4553,True
id_5422,id_5422,0.5079,True
id_5422,id_5422,0.5305,True
id_5422,id_5422,0.3898,True
id_2985,id_2985,0.5188,True
id_2985,id_2985,0.4808,True
id_2985,id_2985,0.5009,True
id_2985,id_2663,0.3788,False
id_2985,id_2985,0.4519,True
id_2985,id_2985,0.4074,True
id_2985,id_2985,0.4826,True
id_2985,id_1001,0.4297,False
id_7511,id_7554,0.3289,False
id_7511,id_7511,0.5086,True
id_7511,id_7511,0.5620,True
id_7511,id_7511,0.5712,True
id_7511,id_9863,0.4458,False
id_7511,id_5131,0.4294,False
id_1506,id_1506,0.3969,True
id_1506,id_3778,0.3348,False
id_1506,id_1506,0.5160,True
id_1506,id_1506,0.6248,True
id_1506,id_1506,0.6709,True
id_1506,id_1506,0.6870,True
id_1506,id_1506,0.6494,True
id_1506,id_3350,0.3423,False
id_1506,id_1506,0.6028,True
id_1506,id_4247,0.3697,False
id_1506,id_1506,0.6110,True
id_1506,id_1506,0.7072,True
id_1506,id_1506,0.6376,True
id_1506,id_6523,0.4369,False
id_1506,id_1506,0.4288,True
id_1506,id_1506,0.4318,True
id_1506,id_6159,0.4702,False
id_5689,id_9096,0.3746,False
id_5689,id_7069,0.4031,False
id_5689,id_7069,0.5097,False
id_5689,id_8629,0.3988,False
id_5689,id_5689,0.5929,True
id_5689,id_5689,0.3795,True
id_5689,id_5689,0.7287,True
id_5689,id_5689,0.5859,True
id_5689,id_5689,0.7144,True
id_4323,id_3911,0.3311,False
id_4323,id_4323,0.3712,True
id_4323,id_4323,0.4256,True
id_4323,id_3709,0.3908,False
id_4323,id_10232,0.4462,False
id_4323,id_4323,0.4982,True
id_4323,id_3660,0.3992,False
id_4323,id_74,0.2874,False
id_4323,id_4840,0.3966,False
id_4192,id_5988,0.4142,False
id_4192,id_4192,0.6283,True
id_4192,id_4192,0.5314,True
id_4192,id_8204,0.4544,False
id_4192,id_2548,0.3552,False
id_4192,id_9794,0.4019,False
id_4192,id_4192,0.6738,True
id_4192,id_248,0.4189,False
id_4192,id_4192,0.6738,True
id_4192,id_7763,0.4151,False
id_4192,id_4192,0.7113,True
id_4192,id_1843,0.4837,False
id_4192,id_4192,0.4760,True
id_4192,id_4192,0.6338,True
id_4192,id_5548,0.3815,False
id_4192,id_4192,0.5790,True
id_4192,id_5818,0.4868,False
id_2913,id_2913,0.4877,True
id_2913,id_2913,0.6479,True
id_2913,id_8156,0.3643,False
id_2913,id_9489,0.4290,False
id_2913,id_2913,0.6438,True
id_2913,id_1350,0.3508,False
id_2913,id_2913,0.6528,True
id_2913,id_2913,0.6481,True
id_2913,id_2913,0.6650,True
id_2913,id_9550,0.4775,False
id_2913,id_2913,0.5058,True
id_2913,id_8389,0.4204,False
id_2913,id_2913,0.4590,True
id_2913,id_2913,0.4072,True
id_9398,id_9398,0.3571,True
id_9398,id_9398,0.6608,True
id_9398,id_9398,0.6403,True
id_9398,id_9398,0.7058,True
id_9398,id_9398,0.5973,True
id_9398,id_9398,0.5401,True
id_9398,id_9398,0.7526,True
id_9398,id_9398,0.6002,True
id_9398,id_9398,0.4312,True
id_9398,id_9398,0.5022,True
id_9398,id_9398,0.6186,True
id_9398,id_9398,0.4819,True
id_9398,id_9398,0.6004,True
id_3537,id_9530,0.3552,False
id_3537,id_3537,0.4664,True
id_3537,id_3537,0.4133,True
id_3537,id_3537,0.5005,True
id_3537,id_3537,0.5137,True
id_3537,id_3537,0.4889,True
id_3537,id_9806,0.4251,False
id_3537,id_6731,0.4291,False
id_3537,id_3537,0.4960,True
id_3537,id_6566,0.4426,False
id_3537,id_5251,0.5090,False
id_3537,id_4570,0.3498,False
id_3537,id_3537,0.5927,True
id_5212,id_2902,0.3955,False
id_5212,id_5212,0.5424,True
id_5212,id_831,0.3815,False
id_5212,id_10239,0.4045,False
id_5212,id_2802,0.3544,False
id_5212,id_5212,0.4784,True
id_5212,id_1853,0.3808,False
id_25,id_6123,0.4154,False
id_25,id_4751,0.4401,False
id_25,id_25,0.4377,True
id_25,id_25,0.5864,True
id_25,id_5309,0.3442,False
id_25,id_25,0.2942,True
id_25,id_2775,0.4204,False
id_25,id_69,0.3707,False
id_25,id_4463,0.3786,False
id_25,id_9171,0.4313,False
id_25,id_25,0.5321,True
id_25,id_25,0.3573,True
id_25,id_25,0.5703,True
id_25,id_2801,0.3397,False
id_25,id_1350,0.4220,False
id_25,id_25,0.4915,True
id_25,id_25,0.3914,True
id_25,id_25,0.4939,True
id_25,id_8677,0.4449,False
id_25,id_25,0.3806,True
id_25,id_414,0.4479,False
id_25,id_6302,0.2919,False
id_25,id_25,0.6099,True
id_25,id_5437,0.3373,False
id_25,id_25,0.5041,True
id_25,id_25,0.6501,True
id_25,id_25,0.4668,True
id_25,id_2751,0.3372,False
id_25,id_25,0.5725,True
id_25,id_10023,0.4067,False
id_25,id_25,0.5450,True
id_25,id_25,0.5627,True
id_25,id_2751,0.3989,False
id_25,id_1884,0.4721,False
id_25,id_25,0.6224,True
id_25,id_4075,0.3160,False
id_25,id_5752,0.3998,False
id_25,id_9096,0.4159,False
id_25,id_1712,0.4440,False
id_25,id_7350,0.3368,False
id_25,id_7484,0.3697,False
id_25,id_25,0.5367,True
id_25,id_25,0.5068,True
id_25,id_793,0.3588,False
id_25,id_6543,0.4363,False
id_25,id_25,0.4001,True
id_25,id_25,0.5235,True
id_25,id_25,0.6280,True
id_25,id_25,0.4681,True
id_25,id_25,0.5844,True
id_25,id_25,0.5952,True
id_25,id_25,0.4565,True
id_25,id_3709,0.4115,False
id_25,id_7712,0.3075,False
id_25,id_25,0.4276,True
id_25,id_25,0.5080,True
id_25,id_8243,0.3026,False
id_25,id_7888,0.5055,False
id_25,id_7367,0.3730,False
id_25,id_25,0.6561,True
id_25,id_652,0.4305,False
id_25,id_25,0.5342,True
id_25,id_25,0.6974,True
id_25,id_9310,0.4388,False
id_25,id_25,0.4995,True
id_25,id_25,0.3648,True
id_25,id_25,0.3993,True
id_25,id_9905,0.4665,False
id_25,id_25,0.6380,True
id_25,id_25,0.4925,True
id_25,id_25,0.4880,True
id_25,id_25,0.3333,True
id_25,id_25,0.4251,True
id_25,id_10232,0.3370,False
id_25,id_9288,0.3509,False
id_25,id_25,0.6060,True
id_25,id_25,0.6214,True
id_25,id_25,0.5357,True
id_25,id_414,0.2779,False
id_25,id_4801,0.4054,False
id_25,id_3311,0.3828,False
id_25,id_1465,0.3775,False
id_25,id_25,0.4684,True
id_25,id_25,0.5419,True
id_25,id_25,0.5857,True
id_25,id_25,0.5513,True
id_25,id_25,0.6656,True
id_25,id_25,0.5489,True
id_25,id_25,0.4995,True
id_25,id_25,0.5080,True
id_25,id_7367,0.3730,False
id_25,id_25,0.5225,True
id_25,id_8972,0.4083,False
id_25,id_6221,0.4230,False
id_25,id_25,0.4171,True
id_25,id_2751,0.4218,False
id_25,id_25,0.4806,True
id_25,id_9044,0.3259,False
id_25,id_25,0.4800,True
id_25,id_2546,0.3764,False
id_25,id_8977,0.3246,False
id_25,id_25,0.4366,True
id_25,id_6543,0.3701,False
id_25,id_25,0.5139,True
id_25,id_25,0.6038,True
id_25,id_8977,0.3465,False
id_25,id_25,0.4914,True
id_25,id_25,0.4898,True
id_25,id_25,0.4413,True
id_25,id_2987,0.5029,False
id_25,id_25,0.6170,True
id_25,id_25,0.5285,True
id_25,id_25,0.6118,True
id_25,id_25,0.4727,True
id_25,id_5273,0.3699,False
id_25,id_1897,0.3630,False
id_25,id_25,0.3402,True
id_25,id_1897,0.3883,False
id_25,id_9288,0.3278,False
id_25,id_2801,0.3276,False
id_25,id_25,0.4839,True
id_25,id_25,0.3935,True
id_25,id_25,0.5135,True
id_25,id_25,0.5327,True
id_25,id_7575,0.3844,False
id_25,id_25,0.3163,True
id_25,id_25,0.6253,True
id_25,id_25,0.5549,True
id_25,id_8417,0.4362,False
id_25,id_25,0.4256,True
id_25,id_652,0.3391,False
id_25,id_25,0.4205,True
id_25,id_9095,0.3469,False
id_25,id_5018,0.4264,False
id_25,id_7474,0.3853,False
id_25,id_6503,0.4458,False
id_25,id_528,0.3331,False
id_25,id_25,0.5562,True
id_25,id_5999,0.4309,False
id_25,id_25,0.5041,True
id_25,id_9647,0.2531,False
id_25,id_3911,0.4201,False
id_25,id_25,0.4644,True
id_25,id_3754,0.4029,False
id_25,id_5687,0.4636,False
id_25,id_7350,0.4691,False
id_25,id_2590,0.4176,False
id_25,id_25,0.4321,True
id_25,id_25,0.5992,True
id_25,id_4358,0.3759,False
id_25,id_25,0.4982,True
id_25,id_25,0.3675,True
id_25,id_25,0.5045,True
id_25,id_25,0.4676,True
id_25,id_25,0.5167,True
id_6030,id_6030,0.4275,True
id_6030,id_6030,0.5565,True
id_6030,id_6030,0.5919,True
id_6030,id_6288,0.3913,False
id_6030,id_6030,0.5833,True
id_6030,id_6030,0.6680,True
id_6030,id_6030,0.4839,True
id_6030,id_6030,0.4743,True
id_6030,id_6030,0.6867,True
id_6030,id_6030,0.7039,True
id_6030,id_6030,0.6828,True
id_6030,id_6030,0.5477,True
id_6030,id_6030,0.7064,True
id_6030,id_6030,0.5884,True
id_6030,id_6611,0.4831,False
id_6030,id_6030,0.6880,True
id_6030,id_6030,0.6784,True
id_6030,id_6030,0.7673,True
id_6030,id_6030,0.4821,True
id_6030,id_6030,0.4521,True
id_6030,id_6030,0.4572,True
id_6030,id_397,0.5003,False
id_6030,id_6030,0.6248,True
id_6030,id_6030,0.5995,True
id_6030,id_6030,0.5110,True
id_6030,id_6030,0.7131,True
id_4598,id_4598,0.6677,True
id_4598,id_4598,0.5347,True
id_4598,id_4598,0.6572,True
id_4598,id_5895,0.3951,False
id_4598,id_4598,0.4861,True
id_4598,id_4598,0.5811,True
id_4598,id_1654,0.4231,False
id_4598,id_4598,0.5687,True
id_4598,id_4598,0.5814,True
id_4598,id_5756,0.3664,False
id_4598,id_6821,0.5150,False
id_4598,id_4598,0.6961,True
id_4598,id_2724,0.3444,False
id_4598,id_3165,0.3093,False
id_4598,id_4598,0.5706,True
id_4598,id_1400,0.4500,False
id_4598,id_4598,0.6047,True
id_4598,id_2287,0.5183,False
id_8291,id_8291,0.4559,True
id_8291,id_9555,0.3849,False
id_8291,id_8291,0.5899,True
id_8291,id_8291,0.5458,True
id_8291,id_8291,0.4823,True
id_8291,id_8291,0.5593,True
id_8291,id_8291,0.5830,True
id_8291,id_8291,0.5615,True
id_8291,id_8291,0.4011,True
id_8291,id_8291,0.5296,True
id_8291,id_8291,0.3815,True
id_7988,id_7988,0.5027,True
id_7988,id_8152,0.4018,False
id_7988,id_7988,0.5822,True
id_7988,id_3735,0.3398,False
id_7988,id_7988,0.6329,True
id_7988,id_7988,0.5595,True
id_7988,id_7988,0.4501,True
id_7988,id_7988,0.6350,True
id_7988,id_3461,0.4740,False
id_7988,id_7988,0.5858,True
id_7988,id_7988,0.5776,True
id_7988,id_7988,0.3805,True
id_7087,id_7087,0.5963,True
id_7087,id_7087,0.5884,True
id_7087,id_7087,0.5814,True
id_7087,id_7087,0.6585,True
id_7087,id_7087,0.4483,True
id_7087,id_7087,0.6314,True
id_7087,id_7087,0.5677,True
id_7087,id_7087,0.4750,True
id_7087,id_7087,0.4887,True
id_7087,id_7087,0.7328,True
id_7087,id_7087,0.7070,True
id_7087,id_7451,0.4223,False
id_5549,id_5549,0.5607,True
id_5549,id_8159,0.4229,False
id_5549,id_5549,0.5824,True
id_5549,id_5549,0.5449,True
id_5549,id_5549,0.5661,True
id_5549,id_1360,0.3162,False
id_5549,id_5549,0.6474,True
id_5549,id_5549,0.5858,True
id_5549,id_5549,0.7401,True
id_5549,id_5549,0.5657,True
id_5549,id_1292,0.4784,False
id_5549,id_5549,0.5793,True
id_5549,id_701,0.3634,False
id_5549,id_5549,0.4854,True
id_5549,id_7389,0.4355,False
id_5549,id_5549,0.4870,True
id_5549,id_1222,0.4692,False
id_5549,id_5549,0.5377,True
id_5549,id_5549,0.6185,True
id_5549,id_5549,0.5955,True
id_5549,id_5549,0.4388,True
id_5549,id_5549,0.7315,True
id_5549,id_1321,0.5230,False
id_5549,id_5549,0.7146,True
id_5549,id_5549,0.6049,True
id_5549,id_4455,0.3901,False
id_5549,id_5549,0.7164,True
id_5549,id_5549,0.5451,True
id_5549,id_5549,0.5055,True
id_5549,id_5549,0.5384,True
id_5549,id_5549,0.6679,True
id_5549,id_5549,0.5531,True
id_5549,id_5549,0.5723,True
id_5549,id_5549,0.6437,True
id_5549,id_5752,0.4950,False
id_5549,id_5549,0.6724,True
id_5549,id_5549,0.5938,True
id_5549,id_4874,0.4201,False
id_5549,id_5549,0.5531,True
id_5549,id_5549,0.6171,True
id_5549,id_5549,0.6123,True
id_5549,id_5549,0.6757,True
id_5549,id_5549,0.5513,True
id_5549,id_168,0.3324,False
id_5549,id_5549,0.6723,True
id_5549,id_5549,0.6973,True
id_5549,id_4567,0.3658,False
id_5549,id_5549,0.6414,True
id_5549,id_5549,0.5051,True
id_5549,id_5549,0.6863,True
id_5549,id_5549,0.5688,True
id_5549,id_4710,0.4490,False
id_5549,id_5549,0.6848,True
id_5549,id_5549,0.6847,True
id_5549,id_5549,0.5436,True
id_5549,id_5549,0.6417,True
id_5549,id_5549,0.6433,True
id_5549,id_6623,0.4330,False
id_5549,id_5549,0.6628,True
id_5549,id_5549,0.7280,True
id_5549,id_5549,0.6276,True
id_5549,id_9821,0.4197,False
id_5549,id_5549,0.6825,True
id_5549,id_5549,0.4617,True
id_5549,id_5549,0.4590,True
id_5549,id_3257,0.4938,False
id_5549,id_5549,0.6813,True
id_5549,id_5549,0.7245,True
id_5549,id_5549,0.4178,True
id_5549,id_5549,0.5712,True
id_5549,id_5549,0.6380,True
id_5549,id_5549,0.5222,True
id_5549,id_5549,0.6041,True
id_5549,id_5549,0.4666,True
id_5549,id_6891,0.5108,False
id_5549,id_1542,0.4314,False
id_5549,id_5549,0.6924,True
id_5549,id_5549,0.5095,True
id_5549,id_5549,0.7016,True
id_5549,id_5549,0.6277,True
id_5549,id_2500,0.3974,False
id_5549,id_5549,0.6303,True
id_5549,id_5549,0.5838,True
id_5549,id_5549,0.6421,True
id_5549,id_5549,0.5735,True
id_5549,id_5549,0.5836,True
id_5549,id_5549,0.5318,True
id_5549,id_5549,0.6112,True
id_5549,id_5549,0.6058,True
id_9821,id_3722,0.4364,False
id_9821,id_7658,0.4783,False
id_9821,id_9821,0.4282,True
id_9821,id_9821,0.5605,True
id_9821,id_2670,0.3531,False
id_9821,id_7925,0.4093,False
id_9821,id_4358,0.3248,False
id_9821,id_6042,0.2996,False
id_9441,id_9441,0.6271,True
id_9441,id_7666,0.4302,False
id_9441,id_4716,0.3324,False
id_9441,id_9441,0.5500,True
id_9441,id_9441,0.6378,True
id_9441,id_9441,0.4117,True
id_9441,id_5422,0.4020,False
id_9441,id_4915,0.4236,False
id_9441,id_4317,0.4490,False
id_9441,id_9441,0.6593,True
id_9441,id_6376,0.4332,False
id_9441,id_9441,0.7029,True
id_9441,id_9441,0.6157,True
id_9441,id_9441,0.5686,True
id_9441,id_9441,0.6068,True
id_9441,id_7967,0.5209,False
id_9441,id_7658,0.4503,False
id_9441,id_5988,0.4695,False
id_9441,id_7397,0.4512,False
id_9441,id_9441,0.6828,True
id_9441,id_9441,0.4284,True
id_9441,id_9441,0.4728,True
id_9441,id_9441,0.6564,True
id_9441,id_9441,0.5913,True
id_9441,id_4373,0.4381,False
id_9441,id_3709,0.4574,False
id_9441,id_3750,0.4570,False
id_9441,id_9441,0.6378,True
id_9441,id_7582,0.3923,False
id_9441,id_7389,0.4216,False
id_9441,id_9037,0.3302,False
id_9441,id_9441,0.6377,True
id_9441,id_2154,0.4268,False
id_9441,id_7397,0.4823,False
id_9441,id_9441,0.6026,True
id_9441,id_9441,0.6110,True
id_9441,id_7568,0.3953,False
id_9441,id_9441,0.6185,True
id_4659,id_3397,0.4272,False
id_4659,id_4659,0.3239,True
id_4659,id_4659,0.6038,True
id_4659,id_4659,0.7019,True
id_4659,id_2383,0.4697,False
id_4659,id_8200,0.4032,False
id_4659,id_4659,0.4994,True
id_4659,id_4169,0.3782,False
id_4659,id_6278,0.3546,False
id_4659,id_7524,0.5087,False
id_4659,id_4659,0.6282,True
id_4893,id_4893,0.7160,True
id_4893,id_4409,0.4636,False
id_4893,id_9288,0.4031,False
id_4893,id_4893,0.5183,True
id_4893,id_10422,0.4572,False
id_4893,id_4893,0.6688,True
id_4893,id_8639,0.3997,False
id_4893,id_4893,0.5855,True
id_4893,id_4893,0.6469,True
id_4893,id_4893,0.6984,True
id_4893,id_7533,0.4637,False
id_4893,id_4893,0.5582,True
id_4893,id_4893,0.6596,True
id_4893,id_4893,0.5113,True
id_4893,id_4893,0.5796,True
id_4893,id_8685,0.5428,False
id_2134,id_475,0.2999,False
id_2134,id_2569,0.3916,False
id_2134,id_2134,0.5655,True
id_2134,id_8414,0.4303,False
id_2134,id_2134,0.6154,True
id_2134,id_2134,0.4904,True
id_2134,id_3039,0.4210,False
id_2134,id_2134,0.4189,True
id_2134,id_2134,0.4670,True
id_2134,id_2134,0.6286,True
id_4118,id_3923,0.4898,False
id_4118,id_6476,0.4252,False
id_4118,id_4118,0.5054,True
id_4118,id_10206,0.4506,False
id_4118,id_9030,0.4684,False
id_4118,id_4118,0.3579,True
id_4118,id_9016,0.3372,False
id_8385,id_8385,0.5834,True
id_8385,id_7752,0.4517,False
id_8385,id_8866,0.3237,False
id_8385,id_7567,0.4158,False
id_8385,id_8949,0.4444,False
id_8385,id_7685,0.4147,False
id_8385,id_8385,0.5980,True
id_8385,id_8949,0.3903,False
id_8385,id_3792,0.4096,False
id_8385,id_8385,0.5885,True
id_8385,id_10152,0.4785,False
id_8385,id_7443,0.3265,False
id_9988,id_800,0.4528,False
id_9988,id_9988,0.5291,True
id_9988,id_1400,0.3510,False
id_9988,id_2478,0.4611,False
id_9988,id_2291,0.4613,False
id_9988,id_3544,0.4620,False
id_7456,id_7456,0.6305,True
id_7456,id_2842,0.5121,False
id_7456,id_7456,0.5277,True
id_7456,id_7456,0.6733,True
id_7456,id_1767,0.3666,False
id_7456,id_7456,0.4219,True
id_7456,id_7456,0.3173,True
id_7456,id_7456,0.6053,True
id_7456,id_7456,0.5124,True
id_7456,id_7456,0.6944,True
id_7456,id_7456,0.5858,True
id_7456,id_7456,0.4768,True
id_7456,id_7456,0.5724,True
id_7456,id_7456,0.6875,True
id_7456,id_7456,0.5082,True
id_7456,id_7456,0.8205,True
id_7456,id_7456,0.7436,True
id_7456,id_7456,0.6684,True
id_7456,id_7456,0.4749,True
id_7456,id_3157,0.4359,False
id_7456,id_7456,0.6262,True
id_7456,id_2291,0.3380,False
id_7456,id_7456,0.7215,True
id_7456,id_7270,0.4156,False
id_7456,id_7456,0.5842,True
id_7456,id_7456,0.6143,True
id_3497,id_3497,0.6438,True
id_3497,id_3497,0.4290,True
id_3497,id_3497,0.5642,True
id_3497,id_3497,0.4191,True
id_3497,id_3497,0.4465,True
id_3497,id_7968,0.3973,False
id_3497,id_3497,0.3916,True
id_3497,id_3497,0.5212,True
id_3497,id_3497,0.6453,True
id_3497,id_10313,0.4688,False
id_3497,id_1795,0.4479,False
id_3497,id_3497,0.5014,True
id_3497,id_564,0.4963,False
id_3497,id_3497,0.5274,True
id_3497,id_3497,0.4208,True
id_3497,id_3497,0.3910,True
id_3497,id_3497,0.6181,True
id_3497,id_3497,0.5841,True
id_8811,id_3855,0.3947,False
id_8811,id_7568,0.4005,False
id_8811,id_4006,0.3835,False
id_8811,id_8811,0.5187,True
id_8811,id_65,0.5467,False
id_8811,id_6062,0.3703,False
id_8811,id_6302,0.4785,False
id_8811,id_8811,0.4855,True
id_8811,id_9960,0.3577,False
id_8811,id_5956,0.4499,False
id_8811,id_714,0.3714,False
id_8811,id_4006,0.3835,False
id_8811,id_8811,0.5705,True
id_8811,id_9766,0.4617,False
id_8811,id_8811,0.4717,True
id_8811,id_6302,0.5052,False
id_8811,id_9288,0.4016,False
id_8811,id_4882,0.5124,False
id_8811,id_9288,0.4891,False
id_8811,id_8811,0.5080,True
id_8811,id_5794,0.3735,False
id_3754,id_3754,0.4840,True
id_3754,id_3754,0.5496,True
id_3754,id_3754,0.6435,True
id_3754,id_3754,0.6352,True
id_2902,id_2902,0.5899,True
id_2902,id_2902,0.4100,True
id_2902,id_2235,0.3771,False
id_2902,id_2902,0.5431,True
id_2902,id_2902,0.6477,True
id_2902,id_2902,0.4237,True
id_2902,id_8088,0.3425,False
id_2902,id_786,0.4375,False
id_2902,id_2902,0.7121,True
id_2902,id_2902,0.5867,True
id_2902,id_5793,0.3871,False
id_2902,id_2902,0.6206,True
id_2902,id_2902,0.3794,True
id_2902,id_2902,0.5666,True
id_2902,id_2902,0.5242,True
id_2902,id_2902,0.5433,True
id_2902,id_2902,0.7028,True
id_2902,id_2902,0.5836,True
id_2902,id_2902,0.5251,True
id_2902,id_3792,0.4310,False
id_2902,id_4524,0.3572,False
id_2902,id_2902,0.6325,True
id_2902,id_2902,0.6522,True
id_2902,id_2902,0.5838,True
id_2902,id_2902,0.4485,True
id_2902,id_2902,0.6058,True
id_2902,id_2902,0.6052,True
id_2902,id_2902,0.6088,True
id_2902,id_2902,0.4884,True
id_2902,id_2902,0.4848,True
id_2902,id_2902,0.6675,True
id_2902,id_2902,0.4545,True
id_2902,id_2902,0.5857,True
id_2902,id_2902,0.5955,True
id_2902,id_2902,0.6358,True
id_2902,id_2902,0.5110,True
id_2902,id_2902,0.4596,True
id_2902,id_2902,0.4889,True
id_2902,id_2902,0.5382,True
id_2902,id_2902,0.6640,True
id_2902,id_2902,0.4338,True
id_2902,id_1765,0.5038,False
id_2902,id_2902,0.3600,True
id_2902,id_2902,0.5406,True
id_2902,id_2902,0.6818,True
id_2902,id_3792,0.4088,False
id_2902,id_786,0.4485,False
id_2902,id_2902,0.6693,True
id_2902,id_2902,0.6836,True
id_2902,id_2902,0.3752,True
id_2902,id_2902,0.5219,True
id_2902,id_6882,0.4040,False
id_2902,id_2902,0.5393,True
id_1853,id_1853,0.5499,True
id_1853,id_3157,0.3644,False
id_1853,id_1853,0.4733,True
id_1853,id_1853,0.6220,True
id_1853,id_9032,0.3754,False
id_1853,id_1853,0.5905,True
id_1853,id_2478,0.4863,False
id_1853,id_1853,0.5360,True
id_1853,id_5472,0.4217,False
id_1853,id_1853,0.5121,True
id_1853,id_2077,0.4814,False
id_1853,id_6684,0.4180,False
id_1853,id_162,0.5425,False
id_1853,id_1853,0.5643,True
id_1853,id_1853,0.5144,True
id_6288,id_6288,0.6819,True
id_6288,id_6288,0.6554,True
id_6288,id_6288,0.5946,True
id_6288,id_6288,0.6900,True
id_6288,id_6288,0.6196,True
id_6288,id_6288,0.5311,True
id_6288,id_6288,0.6652,True
id_6288,id_6288,0.7047,True
id_6288,id_6288,0.6421,True
id_6288,id_6042,0.2930,False
id_6288,id_6288,0.7743,True
id_6288,id_6288,0.6557,True
id_6288,id_6288,0.6002,True
id_6288,id_6288,0.7469,True
id_6288,id_6288,0.7037,True
id_6288,id_7385,0.4499,False
id_6288,id_6288,0.7691,True
id_9181,id_8531,0.4585,False
id_9181,id_9181,0.5162,True
id_9181,id_9181,0.6512,True
id_9181,id_7123,0.4493,False
id_9181,id_9181,0.7317,True
id_9181,id_9181,0.7116,True
id_9181,id_4532,0.4550,False
id_9181,id_10021,0.4803,False
id_9181,id_3397,0.4764,False
id_9181,id_9181,0.7339,True
id_9181,id_9181,0.6813,True
id_9181,id_9181,0.6586,True
id_9181,id_10079,0.4291,False
id_9181,id_3926,0.3855,False
id_9181,id_9181,0.6116,True
id_9181,id_9181,0.4076,True
id_9181,id_5956,0.3984,False
id_9181,id_6833,0.3828,False
id_9181,id_9181,0.7838,True
id_9181,id_9181,0.7039,True
id_9181,id_9181,0.6446,True
id_9181,id_9181,0.5926,True
id_9181,id_9181,0.4987,True
id_9181,id_9181,0.4709,True
id_9181,id_9181,0.6997,True
id_9181,id_3159,0.2576,False
id_9181,id_8531,0.4495,False
id_9181,id_9181,0.6929,True
id_9181,id_7925,0.4147,False
id_9181,id_9181,0.7349,True
id_9181,id_9181,0.6736,True
id_9181,id_9753,0.4194,False
id_9181,id_9181,0.6435,True
id_9181,id_9181,0.7731,True
id_9181,id_4285,0.4447,False
id_9181,id_6882,0.3718,False
id_9181,id_9181,0.6667,True
id_9181,id_9181,0.4811,True
id_9181,id_9181,0.6746,True
id_9181,id_9181,0.6938,True
id_9181,id_6611,0.4673,False
id_9181,id_9181,0.4306,True
id_9181,id_8243,0.3362,False
id_9181,id_9181,0.6577,True
id_9181,id_10079,0.5142,False
id_9181,id_4716,0.3807,False
id_7522,id_7522,0.3152,True
id_7522,id_7522,0.5265,True
id_7522,id_7522,0.6563,True
id_7522,id_7522,0.6094,True
id_7522,id_7522,0.6228,True
id_7522,id_7522,0.6724,True
id_7522,id_7522,0.6799,True
id_7522,id_7522,0.5745,True
id_7522,id_7522,0.4257,True
id_7522,id_7522,0.5539,True
id_7522,id_7522,0.4687,True
id_7522,id_7522,0.6480,True
id_7522,id_7522,0.5000,True
id_7522,id_7522,0.5439,True
id_7522,id_7522,0.5244,True
id_7522,id_7522,0.6266,True
id_7522,id_7522,0.4945,True
id_7522,id_7522,0.5369,True
id_3936,id_3936,0.4663,True
id_3936,id_5202,0.4455,False
id_3936,id_3589,0.3289,False
id_3936,id_3936,0.4748,True
id_3936,id_5290,0.4750,False
id_3936,id_8682,0.3928,False
id_3936,id_3936,0.5576,True
id_3936,id_3936,0.5795,True
id_3936,id_753,0.4065,False
id_3936,id_3936,0.4770,True
id_3936,id_3936,0.3668,True
id_3936,id_3936,0.4747,True
id_3936,id_4820,0.3875,False
id_3936,id_3936,0.3971,True
id_3936,id_3936,0.4776,True
id_3936,id_1026,0.4431,False
id_3936,id_2710,0.4219,False
id_3936,id_3936,0.4848,True
id_3936,id_1765,0.4101,False
id_3936,id_3936,0.3162,True
id_3936,id_3936,0.4297,True
id_3936,id_3936,0.5606,True
id_3936,id_3936,0.4468,True
id_3936,id_3936,0.6086,True
id_3936,id_6319,0.3806,False
id_3936,id_3936,0.4989,True
id_3936,id_3936,0.4108,True
id_3936,id_1612,0.4093,False
id_3936,id_3936,0.4898,True
id_3936,id_6560,0.4445,False
id_3936,id_3936,0.5458,True
id_5336,id_5336,0.3837,True
id_5336,id_5336,0.6484,True
id_5336,id_5336,0.7298,True
id_5336,id_5336,0.8221,True
id_5336,id_5336,0.3575,True
id_5336,id_5336,0.5312,True
id_5336,id_5336,0.6933,True
id_5336,id_5336,0.5488,True
id_5336,id_5336,0.8295,True
id_5336,id_5336,0.4375,True
id_5336,id_5336,0.4429,True
id_5336,id_5336,0.4841,True
id_5336,id_5336,0.4842,True
id_5336,id_5336,0.7996,True
id_5336,id_5336,0.5817,True
id_7174,id_5548,0.3980,False
id_7174,id_7174,0.4374,True
id_7174,id_10178,0.4880,False
id_7174,id_8204,0.4050,False
id_7174,id_9695,0.3917,False
id_7174,id_9960,0.5908,False
id_7174,id_10135,0.4365,False
id_7174,id_1843,0.4111,False
id_7174,id_2548,0.3761,False
id_7174,id_7174,0.3807,True
id_7174,id_7174,0.3906,True
id_7174,id_7763,0.4419,False
id_7174,id_7174,0.4961,True
id_7174,id_7968,0.3681,False
id_7174,id_397,0.4999,False
id_7174,id_9766,0.4150,False
id_1127,id_8953,0.3556,False
id_1127,id_2357,0.3971,False
id_1127,id_1127,0.3646,True
id_1127,id_1127,0.5212,True
id_1127,id_1127,0.5766,True
id_1127,id_6882,0.4334,False
id_1127,id_5305,0.3050,False
id_1127,id_9694,0.4710,False
id_1127,id_1127,0.4906,True
id_1127,id_5080,0.5494,False
id_1127,id_1127,0.5856,True
id_6123,id_6123,0.4801,True
id_6123,id_6005,0.3948,False
id_6123,id_6123,0.5274,True
id_6123,id_6123,0.6815,True
id_6123,id_4835,0.4344,False
id_6123,id_6123,0.7045,True
id_6123,id_6123,0.7323,True
id_7712,id_7712,0.5816,True
id_7712,id_2257,0.4146,False
id_7712,id_7174,0.3841,False
id_7712,id_10023,0.4441,False
id_7712,id_7712,0.4645,True
id_7712,id_4463,0.4864,False
id_7712,id_7389,0.3800,False
id_7712,id_5422,0.3730,False
id_7712,id_3787,0.2759,False
id_7712,id_7712,0.5228,True
id_7712,id_7712,0.4258,True
id_7712,id_8970,0.3812,False
id_7712,id_505,0.4927,False
id_7712,id_9695,0.4914,False
id_7712,id_7712,0.5121,True
id_7712,id_5010,0.3761,False
id_7712,id_10482,0.3368,False
id_7809,id_4922,0.2876,False
id_7809,id_97,0.4458,False
id_7809,id_7809,0.4147,True
id_7809,id_4880,0.3523,False
id_7809,id_7809,0.4113,True
id_7809,id_7809,0.3283,True
id_7809,id_7809,0.5237,True
id_7809,id_4233,0.4325,False
id_7809,id_526,0.4522,False
id_7809,id_9379,0.4876,False
id_7809,id_7809,0.4970,True
id_7809,id_4505,0.3718,False
id_8818,id_1851,0.3963,False
id_8818,id_8818,0.5743,True
id_8818,id_6350,0.3660,False
id_8818,id_8818,0.4196,True
id_8818,id_8818,0.4773,True
id_8818,id_6506,0.4293,False
id_8818,id_8818,0.5884,True
id_8818,id_4138,0.3890,False
id_6062,id_6062,0.4696,True
id_6062,id_556,0.3825,False
id_6062,id_5058,0.4610,False
id_6062,id_6062,0.5281,True
id_6062,id_7069,0.5050,False
id_6062,id_6062,0.6309,True
id_6062,id_6062,0.5987,True
id_6062,id_6062,0.4636,True
id_6062,id_7069,0.5245,False
id_6062,id_9037,0.3821,False
id_6062,id_6062,0.4514,True
id_6062,id_8021,0.3902,False
id_6062,id_6062,0.5504,True
id_6062,id_6062,0.4450,True
id_6062,id_6062,0.3807,True
id_6062,id_5689,0.6069,False
id_6062,id_6062,0.4987,True
id_6062,id_6062,0.6656,True
id_6062,id_6062,0.6023,True
id_6062,id_6062,0.5546,True
id_496,id_496,0.7216,True
id_496,id_496,0.5183,True
id_496,id_496,0.4714,True
id_496,id_4567,0.4308,False
id_496,id_4834,0.3652,False
id_496,id_496,0.4633,True
id_496,id_496,0.7148,True
id_496,id_496,0.4551,True
id_496,id_496,0.4390,True
id_496,id_496,0.7258,True
id_496,id_6642,0.3504,False
id_496,id_496,0.5452,True
id_496,id_496,0.6969,True
id_496,id_496,0.5067,True
id_496,id_9044,0.3222,False
id_496,id_6288,0.3610,False
id_496,id_496,0.7071,True
id_496,id_496,0.6591,True
id_496,id_496,0.5645,True
id_496,id_496,0.6939,True
id_496,id_496,0.5048,True
id_496,id_496,0.6794,True
id_496,id_496,0.5457,True
id_496,id_496,0.4930,True
id_496,id_496,0.5790,True
id_496,id_496,0.4062,True
id_496,id_496,0.7150,True
id_496,id_496,0.6604,True
id_496,id_496,0.5121,True
id_496,id_496,0.7047,True
id_496,id_2257,0.4051,False
id_496,id_496,0.4346,True
id_496,id_496,0.7447,True
id_496,id_496,0.4728,True
id_496,id_496,0.7665,True
id_496,id_496,0.4859,True
id_496,id_1627,0.3689,False
id_496,id_7806,0.3374,False
id_496,id_496,0.3630,True
id_496,id_496,0.7844,True
id_496,id_496,0.6047,True
id_496,id_9096,0.3428,False
id_496,id_496,0.6070,True
id_496,id_496,0.6780,True
id_496,id_496,0.5237,True
id_496,id_496,0.6407,True
id_496,id_496,0.4043,True
id_496,id_496,0.6135,True
id_496,id_496,0.5525,True
id_496,id_496,0.7149,True
id_496,id_4567,0.3942,False
id_496,id_496,0.6307,True
id_496,id_4748,0.4314,False
id_496,id_496,0.7515,True
id_496,id_496,0.7108,True
id_496,id_496,0.5004,True
id_496,id_496,0.5662,True
id_496,id_496,0.7434,True
id_496,id_1897,0.4579,False
id_496,id_496,0.5669,True
id_496,id_74,0.4574,False
id_496,id_496,0.6790,True
id_496,id_496,0.5671,True
id_496,id_496,0.7445,True
id_496,id_496,0.7615,True
id_496,id_9950,0.4055,False
id_496,id_8011,0.4439,False
id_496,id_4317,0.4651,False
id_496,id_496,0.5963,True
id_496,id_10532,0.3981,False
id_496,id_496,0.6444,True
id_496,id_496,0.6142,True
id_496,id_496,0.6774,True
id_496,id_496,0.6334,True
id_496,id_496,0.5683,True
id_496,id_496,0.5643,True
id_496,id_496,0.7418,True
id_496,id_496,0.4401,True
id_496,id_496,0.5482,True
id_496,id_496,0.7259,True
id_496,id_496,0.6217,True
id_7123,id_9096,0.3403,False
id_7123,id_7123,0.5483,True
id_7123,id_7123,0.5950,True
id_7123,id_6376,0.3662,False
id_7123,id_8863,0.3942,False
id_7123,id_5687,0.4642,False
id_7123,id_9310,0.4700,False
id_2987,id_10289,0.3537,False
id_2987,id_2987,0.5142,True
id_2987,id_2987,0.5747,True
id_2987,id_1400,0.3362,False
id_2987,id_2987,0.6365,True
id_2987,id_2987,0.4433,True
id_2987,id_2987,0.5631,True
id_2987,id_2987,0.5175,True
id_2987,id_2987,0.4991,True
id_2987,id_2987,0.6685,True
id_2987,id_2987,0.6461,True
id_2987,id_2987,0.5558,True
id_2987,id_2987,0.6330,True
id_2987,id_2987,0.6427,True
id_2987,id_2987,0.6452,True
id_2987,id_10313,0.4445,False
id_2987,id_2987,0.6841,True
id_2987,id_3578,0.3656,False
id_2987,id_2987,0.6961,True
id_2987,id_2987,0.4546,True
id_2987,id_2987,0.5010,True
id_2987,id_2987,0.5211,True
id_2987,id_2987,0.6109,True
id_2987,id_4698,0.4895,False
id_2987,id_2987,0.4765,True
id_2987,id_1434,0.5474,False
id_2987,id_2987,0.5699,True
id_2987,id_2987,0.6047,True
id_2987,id_2128,0.4188,False
id_2987,id_6667,0.3779,False
id_2987,id_2987,0.7011,True
id_2987,id_2987,0.5535,True
id_2987,id_2987,0.5978,True
id_2987,id_2987,0.6820,True
id_2987,id_2987,0.4946,True
id_2333,id_2333,0.4404,True
id_2333,id_2333,0.4798,True
id_2333,id_2333,0.6161,True
id_2333,id_8641,0.4336,False
id_2333,id_2333,0.5105,True
id_2333,id_2333,0.5838,True
id_2333,id_2333,0.6618,True
id_2333,id_2333,0.6333,True
id_2333,id_2333,0.5594,True
id_2333,id_5013,0.4952,False
id_2333,id_2333,0.6269,True
id_2333,id_2333,0.4916,True
id_2333,id_2333,0.5625,True
id_2333,id_2333,0.5018,True
id_2333,id_2333,0.4596,True
id_2333,id_4459,0.3699,False
id_2333,id_2333,0.6597,True
id_2333,id_2333,0.5318,True
id_2333,id_9707,0.4702,False
id_2333,id_2333,0.6752,True
id_2333,id_2333,0.4992,True
id_2333,id_4324,0.2955,False
id_2333,id_2333,0.6062,True
id_2333,id_9881,0.4399,False
id_2333,id_2333,0.6747,True
id_2333,id_7019,0.3968,False
id_2333,id_2333,0.5339,True
id_2333,id_2333,0.5645,True
id_2333,id_2333,0.3837,True
id_2333,id_2333,0.6962,True
id_2333,id_2333,0.4779,True
id_2333,id_9707,0.4464,False
id_2333,id_2333,0.5171,True
id_2333,id_2333,0.6312,True
id_2333,id_2333,0.5188,True
id_2333,id_2333,0.6293,True
id_2333,id_2333,0.4935,True
id_2333,id_2333,0.4231,True
id_2333,id_2369,0.4406,False
id_2333,id_2333,0.6559,True
id_2333,id_2333,0.5374,True
id_2333,id_2333,0.6039,True
id_2333,id_2333,0.6158,True
id_2333,id_2333,0.6660,True
id_2333,id_2333,0.5646,True
id_2333,id_6398,0.3462,False
id_2333,id_2333,0.5694,True
id_2333,id_4748,0.4870,False
id_2333,id_9508,0.4416,False
id_2333,id_2333,0.5813,True
id_2333,id_2333,0.6100,True
id_2333,id_2333,0.7042,True
id_2333,id_2333,0.7452,True
id_2333,id_2333,0.6822,True
id_2333,id_2333,0.5609,True
id_2333,id_2333,0.5309,True
id_2333,id_2333,0.6889,True
id_2333,id_2333,0.4601,True
id_2333,id_1091,0.3627,False
id_2333,id_2333,0.6204,True
id_2333,id_2333,0.6804,True
id_2333,id_2333,0.4670,True
id_2333,id_2333,0.4074,True
id_2333,id_1021,0.4454,False
id_2333,id_4634,0.3781,False
id_2333,id_6189,0.4411,False
id_2333,id_2333,0.5724,True
id_2333,id_2333,0.6179,True
id_2333,id_2333,0.4779,True
id_2333,id_2478,0.4498,False
id_2333,id_6001,0.4048,False
id_2333,id_6284,0.3226,False
id_2333,id_2333,0.5258,True
id_2333,id_2333,0.5470,True
id_2333,id_2333,0.4711,True
id_5922,id_6011,0.4020,False
id_5922,id_3497,0.3977,False
id_5922,id_5922,0.5106,True
id_5922,id_7833,0.4529,False
id_5922,id_5922,0.5215,True
id_5922,id_7300,0.4415,False
id_5922,id_248,0.4656,False
id_5922,id_5922,0.4987,True
id_5922,id_5956,0.3230,False
id_1155,id_2833,0.5071,False
id_1155,id_1155,0.5844,True
id_1155,id_446,0.4358,False
id_1155,id_1155,0.6422,True
id_1155,id_9484,0.3212,False
id_1155,id_1155,0.4782,True
id_1155,id_1155,0.5989,True
id_1155,id_1155,0.5554,True
id_1155,id_1155,0.4142,True
id_1155,id_1155,0.5349,True
id_1155,id_1155,0.6199,True
id_1155,id_1155,0.6410,True
id_1155,id_1155,0.5996,True
id_1155,id_1155,0.7028,True
id_1155,id_1155,0.6455,True
id_1155,id_8677,0.3222,False
id_1155,id_1155,0.4725,True
id_1155,id_1155,0.6621,True
id_9470,id_6684,0.5256,False
id_9470,id_1535,0.4196,False
id_9470,id_9470,0.3477,True
id_9470,id_9470,0.5010,True
id_9470,id_6934,0.4420,False
id_9470,id_1843,0.2843,False
id_9470,id_9470,0.5724,True
id_9470,id_5869,0.4461,False
id_3520,id_3520,0.6350,True
id_3520,id_3520,0.3757,True
id_3520,id_5869,0.4738,False
id_3520,id_3520,0.6451,True
id_3520,id_3520,0.6959,True
id_3520,id_3520,0.5797,True
id_3520,id_1755,0.4289,False
id_3520,id_3520,0.6495,True
id_3520,id_3520,0.5566,True
id_3520,id_3520,0.5245,True
id_3520,id_3520,0.6278,True
id_3520,id_1021,0.3681,False
id_3520,id_3520,0.4678,True
id_3520,id_3520,0.4109,True
id_3520,id_10170,0.4135,False
id_3520,id_556,0.4703,False
id_3520,id_3520,0.5921,True
id_3520,id_3520,0.5257,True
id_3520,id_3520,0.5839,True
id_3520,id_446,0.4481,False
id_3520,id_3520,0.6676,True
id_3520,id_3520,0.6160,True
id_3520,id_3520,0.5850,True
id_3520,id_3520,0.5691,True
id_3520,id_3520,0.6205,True
id_3520,id_3520,0.4703,True
id_3520,id_3397,0.3074,False
id_3520,id_3520,0.6186,True
id_3520,id_3520,0.6154,True
id_3520,id_3520,0.5548,True
id_3520,id_3520,0.5896,True
id_3520,id_5010,0.5724,False
id_3520,id_2520,0.5106,False
id_3520,id_3520,0.6921,True
id_3520,id_4047,0.3976,False
id_3520,id_3520,0.4079,True
id_3520,id_3520,0.7226,True
id_3520,id_3520,0.5225,True
id_3520,id_3520,0.4872,True
id_3520,id_1292,0.4247,False
id_3520,id_3735,0.3647,False
id_3520,id_3520,0.4156,True
id_3520,id_3520,0.5031,True
id_3520,id_3520,0.6409,True
id_3520,id_3520,0.5182,True
id_3520,id_3520,0.6192,True
id_3520,id_1952,0.3869,False
id_3520,id_9288,0.4444,False
id_3520,id_3520,0.6565,True
id_3520,id_3520,0.3674,True
id_3520,id_9806,0.2934,False
id_3520,id_3520,0.4154,True
id_3520,id_3520,0.6412,True
id_3520,id_3520,0.4958,True
id_3520,id_3520,0.6116,True
id_3520,id_3520,0.6223,True
id_3520,id_3520,0.6079,True
id_3520,id_3520,0.5804,True
id_3520,id_3520,0.4751,True
id_3520,id_3520,0.6240,True
id_3520,id_9530,0.3983,False
id_3520,id_1744,0.3961,False
id_3520,id_2832,0.4551,False
id_3520,id_3520,0.5323,True
id_3520,id_3520,0.6596,True
id_3520,id_3520,0.4596,True
id_3520,id_3520,0.3996,True
id_3520,id_3520,0.5651,True
id_3520,id_2480,0.4035,False
id_3520,id_3520,0.3722,True
id_3520,id_3520,0.4638,True
id_3520,id_3911,0.4900,False
id_3520,id_1851,0.4710,False
id_3520,id_3520,0.5625,True
id_3520,id_3520,0.6156,True
id_3520,id_3520,0.5337,True
id_3520,id_3520,0.6588,True
id_3520,id_3520,0.5198,True
id_3520,id_3165,0.4858,False
id_3520,id_5752,0.4201,False
id_3520,id_3520,0.6711,True
id_3520,id_4874,0.4388,False
id_3520,id_3520,0.5715,True
id_3520,id_3520,0.6572,True
id_3520,id_3520,0.5687,True
id_3520,id_9051,0.5472,False
id_3520,id_2500,0.4425,False
id_3520,id_2842,0.6532,False
id_3520,id_3520,0.6951,True
id_3520,id_3520,0.5553,True
id_8414,id_753,0.3160,False
id_8414,id_1765,0.3725,False
id_8414,id_4268,0.3168,False
id_8414,id_2478,0.4550,False
id_8414,id_8088,0.4280,False
id_10343,id_9950,0.4060,False
id_10343,id_7204,0.3334,False
id_10343,id_5310,0.4658,False
id_10343,id_9496,0.3892,False
id_10343,id_10343,0.4010,True
id_10343,id_8243,0.3200,False
id_10343,id_1271,0.3582,False
id_10343,id_7350,0.3742,False
id_10343,id_10343,0.4773,True
id_10343,id_1222,0.3162,False
id_10343,id_10343,0.5675,True
id_10343,id_4373,0.3754,False
id_10343,id_25,0.3352,False
id_10343,id_6703,0.4200,False
id_10343,id_6350,0.3858,False
id_10343,id_10343,0.4703,True
id_10343,id_792,0.3503,False
id_10343,id_10343,0.5945,True
id_10343,id_10343,0.6263,True
id_10343,id_10343,0.4673,True
id_10343,id_10343,0.5393,True
id_10343,id_10343,0.5298,True
id_10343,id_3503,0.4249,False
id_10343,id_6284,0.3615,False
id_10343,id_9351,0.4767,False
id_10343,id_10475,0.4400,False
id_10343,id_3911,0.4107,False
id_10343,id_9545,0.5370,False
id_10343,id_6894,0.3521,False
id_10343,id_10079,0.5189,False
id_10343,id_186,0.3771,False
id_7385,id_7385,0.5162,True
id_7385,id_248,0.4587,False
id_7385,id_7385,0.6830,True
id_7385,id_7385,0.7811,True
id_7385,id_9946,0.4705,False
id_7385,id_7385,0.7134,True
id_7385,id_7385,0.6918,True
id_7385,id_7385,0.7590,True
id_7385,id_6556,0.4884,False
id_7385,id_7385,0.6417,True
id_7385,id_7385,0.7609,True
id_7385,id_7385,0.6907,True
id_5101,id_3339,0.2935,False
id_5101,id_2987,0.4594,False
id_5101,id_5101,0.6145,True
id_5101,id_5101,0.3644,True
id_5101,id_5101,0.5741,True
id_5101,id_5101,0.6725,True
id_5101,id_5101,0.5468,True
id_5101,id_5593,0.3893,False
id_5101,id_5101,0.4406,True
id_2628,id_2842,0.4409,False
id_2628,id_2628,0.5150,True
id_2628,id_2628,0.6568,True
id_2628,id_2628,0.6896,True
id_2628,id_2628,0.7079,True
id_2628,id_2628,0.6962,True
id_2628,id_2628,0.6235,True
id_2628,id_2628,0.6687,True
id_2628,id_2628,0.4845,True
id_2628,id_6077,0.4261,False
id_2628,id_2628,0.5793,True
id_2628,id_2628,0.5731,True
id_2628,id_2628,0.5798,True
id_2628,id_2628,0.5903,True
id_2628,id_2628,0.3069,True
id_7888,id_5251,0.3240,False
id_7888,id_7888,0.6693,True
id_7888,id_652,0.3976,False
id_7888,id_7888,0.5757,True
id_7888,id_7888,0.6254,True
id_7888,id_7888,0.5959,True
id_7888,id_7888,0.5733,True
id_7888,id_7888,0.4137,True
id_7888,id_7888,0.4993,True
id_7888,id_7888,0.7134,True
id_7888,id_7149,0.4773,False
id_7888,id_7888,0.6642,True
id_7888,id_7888,0.5457,True
id_7888,id_7888,0.7067,True
id_7888,id_4463,0.3643,False
id_7888,id_9096,0.4582,False
id_7888,id_7888,0.5671,True
id_7888,id_7888,0.6328,True
id_7888,id_7888,0.5781,True
id_7888,id_7888,0.4940,True
id_7888,id_7888,0.5024,True
id_7888,id_7888,0.5153,True
id_7888,id_7888,0.6592,True
id_7888,id_7888,0.4404,True
id_7888,id_7888,0.5176,True
id_7888,id_7888,0.6233,True
id_7888,id_7575,0.4128,False
id_7888,id_7022,0.4933,False
id_7888,id_7888,0.6459,True
id_7888,id_7888,0.4727,True
id_9353,id_9353,0.6089,True
id_9353,id_4358,0.4743,False
id_9353,id_5934,0.4794,False
id_9353,id_9353,0.5142,True
id_9353,id_9353,0.3538,True
id_9353,id_9353,0.5217,True
id_9353,id_9353,0.4577,True
id_9353,id_9353,0.4862,True
id_9353,id_5827,0.4116,False
id_9353,id_7089,0.4420,False
id_9353,id_9353,0.6041,True
id_9353,id_169,0.3923,False
id_9353,id_1532,0.3508,False
id_9353,id_9353,0.5513,True
id_9353,id_9353,0.6350,True
id_9353,id_9353,0.5139,True
id_6859,id_8637,0.4544,False
id_6859,id_6859,0.5841,True
id_6859,id_6859,0.4934,True
id_6859,id_6334,0.5332,False
id_6859,id_6859,0.3871,True
id_6859,id_5509,0.3857,False
id_6859,id_6859,0.6738,True
id_4570,id_9530,0.4649,False
id_4570,id_4570,0.3664,True
id_4570,id_5794,0.3077,False
id_4570,id_4570,0.4781,True
id_4570,id_8677,0.3680,False
id_4570,id_10131,0.3520,False
id_4570,id_6380,0.3381,False
id_5948,id_5948,0.6868,True
id_5948,id_5948,0.6778,True
id_5948,id_6423,0.4518,False
id_5948,id_4169,0.3886,False
id_5948,id_6368,0.3536,False
id_5948,id_5948,0.6545,True
id_5948,id_221,0.3996,False
id_5948,id_4492,0.3284,False
id_5948,id_5948,0.5619,True
id_5948,id_5948,0.5309,True
id_5948,id_5948,0.6786,True
id_5948,id_3916,0.4448,False
id_5948,id_5948,0.7011,True
id_5948,id_9379,0.3577,False
id_5948,id_5948,0.7243,True
id_5948,id_3512,0.5522,False
id_5948,id_5948,0.4668,True
id_5948,id_5948,0.5772,True
id_4820,id_4820,0.7454,True
id_4820,id_4820,0.4893,True
id_4820,id_4820,0.4760,True
id_4820,id_1400,0.3207,False
id_4820,id_1465,0.3395,False
id_4820,id_4820,0.5831,True
id_4820,id_2580,0.4330,False
id_4820,id_4820,0.6241,True
id_4820,id_10482,0.4027,False
id_4820,id_4820,0.6181,True
id_4820,id_4820,0.6932,True
id_4820,id_4459,0.3836,False
id_4820,id_4820,0.7024,True
id_4820,id_3736,0.3409,False
id_4820,id_4820,0.6401,True
id_4820,id_4820,0.5657,True
id_4820,id_4820,0.6073,True
id_4945,id_8380,0.3795,False
id_4945,id_2,0.3796,False
id_4945,id_177,0.4607,False
id_4945,id_9988,0.4492,False
id_4945,id_7524,0.4814,False
id_4945,id_4945,0.3741,True
id_4945,id_4945,0.4488,True
id_4945,id_252,0.4834,False
id_4945,id_4945,0.4127,True
id_5033,id_5033,0.5487,True
id_5033,id_3866,0.3391,False
id_5033,id_5896,0.3637,False
id_5033,id_4898,0.3222,False
id_5033,id_3866,0.3351,False
id_5033,id_5033,0.3442,True
id_5033,id_10514,0.3446,False
id_5033,id_5033,0.5722,True
id_5033,id_5033,0.6270,True
id_5033,id_3866,0.4999,False
id_5033,id_5033,0.6062,True
id_5033,id_5033,0.4480,True
id_5033,id_5033,0.4863,True
id_5033,id_5033,0.6099,True
id_5033,id_5033,0.5488,True
id_5033,id_3218,0.4286,False
id_5033,id_4956,0.4407,False
id_5033,id_5033,0.4643,True
id_5033,id_5033,0.4261,True
id_5033,id_5033,0.5189,True
id_5033,id_5033,0.6551,True
id_5033,id_2730,0.2729,False
id_5033,id_5033,0.4899,True
id_9670,id_9670,0.7517,True
id_9670,id_9670,0.6252,True
id_9670,id_9670,0.6525,True
id_9670,id_9550,0.3486,False
id_9670,id_9670,0.6334,True
id_9670,id_9670,0.7040,True
id_9670,id_9670,0.4846,True
id_9670,id_9670,0.5824,True
id_9670,id_9670,0.5210,True
id_9670,id_9670,0.4374,True
id_9670,id_9670,0.4956,True
id_9670,id_4517,0.3818,False
id_9670,id_9670,0.6142,True
id_9670,id_1897,0.4050,False
id_9670,id_9166,0.3628,False
id_9670,id_3578,0.4333,False
id_713,id_2902,0.3916,False
id_713,id_713,0.5737,True
id_713,id_2902,0.3404,False
id_713,id_4433,0.3892,False
id_713,id_713,0.5319,True
id_713,id_713,0.4417,True
id_713,id_8088,0.4614,False
id_9960,id_9960,0.5073,True
id_9960,id_6637,0.2877,False
id_9960,id_496,0.4602,False
id_9960,id_9960,0.5558,True
id_9960,id_9960,0.4596,True
id_9960,id_9960,0.5086,True
id_9960,id_8204,0.4269,False
id_9960,id_9960,0.5464,True
id_9960,id_2354,0.4215,False
id_9427,id_9427,0.5951,True
id_9427,id_9427,0.5975,True
id_9427,id_9427,0.6359,True
id_9427,id_9427,0.7205,True
id_9427,id_9427,0.5644,True
id_9427,id_9427,0.5468,True
id_9427,id_9427,0.5780,True
id_9427,id_9427,0.5532,True
id_9427,id_9427,0.8145,True
id_9427,id_9427,0.6879,True
id_9427,id_9427,0.6385,True
id_9427,id_9427,0.6440,True
id_9427,id_9427,0.6786,True
id_9427,id_9427,0.7496,True
id_9427,id_9427,0.4461,True
id_9427,id_9427,0.7155,True
id_9427,id_9427,0.6639,True
id_9427,id_9427,0.7632,True
id_9427,id_9427,0.7229,True
id_9427,id_9427,0.5417,True
id_9427,id_9427,0.6567,True
id_9427,id_6543,0.5528,False
id_9427,id_9427,0.6072,True
id_5278,id_5278,0.5890,True
id_5278,id_5278,0.6588,True
id_5278,id_5278,0.5469,True
id_5278,id_5278,0.6580,True
id_5278,id_5278,0.5615,True
id_5278,id_5278,0.5915,True
id_5278,id_5278,0.6990,True
id_5278,id_5278,0.6971,True
id_5278,id_5278,0.4404,True
id_5278,id_1597,0.4002,False
id_5278,id_5278,0.5012,True
id_5278,id_5278,0.6045,True
id_5278,id_5278,0.5820,True
id_5278,id_9030,0.3943,False
id_5278,id_5278,0.4549,True
id_5278,id_1897,0.3535,False
id_5278,id_5278,0.4609,True
id_5278,id_5278,0.5958,True
id_5278,id_4317,0.3529,False
id_5278,id_5278,0.4939,True
id_5278,id_6809,0.5149,False
id_5278,id_10518,0.3954,False
id_5278,id_6186,0.2880,False
id_5278,id_5278,0.6602,True
id_5278,id_5278,0.6781,True
id_5278,id_5278,0.5874,True
id_5278,id_5278,0.6080,True
id_5278,id_5278,0.4612,True
id_5278,id_10442,0.5120,False
id_5278,id_5278,0.6243,True
id_5278,id_5278,0.6883,True
id_5278,id_5278,0.3391,True
id_5278,id_5278,0.5672,True
id_5278,id_5278,0.4754,True
id_5278,id_5278,0.5617,True
id_5278,id_9046,0.4280,False
id_5278,id_4956,0.4238,False
id_5278,id_5278,0.4242,True
id_5278,id_5278,0.6512,True
id_5278,id_2369,0.3639,False
id_5278,id_5278,0.6743,True
id_5278,id_5278,0.6481,True
id_5278,id_5278,0.6716,True
id_5278,id_5278,0.3837,True
id_5278,id_5278,0.5430,True
id_5278,id_5278,0.6470,True
id_5278,id_5278,0.4290,True
id_5278,id_5278,0.6516,True
id_5278,id_5278,0.5656,True
id_5278,id_5278,0.6843,True
id_5278,id_3058,0.4201,False
id_5278,id_5278,0.4924,True
id_5278,id_5278,0.3882,True
id_5278,id_9030,0.3899,False
id_5278,id_5278,0.5143,True
id_5278,id_5278,0.4274,True
id_5278,id_5278,0.6179,True
id_5278,id_5278,0.5358,True
id_5278,id_5278,0.5924,True
id_5278,id_5278,0.6035,True
id_5278,id_5278,0.5118,True
id_5278,id_5278,0.4942,True
id_5278,id_5278,0.4495,True
id_5278,id_6186,0.2880,False
id_5278,id_5278,0.6528,True
id_5278,id_5278,0.6419,True
id_5278,id_10518,0.3954,False
id_5278,id_5278,0.5430,True
id_5278,id_5278,0.4307,True
id_5278,id_5278,0.5890,True
id_5278,id_5278,0.6538,True
id_5278,id_5278,0.6094,True
id_5278,id_5278,0.7231,True
id_5278,id_5278,0.7037,True
id_5278,id_786,0.3374,False
id_5278,id_5278,0.4715,True
id_5278,id_3736,0.3080,False
id_5278,id_5278,0.3158,True
id_5278,id_5278,0.5918,True
id_5278,id_5278,0.6148,True
id_5278,id_6523,0.3687,False
id_5278,id_7904,0.3444,False
id_5278,id_5278,0.7222,True
id_5278,id_5013,0.5040,False
id_5278,id_5278,0.6470,True
id_5278,id_5278,0.5028,True
id_8987,id_8987,0.4480,True
id_8987,id_8987,0.4537,True
id_8987,id_8970,0.4229,False
id_8987,id_8987,0.3121,True
id_8987,id_8987,0.4528,True
id_8987,id_4670,0.3518,False
id_8987,id_8987,0.5240,True
id_8987,id_9695,0.3566,False
id_1690,id_8199,0.4359,False
id_1690,id_520,0.3920,False
id_1690,id_1690,0.5832,True
id_1690,id_2809,0.4837,False
id_1690,id_1690,0.5164,True
id_1690,id_1690,0.5876,True
id_1690,id_1690,0.5905,True
id_1690,id_1690,0.5902,True
id_7380,id_7380,0.6348,True
id_7380,id_7380,0.5118,True
id_7380,id_7380,0.5367,True
id_7380,id_4455,0.4006,False
id_7380,id_7380,0.5981,True
id_7380,id_7380,0.6678,True
id_7380,id_6637,0.4734,False
id_10514,id_10514,0.6771,True
id_10514,id_7968,0.2523,False
id_10514,id_10514,0.5919,True
id_10514,id_10514,0.7114,True
id_10514,id_10514,0.4761,True
id_10514,id_10511,0.3318,False
id_10514,id_2287,0.3062,False
id_10514,id_10511,0.6261,False
id_10514,id_4138,0.3940,False
id_10514,id_10514,0.6104,True
id_10514,id_10511,0.6738,False
id_10514,id_10511,0.5558,False
id_1154,id_177,0.4100,False
id_1154,id_1154,0.5587,True
id_1154,id_1154,0.4056,True
id_1154,id_2902,0.4227,False
id_1154,id_3206,0.3875,False
id_1154,id_1154,0.5733,True
id_1154,id_1154,0.5704,True
id_1154,id_1154,0.5033,True
id_1154,id_1154,0.5949,True
id_1154,id_1154,0.5953,True
id_1154,id_9259,0.3169,False
id_1154,id_1154,0.6845,True
id_1154,id_1154,0.7290,True
id_1154,id_1154,0.5486,True
id_1154,id_7446,0.4334,False
id_1154,id_1154,0.6428,True
id_1154,id_1154,0.6113,True
id_1154,id_1154,0.6011,True
id_1154,id_1154,0.5061,True
id_1154,id_1154,0.5409,True
id_1154,id_1154,0.5029,True
id_1154,id_1154,0.7128,True
id_1154,id_1154,0.6941,True
id_1154,id_6278,0.4866,False
id_1154,id_6368,0.3653,False
id_1154,id_1154,0.5544,True
id_1154,id_1154,0.4587,True
id_1154,id_1154,0.5659,True
id_1154,id_1154,0.6436,True
id_1154,id_221,0.3657,False
id_1154,id_1154,0.4462,True
id_1154,id_1154,0.6033,True
id_1154,id_1154,0.4862,True
id_1154,id_1154,0.5746,True
id_1154,id_1154,0.4168,True
id_1154,id_1154,0.5529,True
id_1154,id_1154,0.5075,True
id_1154,id_1154,0.5915,True
id_1154,id_1154,0.4868,True
id_1154,id_1154,0.5852,True
id_1154,id_1154,0.7146,True
id_1154,id_1154,0.6842,True
id_1154,id_1154,0.4534,True
id_1154,id_1168,0.4948,False
id_1154,id_1154,0.5270,True
id_1154,id_7916,0.3902,False
id_1154,id_1154,0.5594,True
id_1154,id_3916,0.4714,False
id_1154,id_1154,0.5652,True
id_1154,id_1154,0.6668,True
id_1154,id_1154,0.6982,True
id_1154,id_1154,0.3748,True
id_1154,id_1154,0.5615,True
id_1154,id_1154,0.5483,True
id_1154,id_7403,0.4205,False
id_1154,id_1154,0.5604,True
id_1154,id_1154,0.6173,True
id_1154,id_1154,0.5412,True
id_1154,id_1154,0.6188,True
id_1154,id_1154,0.5834,True
id_1154,id_1154,0.6852,True
id_1154,id_1154,0.6928,True
id_1154,id_1154,0.5443,True
id_1154,id_1154,0.6035,True
id_1154,id_1154,0.6141,True
id_1154,id_1154,0.6867,True
id_1154,id_1154,0.4702,True
id_1154,id_1154,0.5495,True
id_1154,id_1154,0.5943,True
id_1154,id_1154,0.5204,True
id_1154,id_6398,0.2870,False
id_1154,id_1154,0.5802,True
id_1154,id_1154,0.5020,True
id_1154,id_1154,0.5468,True
id_1154,id_1154,0.6123,True
id_1154,id_1154,0.6573,True
id_1154,id_1154,0.5890,True
id_1154,id_1154,0.6235,True
id_1154,id_1154,0.6428,True
id_1154,id_1434,0.4574,False
id_1154,id_1154,0.6363,True
id_1154,id_7522,0.4170,False
id_1154,id_1154,0.4305,True
id_1154,id_1154,0.4120,True
id_1154,id_1154,0.5323,True
id_1154,id_1154,0.4734,True
id_1154,id_5033,0.4363,False
id_1154,id_1154,0.4925,True
id_1154,id_1154,0.5929,True
id_1154,id_4169,0.4062,False
id_1154,id_1154,0.6495,True
id_1154,id_2058,0.3149,False
id_1154,id_1434,0.4705,False
id_1154,id_1154,0.5285,True
id_1154,id_1154,0.4977,True
id_1154,id_1154,0.6159,True
id_1154,id_1154,0.6979,True
id_1154,id_2128,0.3628,False
id_1154,id_1154,0.7577,True
id_1154,id_1154,0.6702,True
id_1154,id_1154,0.4246,True
id_1154,id_1154,0.3016,True
id_1154,id_1154,0.6347,True
id_1154,id_1154,0.7689,True
id_1154,id_1154,0.6853,True
id_1154,id_1154,0.6649,True
id_1154,id_1154,0.5248,True
id_1154,id_1055,0.1895,False
id_1154,id_1154,0.5729,True
id_1154,id_1154,0.4619,True
id_1154,id_1154,0.5580,True
id_1154,id_1154,0.5908,True
id_1154,id_1154,0.6578,True
id_1154,id_1154,0.6773,True
id_1154,id_2134,0.3891,False
id_1154,id_1154,0.4669,True
id_1154,id_1154,0.5240,True
id_1154,id_1154,0.6489,True
id_1154,id_1154,0.4143,True
id_1154,id_1154,0.4703,True
id_1154,id_9980,0.4296,False
id_1154,id_1154,0.5677,True
id_1154,id_1154,0.5919,True
id_1154,id_1154,0.6243,True
id_1154,id_2303,0.4015,False
id_1154,id_4855,0.4147,False
id_1154,id_1154,0.7002,True
id_1154,id_1154,0.5187,True
id_1154,id_7709,0.3771,False
id_1154,id_1154,0.4212,True
id_1154,id_1154,0.4453,True
id_1154,id_1154,0.5277,True
id_1154,id_1154,0.4696,True
id_1154,id_1154,0.6885,True
id_1154,id_1168,0.3968,False
id_1154,id_1154,0.5222,True
id_1154,id_1154,0.6060,True
id_1154,id_1654,0.4294,False
id_1154,id_1154,0.5539,True
id_1154,id_1154,0.6088,True
id_1154,id_1154,0.6625,True
id_1154,id_1154,0.6502,True
id_1154,id_1154,0.4626,True
id_1154,id_4945,0.3311,False
id_1154,id_7446,0.3937,False
id_1154,id_1154,0.6561,True
id_1154,id_520,0.3465,False
id_1154,id_1154,0.5952,True
id_1154,id_1154,0.5518,True
id_1154,id_1154,0.5244,True
id_1154,id_7363,0.3353,False
id_1154,id_1154,0.5666,True
id_1154,id_1154,0.5216,True
id_1154,id_1154,0.6403,True
id_10507,id_10507,0.6318,True
id_10507,id_10507,0.4293,True
id_10507,id_10507,0.6634,True
id_10507,id_2361,0.3554,False
id_10507,id_10507,0.4449,True
id_10507,id_10507,0.5350,True
id_10507,id_8987,0.3487,False
id_4450,id_4450,0.6293,True
id_4450,id_4450,0.5246,True
id_4450,id_4450,0.6227,True
id_4450,id_4450,0.7399,True
id_4450,id_4450,0.4047,True
id_4450,id_4450,0.6313,True
id_4450,id_4450,0.7137,True
id_4450,id_4450,0.6637,True
id_4450,id_520,0.3095,False
id_4450,id_4450,0.6595,True
id_4450,id_4450,0.3767,True
id_4450,id_4450,0.7595,True
id_4450,id_4450,0.6133,True
id_4450,id_4450,0.6359,True
id_4450,id_4450,0.5960,True
id_4450,id_4450,0.6308,True
id_4450,id_4450,0.7982,True
id_4450,id_4450,0.7988,True
id_4450,id_4450,0.6504,True
id_4450,id_497,0.3262,False
id_4450,id_4450,0.7573,True
id_4450,id_4450,0.7126,True
id_4450,id_4450,0.6893,True
id_4450,id_4450,0.5436,True
id_4450,id_4450,0.6157,True
id_4450,id_4450,0.4532,True
id_4450,id_4450,0.6926,True
id_4450,id_4450,0.3931,True
id_4450,id_4450,0.5082,True
id_8953,id_9030,0.3840,False
id_8953,id_9599,0.4628,False
id_8953,id_475,0.4223,False
id_8953,id_5593,0.3440,False
id_8953,id_8953,0.5776,True
id_8953,id_6684,0.4970,False
id_8953,id_4945,0.3132,False
id_8953,id_8953,0.5562,True
id_8953,id_97,0.3875,False
id_8953,id_8953,0.5438,True
id_8953,id_8953,0.4417,True
id_3195,id_5827,0.4125,False
id_3195,id_5162,0.4163,False
id_3195,id_3589,0.3154,False
id_3195,id_1003,0.3209,False
id_3195,id_10136,0.4752,False
id_3195,id_5206,0.4050,False
id_3195,id_3195,0.4482,True
id_3195,id_834,0.5302,False
id_3195,id_6245,0.3235,False
id_3195,id_475,0.3211,False
id_3195,id_3195,0.4594,True
id_3195,id_3195,0.4301,True
id_3195,id_4165,0.4862,False
id_3195,id_3195,0.4623,True
id_3195,id_9599,0.3515,False
id_3195,id_1760,0.3828,False
id_3195,id_608,0.4748,False
id_594,id_6899,0.3910,False
id_594,id_10246,0.4750,False
id_594,id_3106,0.3135,False
id_594,id_10085,0.3877,False
id_594,id_8482,0.4469,False
id_3406,id_3406,0.3801,True
id_3406,id_3406,0.3624,True
id_3406,id_5297,0.3319,False
id_3406,id_5750,0.3995,False
id_3406,id_1127,0.3409,False
id_3406,id_610,0.3382,False
id_3406,id_4855,0.2960,False
id_3406,id_3406,0.5153,True
id_2235,id_2235,0.5897,True
id_2235,id_2235,0.4987,True
id_2235,id_2235,0.5550,True
id_2235,id_4511,0.3810,False
id_2235,id_2235,0.6601,True
id_2235,id_2235,0.5099,True
id_2235,id_2235,0.4496,True
id_2235,id_2235,0.4727,True
id_4542,id_8447,0.3892,False
id_4542,id_4542,0.6206,True
id_4542,id_4542,0.6544,True
id_4542,id_4542,0.5873,True
id_4542,id_4542,0.6124,True
id_4542,id_4542,0.6470,True
id_4542,id_4542,0.6019,True
id_4542,id_3623,0.3566,False
id_3778,id_7567,0.3942,False
id_3778,id_1091,0.4011,False
id_3778,id_3778,0.4496,True
id_3778,id_3778,0.6186,True
id_3778,id_3778,0.6659,True
id_3778,id_3778,0.6740,True
id_3778,id_3778,0.5724,True
id_3778,id_5162,0.3926,False
id_3778,id_3778,0.5770,True
id_3778,id_3778,0.6424,True
id_3778,id_3736,0.3969,False
id_3778,id_3778,0.5968,True
id_3778,id_3778,0.6483,True
id_3778,id_3778,0.6520,True
id_3778,id_10468,0.4142,False
id_3778,id_693,0.5207,False
id_3778,id_3778,0.6202,True
id_3778,id_3778,0.7172,True
id_3778,id_8389,0.3831,False
id_3778,id_5520,0.3221,False
id_864,id_864,0.4914,True
id_864,id_4716,0.3437,False
id_864,id_3911,0.3430,False
id_864,id_1897,0.4296,False
id_864,id_1400,0.3663,False
id_864,id_6350,0.4104,False
id_864,id_864,0.5304,True
id_864,id_3497,0.4994,False
id_864,id_4075,0.5414,False
id_6336,id_6336,0.4758,True
id_6336,id_7089,0.4294,False
id_6336,id_6336,0.3463,True
id_6336,id_6336,0.3203,True
id_6336,id_7089,0.3868,False
id_6336,id_7879,0.4577,False
id_6336,id_6336,0.5186,True
id_6336,id_7988,0.4318,False
id_6336,id_6878,0.3749,False
id_6336,id_6336,0.3562,True
id_6336,id_10050,0.3598,False
id_6336,id_1536,0.3844,False
id_6336,id_10251,0.3072,False
id_6336,id_2369,0.3540,False
id_6336,id_7620,0.4030,False
id_6336,id_5895,0.4100,False
id_6336,id_1536,0.3714,False
id_8116,id_8116,0.5936,True
id_8116,id_8116,0.6506,True
id_8116,id_8116,0.5844,True
id_8116,id_8116,0.5689,True
id_8116,id_8116,0.4729,True
id_8116,id_6566,0.4301,False
id_8116,id_8116,0.6813,True
id_8116,id_8116,0.5453,True
id_8116,id_8116,0.6514,True
id_8116,id_8116,0.7263,True
id_8116,id_8116,0.3956,True
id_8116,id_8116,0.6465,True
id_8116,id_8116,0.7024,True
id_8116,id_8116,0.5336,True
id_8116,id_8116,0.5385,True
id_8116,id_8116,0.6842,True
id_8116,id_882,0.4147,False
id_8116,id_8116,0.6708,True
id_8116,id_3257,0.3476,False
id_8116,id_8116,0.6094,True
id_8116,id_8116,0.5823,True
id_8116,id_8116,0.7169,True
id_8116,id_8116,0.5498,True
id_8116,id_8116,0.4971,True
id_8116,id_8116,0.7126,True
id_8116,id_4751,0.3400,False
id_8116,id_8116,0.6824,True
id_8116,id_8116,0.6094,True
id_8116,id_8116,0.4479,True
id_8116,id_8116,0.5186,True
id_3456,id_3456,0.5720,True
id_3456,id_3456,0.5907,True
id_3456,id_3456,0.4933,True
id_3456,id_3456,0.4533,True
id_3456,id_3456,0.5511,True
id_3456,id_3456,0.6749,True
id_3456,id_3456,0.6625,True
id_3456,id_3456,0.5830,True
id_3456,id_1020,0.4146,False
id_3456,id_3456,0.5027,True
id_3456,id_3456,0.6968,True
id_3456,id_3257,0.3476,False
id_3456,id_3456,0.4478,True
id_3456,id_3456,0.7105,True
id_3456,id_3456,0.5130,True
id_3456,id_3456,0.7163,True
id_3456,id_3456,0.6638,True
id_3456,id_3456,0.6511,True
id_3456,id_3456,0.5521,True
id_3456,id_3456,0.7168,True
id_3456,id_3456,0.6615,True
id_3456,id_3456,0.7289,True
id_3456,id_3456,0.5018,True
id_3456,id_3456,0.6930,True
id_3456,id_3456,0.4162,True
id_3456,id_3456,0.5830,True
id_3456,id_3456,0.7218,True
id_3456,id_3456,0.6629,True
id_3456,id_3456,0.7062,True
id_3456,id_3456,0.7085,True
id_3456,id_3456,0.6937,True
id_3456,id_3456,0.6695,True
id_3456,id_3456,0.5166,True
id_3456,id_3456,0.6346,True
id_3456,id_3456,0.6493,True
id_3456,id_3456,0.4494,True
id_3456,id_3456,0.6825,True
id_856,id_856,0.5020,True
id_856,id_2663,0.3292,False
id_856,id_856,0.5431,True
id_856,id_2354,0.3762,False
id_856,id_856,0.5601,True
id_856,id_2101,0.4314,False
id_856,id_6623,0.5333,False
id_856,id_856,0.7056,True
id_261,id_261,0.7760,True
id_261,id_1795,0.4547,False
id_261,id_261,0.7829,True
id_261,id_261,0.4110,True
id_261,id_261,0.6057,True
id_261,id_261,0.5604,True
id_261,id_2480,0.4100,False
id_261,id_261,0.7008,True
id_261,id_261,0.6184,True
id_261,id_6882,0.3829,False
id_261,id_261,0.7040,True
id_261,id_261,0.5149,True
id_261,id_261,0.4220,True
id_261,id_261,0.5640,True
id_261,id_261,0.6914,True
id_261,id_261,0.6317,True
id_261,id_261,0.3995,True
id_261,id_261,0.5701,True
id_261,id_7087,0.4907,False
id_261,id_1761,0.4306,False
id_261,id_261,0.7790,True
id_261,id_261,0.5173,True
id_261,id_261,0.6285,True
id_261,id_261,0.6581,True
id_261,id_261,0.4435,True
id_261,id_3911,0.4217,False
id_261,id_261,0.6504,True
id_261,id_261,0.6706,True
id_261,id_261,0.3968,True
id_261,id_1897,0.3262,False
id_261,id_3934,0.4104,False
id_261,id_261,0.7672,True
id_261,id_261,0.7038,True
id_261,id_261,0.4320,True
id_261,id_8677,0.3873,False
id_261,id_261,0.7655,True
id_261,id_261,0.6397,True
id_261,id_261,0.6433,True
id_261,id_261,0.5741,True
id_261,id_261,0.5514,True
id_261,id_8677,0.4581,False
id_261,id_261,0.7285,True
id_261,id_261,0.6554,True
id_261,id_261,0.5469,True
id_261,id_261,0.7250,True
id_261,id_346,0.4068,False
id_261,id_261,0.6347,True
id_261,id_261,0.6655,True
id_261,id_261,0.5160,True
id_261,id_261,0.6801,True
id_261,id_261,0.6444,True
id_261,id_873,0.3585,False
id_261,id_261,0.7529,True
id_261,id_261,0.5222,True
id_261,id_261,0.6007,True
id_261,id_261,0.6942,True
id_261,id_4174,0.3382,False
id_952,id_952,0.4357,True
id_952,id_952,0.5341,True
id_952,id_56,0.2853,False
id_952,id_952,0.5951,True
id_952,id_5583,0.4273,False
id_952,id_952,0.5143,True
id_952,id_952,0.6201,True
id_952,id_952,0.6685,True
id_952,id_952,0.5481,True
id_952,id_2663,0.4229,False
id_952,id_952,0.5889,True
id_952,id_952,0.5374,True
id_952,id_952,0.5055,True
id_952,id_952,0.5511,True
id_952,id_952,0.4543,True
id_952,id_952,0.3961,True
id_952,id_952,0.5366,True
id_952,id_952,0.5366,True
id_952,id_952,0.5655,True
id_952,id_952,0.6379,True
id_952,id_4517,0.3879,False
id_952,id_952,0.4571,True
id_952,id_2751,0.4126,False
id_952,id_952,0.6782,True
id_952,id_952,0.5822,True
id_952,id_2947,0.3215,False
id_952,id_952,0.4546,True
id_952,id_6368,0.4202,False
id_952,id_952,0.5828,True
id_952,id_952,0.4879,True
id_6540,id_7988,0.4621,False
id_6540,id_6540,0.6954,True
id_6540,id_6540,0.5587,True
id_6540,id_6540,0.4055,True
id_6540,id_6899,0.4306,False
id_6540,id_6540,0.5674,True
id_6540,id_1222,0.4128,False
id_6540,id_8209,0.3089,False
id_6540,id_9694,0.3321,False
id_6540,id_6540,0.4826,True
id_6540,id_6540,0.4883,True
id_6540,id_6540,0.6904,True
id_6540,id_6540,0.5732,True
id_6540,id_6540,0.5732,True
id_6540,id_6540,0.4679,True
id_6540,id_873,0.4160,False
id_6540,id_6540,0.5561,True
id_6540,id_9351,0.5187,False
id_6540,id_2489,0.3791,False
id_6540,id_6540,0.4319,True
id_2104,id_2104,0.4697,True
id_2104,id_2104,0.4915,True
id_2104,id_2104,0.5629,True
id_2104,id_5520,0.3452,False
id_2104,id_1153,0.4125,False
id_2104,id_3916,0.3739,False
id_2104,id_2104,0.4854,True
id_2104,id_2104,0.6884,True
id_2104,id_2104,0.7021,True
id_2104,id_2104,0.6978,True
id_2104,id_2104,0.6805,True
id_2104,id_8425,0.3870,False
id_2104,id_2104,0.5042,True
id_1321,id_1321,0.5877,True
id_1321,id_1321,0.6654,True
id_1321,id_1321,0.5748,True
id_1321,id_3497,0.4044,False
id_1321,id_1321,0.4851,True
id_1321,id_1321,0.5546,True
id_1321,id_1321,0.4519,True
id_1321,id_1321,0.4275,True
id_1321,id_1321,0.6407,True
id_1321,id_1321,0.6324,True
id_1321,id_1321,0.5596,True
id_1321,id_1321,0.7123,True
id_1321,id_1321,0.6416,True
id_1321,id_1321,0.5741,True
id_1321,id_1321,0.4817,True
id_1321,id_10232,0.4160,False
id_1321,id_1321,0.5804,True
id_1321,id_2500,0.4453,False
id_1321,id_1321,0.5739,True
id_1321,id_6543,0.3896,False
id_1321,id_1321,0.5436,True
id_1321,id_1321,0.5274,True
id_1321,id_1321,0.6692,True
id_1321,id_1321,0.7013,True
id_1321,id_1321,0.4751,True
id_1321,id_1321,0.7531,True
id_1321,id_1321,0.7062,True
id_1321,id_1587,0.3115,False
id_1321,id_1321,0.5776,True
id_1321,id_1321,0.6241,True
id_1321,id_1542,0.3703,False
id_1321,id_1321,0.5447,True
id_1321,id_1321,0.5362,True
id_1321,id_4710,0.4314,False
id_1321,id_248,0.4708,False
id_1321,id_1321,0.6915,True
id_1321,id_1321,0.7040,True
id_1321,id_1321,0.6667,True
id_1321,id_1321,0.6954,True
id_1321,id_1321,0.4561,True
id_1321,id_10079,0.5121,False
id_1321,id_1321,0.5974,True
id_1321,id_1321,0.5969,True
id_1321,id_1321,0.5309,True
id_1321,id_1321,0.6498,True
id_1321,id_1321,0.5901,True
id_1321,id_1321,0.5849,True
id_1321,id_1321,0.6927,True
id_1321,id_1321,0.5005,True
id_1321,id_1321,0.5438,True
id_1321,id_4006,0.4446,False
id_1321,id_1321,0.6317,True
id_1321,id_1321,0.5454,True
id_1321,id_1321,0.7152,True
id_1321,id_1542,0.4030,False
id_1321,id_1321,0.4944,True
id_1321,id_1321,0.7037,True
id_1321,id_1321,0.5226,True
id_1321,id_1321,0.6899,True
id_1321,id_1321,0.6062,True
id_1321,id_1321,0.4621,True
id_1321,id_1321,0.6767,True
id_1321,id_1321,0.4955,True
id_1321,id_1321,0.7122,True
id_1321,id_1321,0.5117,True
id_1321,id_1321,0.6973,True
id_1321,id_3735,0.3534,False
id_1321,id_1321,0.5639,True
id_1321,id_1321,0.5708,True
id_1321,id_1321,0.7150,True
id_1321,id_1321,0.6883,True
id_1321,id_1321,0.6215,True
id_1321,id_1321,0.6488,True
id_1321,id_1321,0.6890,True
id_1321,id_1321,0.5309,True
id_1321,id_1321,0.5856,True
id_1321,id_6376,0.4073,False
id_1321,id_1321,0.4464,True
id_1321,id_1321,0.5249,True
id_1321,id_1321,0.6052,True
id_1321,id_1321,0.6979,True
id_1321,id_6302,0.5323,False
id_1321,id_1321,0.5041,True
id_1321,id_1321,0.5109,True
id_1321,id_1321,0.5724,True
id_1321,id_1321,0.5961,True
id_1321,id_1321,0.6413,True
id_1321,id_1321,0.6249,True
id_1321,id_1321,0.6124,True
id_1321,id_5687,0.4339,False
id_1321,id_9496,0.3342,False
id_1321,id_6373,0.4313,False
id_1321,id_10079,0.5303,False
id_1321,id_1321,0.6638,True
id_1321,id_2832,0.4346,False
id_1321,id_1321,0.6481,True
id_1321,id_1321,0.5651,True
id_1321,id_1321,0.6434,True
id_1321,id_1321,0.5752,True
id_1321,id_168,0.3829,False
id_1321,id_1321,0.5121,True
id_1321,id_1321,0.5172,True
id_1321,id_1321,0.6022,True
id_1321,id_1321,0.6032,True
id_1321,id_1321,0.5395,True
id_1321,id_1321,0.5181,True
id_1321,id_1321,0.6623,True
id_1321,id_1321,0.7176,True
id_1321,id_1321,0.5437,True
id_1321,id_1321,0.5994,True
id_1321,id_5273,0.3334,False
id_1321,id_1321,0.5342,True
id_1321,id_1321,0.5724,True
id_1321,id_1321,0.6095,True
id_1321,id_1321,0.4561,True
id_1321,id_1321,0.4065,True
id_1321,id_1321,0.5591,True
id_1321,id_2435,0.3850,False
id_1321,id_1321,0.7383,True
id_1321,id_1321,0.7353,True
id_1321,id_1321,0.6351,True
id_1321,id_1321,0.6367,True
id_1321,id_1321,0.7023,True
id_1321,id_1321,0.6631,True
id_1321,id_4882,0.3340,False
id_1321,id_1321,0.5357,True
id_1321,id_1321,0.5220,True
id_1321,id_1321,0.5608,True
id_1321,id_1321,0.5212,True
id_1321,id_1321,0.6190,True
id_1321,id_1321,0.6679,True
id_1321,id_1321,0.4213,True
id_1321,id_1321,0.4905,True
id_1321,id_2798,0.2485,False
id_1321,id_1321,0.7116,True
id_1321,id_1321,0.5415,True
id_1321,id_1321,0.4953,True
id_1321,id_1321,0.5727,True
id_1321,id_1321,0.6388,True
id_1321,id_1321,0.5762,True
id_1321,id_1321,0.5933,True
id_1321,id_1321,0.4514,True
id_1321,id_3569,0.5036,False
id_1321,id_1321,0.7193,True
id_1321,id_7478,0.3520,False
id_1321,id_8531,0.4457,False
id_1321,id_1654,0.3628,False
id_1321,id_1321,0.5856,True
id_1321,id_1321,0.6105,True
id_1321,id_1321,0.6263,True
id_1321,id_9496,0.4188,False
id_1321,id_1540,0.4228,False
id_1321,id_5818,0.4654,False
id_1321,id_1321,0.6200,True
id_1321,id_1321,0.6859,True
id_1321,id_1321,0.5738,True
id_1321,id_1321,0.3651,True
id_1321,id_1321,0.4638,True
id_1321,id_1321,0.5776,True
id_1321,id_1321,0.4458,True
id_1321,id_1321,0.4812,True
id_1321,id_1321,0.6684,True
id_1321,id_1321,0.5090,True
id_1321,id_1321,0.6670,True
id_1321,id_1321,0.4320,True
id_1321,id_1321,0.5821,True
id_1321,id_1321,0.6226,True
id_1321,id_1321,0.5525,True
id_1321,id_1321,0.5513,True
id_1321,id_1321,0.5340,True
id_1321,id_1321,0.6463,True
id_1321,id_1321,0.6428,True
id_1321,id_7568,0.4566,False
id_1321,id_1321,0.6386,True
id_1321,id_8677,0.4102,False
id_1321,id_1321,0.5726,True
id_1321,id_1321,0.5617,True
id_1321,id_1321,0.5982,True
id_1321,id_1321,0.7059,True
id_1321,id_2154,0.6296,False
id_1321,id_1321,0.6612,True
id_1321,id_1321,0.6362,True
id_1321,id_1321,0.5394,True
id_1321,id_1321,0.4646,True
id_1321,id_2101,0.4247,False
id_1321,id_1321,0.4208,True
id_1321,id_1321,0.6561,True
id_1321,id_1321,0.5225,True
id_1321,id_1321,0.5733,True
id_1321,id_5273,0.3737,False
id_1321,id_1321,0.6518,True
id_1321,id_1321,0.6995,True
id_1321,id_1321,0.4204,True
id_1321,id_1321,0.6223,True
id_1321,id_1321,0.7090,True
id_1321,id_1321,0.5766,True
id_1321,id_1321,0.5472,True
id_1321,id_1321,0.3804,True
id_1321,id_10079,0.5505,False
id_1321,id_1321,0.5055,True
id_1321,id_1321,0.5724,True
id_1321,id_1321,0.5563,True
id_1321,id_1321,0.7922,True
id_1321,id_1321,0.5946,True
id_1321,id_1321,0.4424,True
id_1321,id_1321,0.5798,True
id_1321,id_1321,0.5261,True
id_1321,id_1321,0.6631,True
id_1321,id_1321,0.6003,True
id_1321,id_1321,0.6548,True
id_1321,id_1321,0.5015,True
id_1321,id_1321,0.6741,True
id_1321,id_1321,0.6523,True
id_1321,id_10023,0.4306,False
id_1321,id_7367,0.3788,False
id_1321,id_1321,0.6836,True
id_1321,id_1321,0.6350,True
id_1321,id_1321,0.6504,True
id_1321,id_2361,0.5043,False
id_1321,id_1321,0.4537,True
id_1321,id_10246,0.4063,False
id_1321,id_1292,0.4537,False
id_1321,id_1321,0.5459,True
id_1321,id_1321,0.6534,True
id_1321,id_1321,0.6460,True
id_1321,id_1321,0.6446,True
id_1321,id_4075,0.4868,False
id_1321,id_1321,0.6453,True
id_1321,id_1321,0.6127,True
id_1321,id_1321,0.6729,True
id_1321,id_1321,0.7124,True
id_1321,id_1321,0.5099,True
id_1321,id_1321,0.6533,True
id_1321,id_1321,0.4773,True
id_1321,id_1540,0.4838,False
id_1321,id_1321,0.5331,True
id_1321,id_1321,0.6477,True
id_1321,id_1321,0.6922,True
id_1321,id_1321,0.5516,True
id_1321,id_1321,0.4296,True
id_1321,id_1321,0.6389,True
id_1321,id_2008,0.4272,False
id_1321,id_10419,0.3711,False
id_1321,id_1321,0.7546,True
id_1321,id_1321,0.6961,True
id_1321,id_1321,0.5035,True
id_1321,id_6302,0.4894,False
id_1321,id_5549,0.4265,False
id_1321,id_1321,0.6898,True
id_1321,id_8469,0.4595,False
id_1321,id_3622,0.4928,False
id_1321,id_1321,0.6700,True
id_1321,id_1321,0.6068,True
id_1321,id_1321,0.6838,True
id_1321,id_8807,0.3053,False
id_1321,id_1321,0.3834,True
id_1321,id_1321,0.6773,True
id_1321,id_1321,0.5661,True
id_1321,id_1321,0.6949,True
id_1321,id_1321,0.4339,True
id_1321,id_1321,0.6756,True
id_1321,id_1321,0.4718,True
id_1321,id_1321,0.5278,True
id_1321,id_1321,0.6597,True
id_1321,id_5687,0.4704,False
id_1321,id_1321,0.5587,True
id_1321,id_9096,0.5301,False
id_1321,id_1321,0.6189,True
id_1321,id_1952,0.3654,False
id_1321,id_1001,0.4239,False
id_1321,id_1321,0.7016,True
id_1321,id_1321,0.5792,True
id_1321,id_1321,0.5145,True
id_1321,id_1321,0.5985,True
id_1321,id_1321,0.6258,True
id_1321,id_1321,0.4773,True
id_1321,id_8021,0.4608,False
id_1321,id_1321,0.6855,True
id_1321,id_1321,0.5698,True
id_1321,id_1321,0.6455,True
id_1321,id_1321,0.6154,True
id_1321,id_1321,0.4039,True
id_1321,id_1321,0.4798,True
id_1321,id_1321,0.4925,True
id_1321,id_9496,0.3644,False
id_1321,id_6302,0.3391,False
id_1321,id_1321,0.5848,True
id_1321,id_287,0.4479,False
id_1321,id_3917,0.5011,False
id_1321,id_1321,0.4374,True
id_1321,id_1321,0.6783,True
id_1321,id_1321,0.6626,True
id_1321,id_1321,0.4435,True
id_1321,id_1321,0.6910,True
id_1321,id_1321,0.7237,True
id_1321,id_1321,0.4793,True
id_1321,id_1321,0.6804,True
id_1321,id_1321,0.5654,True
id_1321,id_4670,0.3894,False
id_1321,id_4222,0.5498,False
id_1321,id_1321,0.5644,True
id_1321,id_1321,0.7689,True
id_1321,id_8604,0.3713,False
id_1321,id_9031,0.3086,False
id_1321,id_1321,0.7335,True
id_1321,id_1321,0.5812,True
id_1321,id_1321,0.7105,True
id_1321,id_1321,0.5420,True
id_1321,id_1321,0.6957,True
id_1321,id_1321,0.5443,True
id_1321,id_2489,0.3743,False
id_1321,id_1321,0.5685,True
id_1321,id_1321,0.6465,True
id_10152,id_10152,0.5058,True
id_10152,id_6684,0.4355,False
id_10152,id_5895,0.3891,False
id_5486,id_9379,0.3566,False
id_5486,id_7427,0.3274,False
id_5486,id_2232,0.4523,False
id_5486,id_5486,0.4475,True
id_5486,id_5486,0.4680,True
id_5486,id_5486,0.3528,True
id_5486,id_5486,0.4325,True
id_5486,id_9670,0.3854,False
id_5486,id_5486,0.4911,True
id_7733,id_7733,0.3595,True
id_7733,id_7733,0.5299,True
id_7733,id_7733,0.4282,True
id_7733,id_7733,0.5930,True
id_7733,id_4853,0.3980,False
id_7733,id_7733,0.6553,True
id_7733,id_7733,0.5276,True
id_9379,id_9379,0.6245,True
id_9379,id_7834,0.3882,False
id_9379,id_9379,0.5708,True
id_9379,id_8440,0.4559,False
id_9379,id_4165,0.4095,False
id_9379,id_9517,0.4169,False
id_9379,id_886,0.4181,False
id_9379,id_8206,0.5199,False
id_9379,id_9379,0.6084,True
id_9379,id_10085,0.4944,False
id_9379,id_6159,0.3889,False
id_9379,id_5895,0.3728,False
id_9379,id_2357,0.2983,False
id_9379,id_4598,0.3551,False
id_9379,id_8447,0.3184,False
id_9379,id_9379,0.6504,True
id_9379,id_9379,0.5687,True
id_9379,id_4492,0.3756,False
id_9379,id_9379,0.7473,True
id_9379,id_9379,0.6519,True
id_5290,id_5290,0.4660,True
id_5290,id_5290,0.6212,True
id_5290,id_693,0.2975,False
id_5290,id_4459,0.5181,False
id_5290,id_5290,0.4396,True
id_5290,id_5290,0.5920,True
id_5290,id_5290,0.7054,True
id_5290,id_5290,0.5200,True
id_5290,id_5290,0.6519,True
id_5290,id_5290,0.6359,True
id_5290,id_4505,0.3533,False
id_5290,id_5290,0.6816,True
id_5290,id_5290,0.4443,True
id_5290,id_5290,0.7395,True
id_5290,id_5290,0.5267,True
id_5290,id_5290,0.5067,True
id_5290,id_5290,0.4835,True
id_5290,id_475,0.3323,False
id_5290,id_5290,0.3822,True
id_5290,id_5290,0.5787,True
id_5290,id_5290,0.5781,True
id_3578,id_3578,0.3970,True
id_3578,id_3578,0.5142,True
id_3578,id_9865,0.4589,False
id_3578,id_3578,0.5871,True
id_3578,id_3578,0.5947,True
id_3578,id_3861,0.3587,False
id_3578,id_9865,0.4733,False
id_3578,id_3578,0.6502,True
id_3578,id_5221,0.4263,False
id_3578,id_3578,0.5538,True
id_3578,id_9840,0.3773,False
id_3578,id_7470,0.4893,False
id_3578,id_3578,0.4608,True
id_3578,id_3578,0.5736,True
id_3578,id_3578,0.4973,True
id_6566,id_6566,0.7203,True
id_6566,id_6566,0.5201,True
id_6566,id_4751,0.4605,False
id_6566,id_6566,0.7101,True
id_6566,id_3926,0.4734,False
id_6566,id_6566,0.5687,True
id_6566,id_6566,0.5792,True
id_6566,id_5251,0.4927,False
id_6566,id_6566,0.7533,True
id_6566,id_6566,0.5876,True
id_6566,id_6566,0.7237,True
id_6566,id_6566,0.7740,True
id_6566,id_6566,0.6316,True
id_6566,id_1540,0.4815,False
id_6566,id_1096,0.5801,False
id_6566,id_7478,0.5373,False
id_6566,id_6566,0.6055,True
id_6566,id_6566,0.7802,True
id_6566,id_248,0.4488,False
id_3563,id_8437,0.3904,False
id_3563,id_3563,0.5572,True
id_3563,id_3563,0.5130,True
id_3563,id_3563,0.7071,True
id_3563,id_3563,0.5081,True
id_3563,id_3563,0.6461,True
id_3563,id_3563,0.5241,True
id_3563,id_475,0.4148,False
id_3563,id_3563,0.6564,True
id_3563,id_3563,0.7637,True
id_3563,id_3563,0.5199,True
id_5756,id_1597,0.3869,False
id_5756,id_2287,0.3537,False
id_5756,id_5756,0.5918,True
id_5756,id_5756,0.3244,True
id_5756,id_5756,0.4825,True
id_5756,id_5756,0.6172,True
id_5756,id_5756,0.4413,True
id_5756,id_5756,0.7431,True
id_5756,id_7174,0.3793,False
id_5756,id_8414,0.4173,False
id_5756,id_5756,0.5246,True
id_5756,id_5756,0.4839,True
id_5756,id_5756,0.6606,True
id_5756,id_2104,0.3955,False
id_5756,id_5756,0.5718,True
id_5756,id_5756,0.4423,True
id_5756,id_5756,0.6249,True
id_4596,id_4596,0.3764,True
id_4596,id_4596,0.5809,True
id_4596,id_708,0.3547,False
id_4596,id_4819,0.3726,False
id_4596,id_4596,0.4498,True
id_4596,id_5765,0.3626,False
id_4596,id_4596,0.4170,True
id_4596,id_4353,0.4563,False
id_4596,id_4596,0.3379,True
id_4716,id_446,0.4120,False
id_4716,id_4716,0.6185,True
id_4716,id_4716,0.6120,True
id_4716,id_4716,0.5910,True
id_4716,id_4716,0.3697,True
id_4716,id_4630,0.4143,False
id_4716,id_2867,0.4057,False
id_4716,id_7451,0.4048,False
id_4716,id_7658,0.5138,False
id_4716,id_4716,0.5743,True
id_4716,id_4716,0.3141,True
id_4716,id_4716,0.4210,True
id_4716,id_9286,0.4333,False
id_4716,id_476,0.4115,False
id_4716,id_4716,0.4909,True
id_4716,id_4716,0.4447,True
id_4716,id_4956,0.4151,False
id_4716,id_9946,0.4114,False
id_4716,id_6543,0.3366,False
id_4716,id_4285,0.3577,False
id_4716,id_4716,0.5308,True
id_4716,id_446,0.3572,False
id_4716,id_4716,0.4941,True
id_4716,id_4716,0.4472,True
id_4716,id_4716,0.6022,True
id_4716,id_4716,0.5392,True
id_4716,id_4716,0.5102,True
id_4716,id_4716,0.5519,True
id_8972,id_9950,0.4105,False
id_8972,id_8972,0.5604,True
id_8972,id_1897,0.3962,False
id_8972,id_8972,0.5849,True
id_8972,id_8972,0.6135,True
id_8972,id_8972,0.6150,True
id_8972,id_8972,0.6902,True
id_8972,id_8972,0.5412,True
id_8972,id_8972,0.4478,True
id_8972,id_8972,0.4815,True
id_8972,id_8972,0.6684,True
id_8972,id_8972,0.3877,True
id_8972,id_8972,0.4802,True
id_8972,id_8972,0.7077,True
id_9114,id_9114,0.5647,True
id_9114,id_9114,0.6709,True
id_9114,id_9114,0.7312,True
id_9114,id_9881,0.3148,False
id_9114,id_9114,0.5439,True
id_9114,id_9114,0.5566,True
id_9114,id_786,0.5060,False
id_9114,id_9114,0.7073,True
id_9114,id_9114,0.6360,True
id_5251,id_5251,0.7242,True
id_5251,id_7350,0.4770,False
id_5251,id_5251,0.5404,True
id_5251,id_5251,0.5776,True
id_5251,id_5251,0.5618,True
id_5251,id_5251,0.4942,True
id_5251,id_5251,0.6594,True
id_5251,id_6611,0.4262,False
id_5251,id_5251,0.5846,True
id_5251,id_5251,0.5523,True
id_5251,id_5251,0.7333,True
id_5251,id_8297,0.3988,False
id_5251,id_10482,0.4484,False
id_5251,id_7712,0.4721,False
id_5251,id_5251,0.4964,True
id_5251,id_5251,0.5548,True
id_5251,id_5251,0.6082,True
id_5251,id_7350,0.3930,False
id_5251,id_5251,0.6475,True
id_5251,id_7174,0.5249,False
id_5251,id_8183,0.4495,False
id_9545,id_9545,0.5450,True
id_9545,id_4670,0.3597,False
id_9545,id_9545,0.6507,True
id_9545,id_5223,0.4288,False
id_9545,id_3911,0.4265,False
id_9545,id_9545,0.4829,True
id_9545,id_738,0.4422,False
id_9545,id_10232,0.2890,False
id_9545,id_9898,0.5257,False
id_9545,id_9545,0.3734,True
id_9545,id_9545,0.5485,True
id_9545,id_9545,0.6922,True
id_9545,id_9545,0.4066,True
id_9545,id_9545,0.6712,True
id_9545,id_9545,0.6149,True
id_9545,id_9545,0.5552,True
id_9545,id_9545,0.6375,True
id_9545,id_5956,0.4527,False
id_9545,id_9545,0.6186,True
id_9545,id_5818,0.3776,False
id_9545,id_6434,0.4408,False
id_9545,id_9545,0.4576,True
id_9545,id_4670,0.4106,False
id_9545,id_9545,0.6118,True
id_9545,id_3917,0.3683,False
id_9545,id_5818,0.4073,False
id_9545,id_4358,0.4298,False
id_9545,id_9545,0.6856,True
id_9545,id_9545,0.4460,True
id_9545,id_8902,0.4153,False
id_9545,id_9545,0.6684,True
id_6753,id_6753,0.7688,True
id_6753,id_6753,0.7497,True
id_6753,id_6753,0.7538,True
id_6753,id_6753,0.7535,True
id_6753,id_6753,0.7083,True
id_6753,id_6753,0.6951,True
id_6753,id_6753,0.6745,True
id_6753,id_4956,0.3872,False
id_6753,id_7733,0.4316,False
id_6753,id_9033,0.4165,False
id_6753,id_6753,0.6286,True
id_6753,id_6753,0.6684,True
id_6159,id_6159,0.5104,True
id_6159,id_9598,0.3941,False
id_6159,id_6159,0.5519,True
id_6159,id_6159,0.4143,True
id_6159,id_8447,0.3344,False
id_6159,id_9470,0.4588,False
id_6159,id_6159,0.6478,True
id_6159,id_6159,0.5050,True
id_6159,id_470,0.4233,False
id_6159,id_6159,0.6295,True
id_6159,id_9598,0.4685,False
id_9095,id_1924,0.4416,False
id_9095,id_9095,0.4741,True
id_9095,id_9095,0.5785,True
id_9095,id_9095,0.5405,True
id_9095,id_9095,0.5350,True
id_9095,id_9095,0.5896,True
id_9095,id_6506,0.4566,False
id_9095,id_9095,0.6002,True
id_9095,id_9095,0.6219,True
id_9095,id_9095,0.3409,True
id_9095,id_9095,0.5578,True
id_3289,id_7752,0.3225,False
id_3289,id_3289,0.4920,True
id_3289,id_6667,0.4129,False
id_3289,id_4715,0.3781,False
id_3289,id_3289,0.4609,True
id_3289,id_3289,0.5549,True
id_3289,id_3289,0.4449,True
id_3289,id_3289,0.5888,True
id_2809,id_2809,0.4532,True
id_2809,id_2809,0.5658,True
id_2809,id_2809,0.5066,True
id_2809,id_4165,0.4745,False
id_2809,id_2809,0.5557,True
id_2809,id_3299,0.4210,False
id_2809,id_4715,0.4490,False
id_2809,id_2809,0.4933,True
id_2809,id_8423,0.5204,False
id_9343,id_8428,0.4911,False
id_9343,id_9343,0.5828,True
id_9343,id_99,0.4295,False
id_9343,id_9343,0.4722,True
id_9343,id_9343,0.6719,True
id_9343,id_8472,0.2813,False
id_9343,id_9343,0.4734,True
id_9343,id_9343,0.5821,True
id_9288,id_2361,0.4726,False
id_9288,id_9288,0.4981,True
id_9288,id_7575,0.4111,False
id_9288,id_5426,0.4568,False
id_9288,id_9288,0.5916,True
id_9288,id_10383,0.2614,False
id_9288,id_9288,0.5171,True
id_9288,id_3461,0.3638,False
id_9288,id_9218,0.3278,False
id_9288,id_8639,0.3925,False
id_9288,id_5794,0.4032,False
id_9288,id_9288,0.5110,True
id_9288,id_9259,0.4337,False
id_9288,id_9530,0.4628,False
id_7995,id_7995,0.6224,True
id_7995,id_2881,0.4589,False
id_7995,id_8641,0.4587,False
id_7995,id_7995,0.5709,True
id_7995,id_8547,0.3107,False
id_7995,id_7995,0.6105,True
id_7995,id_7995,0.7279,True
id_7995,id_7995,0.5268,True
id_7995,id_3350,0.3632,False
id_7995,id_7474,0.3522,False
id_7995,id_7995,0.6151,True
id_7995,id_7995,0.6849,True
id_7995,id_7995,0.3839,True
id_7995,id_10021,0.4334,False
id_7995,id_9598,0.3648,False
id_7995,id_831,0.3289,False
id_7995,id_7995,0.6178,True
id_7995,id_7967,0.3618,False
id_7995,id_8301,0.3558,False
id_7995,id_7995,0.5357,True
id_7995,id_7995,0.3935,True
id_7995,id_7995,0.6254,True
id_7995,id_7995,0.5739,True
id_7995,id_7995,0.3725,True
id_7995,id_9230,0.4882,False
id_7995,id_7995,0.3600,True
id_7995,id_7995,0.4834,True
id_7995,id_7995,0.3997,True
id_7995,id_7995,0.5858,True
id_7995,id_7995,0.4981,True
id_7995,id_7995,0.6891,True
id_7995,id_7995,0.6493,True
id_7995,id_7995,0.5717,True
id_7995,id_7995,0.5724,True
id_7995,id_7995,0.6018,True
id_7995,id_7756,0.4424,False
id_7995,id_7995,0.5266,True
id_7995,id_8946,0.2534,False
id_7995,id_7995,0.5007,True
id_7995,id_7995,0.5983,True
id_7995,id_7995,0.4349,True
id_7995,id_10021,0.4273,False
id_7995,id_7995,0.4407,True
id_7995,id_7995,0.3169,True
id_7995,id_7995,0.5431,True
id_7995,id_7995,0.5360,True
id_7995,id_7995,0.5882,True
id_7995,id_7995,0.3504,True
id_7995,id_1664,0.3383,False
id_7995,id_7995,0.5318,True
id_7995,id_7995,0.6262,True
id_7995,id_7995,0.5385,True
id_7995,id_7995,0.3929,True
id_7995,id_7995,0.5299,True
id_7995,id_7204,0.3946,False
id_7995,id_7752,0.3274,False
id_7995,id_7995,0.4991,True
id_7995,id_7995,0.4965,True
id_7995,id_7995,0.5389,True
id_7995,id_8169,0.2949,False
id_7995,id_7995,0.3484,True
id_7995,id_7995,0.3576,True
id_7995,id_7995,0.4330,True
id_7995,id_6648,0.3669,False
id_8152,id_8152,0.5401,True
id_8152,id_2867,0.4904,False
id_8152,id_9716,0.4551,False
id_8152,id_8152,0.6360,True
id_8152,id_793,0.3621,False
id_8152,id_8152,0.6893,True
id_8152,id_8152,0.5047,True
id_8152,id_8152,0.4690,True
id_8152,id_8243,0.4769,False
id_1884,id_1884,0.4018,True
id_1884,id_1884,0.5880,True
id_1884,id_1884,0.4471,True
id_1884,id_8417,0.3947,False
id_1884,id_1884,0.5430,True
id_1884,id_1884,0.5581,True
id_1884,id_1884,0.6447,True
id_1884,id_1884,0.5643,True
id_1884,id_1884,0.5164,True
id_1884,id_1884,0.6342,True
id_1884,id_1884,0.5324,True
id_1884,id_9716,0.5224,False
id_9838,id_6398,0.3843,False
id_9838,id_9838,0.6594,True
id_9838,id_9838,0.5849,True
id_9838,id_9838,0.6444,True
id_9838,id_9838,0.5670,True
id_9838,id_9838,0.5973,True
id_9838,id_9838,0.5999,True
id_9838,id_9838,0.6174,True
id_1060,id_1060,0.5922,True
id_1060,id_1060,0.5727,True
id_1060,id_1060,0.4977,True
id_1060,id_1060,0.4964,True
id_1060,id_1060,0.5848,True
id_1060,id_1060,0.6776,True
id_1060,id_1060,0.5952,True
id_1060,id_1060,0.7901,True
id_1060,id_1060,0.5437,True
id_1060,id_1060,0.6638,True
id_1060,id_1060,0.5802,True
id_1060,id_1060,0.7148,True
id_1060,id_1060,0.6416,True
id_1060,id_1060,0.4127,True
id_1060,id_1060,0.5838,True
id_3911,id_1597,0.4480,False
id_3911,id_2751,0.4255,False
id_3911,id_1226,0.4365,False
id_3911,id_3911,0.5065,True
id_3911,id_3911,0.4833,True
id_3911,id_3911,0.5836,True
id_3911,id_4893,0.4234,False
id_3911,id_2751,0.4225,False
id_3911,id_3911,0.4495,True
id_3911,id_1412,0.2877,False
id_3911,id_3911,0.5603,True
id_3911,id_2548,0.4372,False
id_3911,id_3911,0.4650,True
id_3911,id_3911,0.5449,True
id_3911,id_3877,0.4002,False
id_3911,id_5548,0.3708,False
id_3911,id_3911,0.5432,True
id_3911,id_3911,0.5789,True
id_5223,id_3257,0.6336,False
id_5223,id_5223,0.6810,True
id_5223,id_5223,0.6940,True
id_5223,id_5223,0.6276,True
id_5223,id_2369,0.3449,False
id_5223,id_5223,0.7265,True
id_5223,id_9441,0.4266,False
id_5223,id_5223,0.6810,True
id_5223,id_5223,0.6540,True
id_5223,id_5223,0.6467,True
id_5223,id_5223,0.6115,True
id_5223,id_4882,0.4351,False
id_5223,id_5223,0.6666,True
id_5223,id_4630,0.3712,False
id_5223,id_5223,0.7147,True
id_5223,id_5223,0.5750,True
id_5223,id_2154,0.3313,False
id_5223,id_5223,0.5995,True
id_5223,id_10422,0.5040,False
id_6482,id_6482,0.5447,True
id_6482,id_6482,0.6418,True
id_6482,id_2136,0.4492,False
id_6482,id_9550,0.4347,False
id_6482,id_6482,0.5996,True
id_6482,id_6482,0.5406,True
id_6482,id_6482,0.6185,True
id_6482,id_6482,0.4612,True
id_6482,id_6482,0.4919,True
id_6482,id_6482,0.4821,True
id_7666,id_7666,0.5832,True
id_7666,id_7666,0.6160,True
id_7666,id_7666,0.4563,True
id_7666,id_7666,0.6009,True
id_7666,id_7666,0.4396,True
id_7666,id_10079,0.5181,False
id_7666,id_7666,0.4672,True
id_5611,id_8243,0.4263,False
id_5611,id_5611,0.6365,True
id_5611,id_5611,0.6099,True
id_5611,id_1096,0.4069,False
id_5611,id_5611,0.5434,True
id_5611,id_5611,0.6170,True
id_5611,id_5886,0.4392,False
id_5611,id_5611,0.7068,True
id_5611,id_5611,0.6583,True
id_5611,id_5611,0.6791,True
id_9873,id_9873,0.5251,True
id_9873,id_1627,0.4957,False
id_9873,id_9873,0.6260,True
id_9873,id_9873,0.6052,True
id_9873,id_9873,0.4812,True
id_9873,id_9873,0.6377,True
id_9873,id_9873,0.5995,True
id_9873,id_9873,0.5876,True
id_9873,id_9873,0.6158,True
id_9873,id_1627,0.5002,False
id_9873,id_9873,0.6625,True
id_3917,id_5010,0.4730,False
id_3917,id_4455,0.4341,False
id_3917,id_476,0.4543,False
id_3917,id_5425,0.2579,False
id_3917,id_7968,0.3303,False
id_3917,id_3917,0.6788,True
id_3917,id_8362,0.4696,False
id_3917,id_3917,0.5704,True
id_3917,id_4875,0.4808,False
id_3917,id_3917,0.6876,True
id_3917,id_3917,0.5641,True
id_3917,id_3917,0.5933,True
id_3917,id_3917,0.7123,True
id_3917,id_3492,0.5260,False
id_3917,id_3917,0.6421,True
id_3917,id_5752,0.3684,False
id_3917,id_3917,0.6062,True
id_3917,id_3917,0.4245,True
id_3917,id_5794,0.4058,False
id_5080,id_10136,0.4686,False
id_5080,id_8243,0.2951,False
id_5080,id_5080,0.6550,True
id_5080,id_5080,0.5108,True
id_5080,id_5080,0.5415,True
id_5080,id_5080,0.5356,True
id_5080,id_8953,0.4111,False
id_5080,id_5080,0.5041,True
id_5080,id_6284,0.3905,False
id_5080,id_5080,0.7302,True
id_5080,id_5080,0.5991,True
id_5080,id_5080,0.7302,True
id_5080,id_5472,0.3045,False
id_5080,id_8482,0.3433,False
id_7166,id_7166,0.6788,True
id_7166,id_10313,0.3605,False
id_7166,id_7166,0.5101,True
id_7166,id_7166,0.7043,True
id_7166,id_2645,0.4160,False
id_7166,id_7166,0.6301,True
id_7166,id_10313,0.5439,False
id_7166,id_7166,0.6178,True
id_7166,id_7166,0.6210,True
id_7166,id_7166,0.6069,True
id_7166,id_7166,0.5756,True
id_7166,id_7166,0.6440,True
id_7166,id_7166,0.3954,True
id_7166,id_7166,0.7000,True
id_6218,id_6011,0.3968,False
id_6218,id_6218,0.5531,True
id_6218,id_6376,0.5031,False
id_6218,id_6218,0.5114,True
id_6218,id_6218,0.4781,True
id_6218,id_3165,0.3904,False
id_6218,id_1843,0.3479,False
id_6218,id_3165,0.4840,False
id_6218,id_8639,0.4376,False
id_6218,id_6218,0.3597,True
id_6218,id_1884,0.3980,False
id_3159,id_3159,0.4577,True
id_3159,id_3159,0.5674,True
id_3159,id_4515,0.4124,False
id_3159,id_3159,0.4528,True
id_3159,id_3159,0.6522,True
id_3159,id_3159,0.5783,True
id_3159,id_3159,0.6704,True
id_3159,id_3159,0.7481,True
id_3159,id_3159,0.4643,True
id_3159,id_5198,0.3639,False
id_3159,id_8297,0.4225,False
id_3159,id_3159,0.5861,True
id_3159,id_3159,0.5436,True
id_3159,id_5422,0.5120,False
id_3159,id_3159,0.6233,True
id_3159,id_3159,0.6065,True
id_3159,id_3159,0.4931,True
id_3159,id_3159,0.5663,True
id_3159,id_3159,0.6414,True
id_3159,id_3159,0.5690,True
id_3159,id_3159,0.5708,True
id_3159,id_3159,0.5895,True
id_3159,id_3159,0.6438,True
id_3159,id_3159,0.6443,True
id_3159,id_3159,0.6863,True
id_3159,id_3159,0.6518,True
id_3159,id_3159,0.4064,True
id_3159,id_3159,0.6307,True
id_3159,id_3159,0.6736,True
id_3159,id_3159,0.4407,True
id_3159,id_3159,0.5391,True
id_3159,id_3159,0.7604,True
id_753,id_753,0.4373,True
id_753,id_753,0.4694,True
id_753,id_753,0.6122,True
id_753,id_753,0.6398,True
id_753,id_753,0.6337,True
id_753,id_1765,0.4027,False
id_753,id_5806,0.3310,False
id_8977,id_8977,0.5158,True
id_8977,id_3911,0.3962,False
id_8977,id_5951,0.4573,False
id_8977,id_8977,0.5844,True
id_8977,id_8977,0.3520,True
id_8977,id_5956,0.3624,False
id_8977,id_5043,0.4642,False
id_8977,id_5235,0.3569,False
id_2548,id_2548,0.5809,True
id_2548,id_9898,0.4141,False
id_2548,id_2548,0.4292,True
id_2548,id_8021,0.4676,False
id_2548,id_8811,0.4070,False
id_2548,id_2548,0.4201,True
id_2548,id_2548,0.5573,True
id_2548,id_8301,0.3767,False
id_2548,id_7062,0.4483,False
id_2548,id_1884,0.4936,False
id_2548,id_2548,0.6130,True
id_2548,id_9545,0.3433,False
id_2548,id_2548,0.4772,True
id_2548,id_9037,0.4331,False
id_2548,id_2548,0.5233,True
id_2548,id_2548,0.4739,True
id_2548,id_8986,0.3811,False
id_2548,id_2548,0.4556,True
id_2548,id_2548,0.4696,True
id_2548,id_8811,0.3296,False
id_2548,id_2548,0.6746,True
id_2548,id_4285,0.5138,False
id_2548,id_9139,0.4611,False
id_2548,id_10232,0.4208,False
id_2548,id_2751,0.3584,False
id_2548,id_2548,0.5782,True
id_2548,id_2548,0.6545,True
id_2548,id_2548,0.6491,True
id_2548,id_9044,0.4501,False
id_2548,id_9873,0.4383,False
id_2548,id_2548,0.6828,True
id_2548,id_2548,0.6591,True
id_2548,id_2548,0.5701,True
id_2548,id_2548,0.4033,True
id_2548,id_2548,0.6477,True
id_2548,id_2548,0.5211,True
id_1722,id_1722,0.5161,True
id_1722,id_1722,0.4501,True
id_1722,id_1722,0.5092,True
id_1722,id_6938,0.4577,False
id_1722,id_1722,0.5186,True
id_1722,id_8011,0.4713,False
id_1722,id_8682,0.4857,False
id_1722,id_8420,0.4773,False
id_8482,id_8685,0.4488,False
id_8482,id_8482,0.5527,True
id_8482,id_8482,0.5188,True
id_8482,id_8482,0.5502,True
id_8482,id_8482,0.4978,True
id_8482,id_8482,0.5690,True
id_8482,id_8482,0.5418,True
id_8482,id_8482,0.4637,True
id_6115,id_6821,0.4592,False
id_6115,id_497,0.4242,False
id_6115,id_9988,0.4013,False
id_6115,id_6115,0.5132,True
id_6115,id_6115,0.6915,True
id_6115,id_6503,0.4262,False
id_6115,id_6368,0.5828,False
id_6115,id_6115,0.5596,True
id_6115,id_6115,0.4491,True
id_6115,id_9550,0.4461,False
id_6115,id_5827,0.3983,False
id_6115,id_6115,0.5786,True
id_6115,id_2136,0.4540,False
id_6115,id_6115,0.4962,True
id_6115,id_2351,0.3809,False
id_6115,id_6115,0.6631,True
id_6115,id_6115,0.5036,True
id_6115,id_6115,0.5781,True
id_6115,id_6115,0.6829,True
id_6115,id_6115,0.5343,True
id_6115,id_9046,0.4514,False
id_6115,id_6115,0.6851,True
id_6115,id_3674,0.4349,False
id_6115,id_7833,0.3983,False
id_6115,id_6115,0.4411,True
id_6115,id_6115,0.4779,True
id_6115,id_6115,0.6971,True
id_6115,id_6753,0.4294,False
id_6115,id_6115,0.4308,True
id_6115,id_6115,0.3818,True
id_6115,id_4175,0.4520,False
id_6115,id_6115,0.5539,True
id_6115,id_6115,0.3677,True
id_6115,id_6115,0.6142,True
id_6115,id_10541,0.4013,False
id_6115,id_5232,0.3117,False
id_6115,id_6115,0.5496,True
id_6115,id_6115,0.3983,True
id_6115,id_8206,0.3567,False
id_6115,id_6115,0.4234,True
id_6115,id_6115,0.5368,True
id_6115,id_6115,0.5820,True
id_6115,id_3311,0.4130,False
id_6115,id_6115,0.4293,True
id_2663,id_3861,0.4356,False
id_2663,id_2663,0.5180,True
id_2663,id_2663,0.5159,True
id_2663,id_2663,0.4386,True
id_2663,id_2663,0.5493,True
id_2663,id_2663,0.3776,True
id_2663,id_8883,0.4449,False
id_2663,id_3692,0.3996,False
id_162,id_162,0.5393,True
id_162,id_7733,0.3565,False
id_162,id_2287,0.3932,False
id_162,id_162,0.5221,True
id_162,id_162,0.6274,True
id_162,id_162,0.6263,True
id_162,id_5154,0.3835,False
id_162,id_162,0.4122,True
id_162,id_1535,0.3859,False
id_162,id_475,0.2853,False
id_162,id_162,0.6230,True
id_3311,id_3311,0.6411,True
id_3311,id_3311,0.7848,True
id_3311,id_3311,0.4303,True
id_3311,id_3311,0.4260,True
id_3311,id_3311,0.4363,True
id_3311,id_4009,0.4637,False
id_3311,id_3311,0.7532,True
id_3311,id_3311,0.5852,True
id_3311,id_3311,0.5682,True
id_4409,id_4409,0.3902,True
id_4409,id_4409,0.6195,True
id_4409,id_6506,0.4719,False
id_4409,id_4409,0.6908,True
id_4409,id_7089,0.3951,False
id_4409,id_4409,0.6337,True
id_4409,id_2257,0.3546,False
id_4409,id_4409,0.6419,True
id_4409,id_4409,0.6157,True
id_4409,id_4409,0.6826,True
id_4409,id_4409,0.7393,True
id_4409,id_4409,0.6349,True
id_4409,id_8470,0.4697,False
id_4409,id_4893,0.4081,False
id_4409,id_4409,0.6322,True
id_4409,id_4409,0.4812,True
id_4409,id_2741,0.3463,False
id_4409,id_4409,0.6056,True
id_4409,id_4409,0.5222,True
id_4409,id_4409,0.6912,True
id_4409,id_4409,0.7069,True
id_4409,id_4409,0.7157,True
id_4409,id_4409,0.6198,True
id_4409,id_4285,0.5163,False
id_4409,id_9441,0.4855,False
id_4409,id_4409,0.5678,True
id_4409,id_4409,0.4888,True
id_4409,id_4409,0.7031,True
id_4409,id_4409,0.6690,True
id_4409,id_4409,0.6091,True
id_4409,id_6011,0.4847,False
id_4409,id_4409,0.7042,True
id_4409,id_7522,0.3097,False
id_4409,id_4409,0.5160,True
id_4409,id_4409,0.4510,True
id_4409,id_4409,0.5784,True
id_4409,id_4409,0.6475,True
id_4409,id_4409,0.4519,True
id_4409,id_4409,0.6200,True
id_4409,id_4409,0.7224,True
id_4409,id_10345,0.5433,False
id_4409,id_496,0.4480,False
id_4409,id_4409,0.4462,True
id_4409,id_4409,0.5967,True
id_4409,id_4409,0.6725,True
id_4409,id_4409,0.6448,True
id_4409,id_4409,0.5397,True
id_4409,id_4409,0.3797,True
id_4409,id_2520,0.3585,False
id_4409,id_4409,0.7144,True
id_4409,id_4409,0.5704,True
id_4409,id_4409,0.7400,True
id_4409,id_4409,0.5551,True
id_4409,id_4409,0.6908,True
id_4409,id_6288,0.4030,False
id_4409,id_4409,0.6020,True
id_4409,id_4409,0.6908,True
id_4409,id_4409,0.6781,True
id_4409,id_4409,0.5834,True
id_4409,id_7484,0.3377,False
id_4409,id_10571,0.4605,False
id_4409,id_4409,0.6874,True
id_4409,id_4409,0.5472,True
id_4409,id_4409,0.4529,True
id_4409,id_1255,0.4406,False
id_4409,id_7967,0.5040,False
id_4409,id_4409,0.5369,True
id_4409,id_4893,0.4858,False
id_4409,id_6218,0.4004,False
id_4409,id_7575,0.3762,False
id_1843,id_1843,0.6772,True
id_1843,id_1843,0.6295,True
id_1843,id_1843,0.6261,True
id_1843,id_1843,0.5647,True
id_1843,id_1843,0.6280,True
id_1843,id_6611,0.3651,False
id_1843,id_1843,0.5915,True
id_1843,id_4436,0.3342,False
id_1843,id_1843,0.5709,True
id_1843,id_1843,0.5677,True
id_1843,id_1843,0.3758,True
id_1843,id_1843,0.5978,True
id_1843,id_1843,0.4790,True
id_1843,id_1843,0.6734,True
id_1843,id_1843,0.4822,True
id_1843,id_1843,0.6009,True
id_1843,id_1843,0.6630,True
id_1843,id_1843,0.5300,True
id_1843,id_1843,0.7417,True
id_1843,id_1843,0.6060,True
id_1843,id_1843,0.6407,True
id_1843,id_1843,0.4986,True
id_1843,id_1843,0.6979,True
id_1843,id_1843,0.5660,True
id_1843,id_1843,0.6089,True
id_1843,id_1843,0.6622,True
id_1843,id_1843,0.6164,True
id_1843,id_1843,0.4742,True
id_1843,id_1843,0.6088,True
id_1843,id_1843,0.6057,True
id_1843,id_1843,0.7040,True
id_1843,id_1843,0.4737,True
id_1843,id_1843,0.6889,True
id_1843,id_1843,0.4841,True
id_1843,id_1843,0.6611,True
id_1843,id_7389,0.4131,False
id_1843,id_1843,0.6480,True
id_1843,id_1843,0.5140,True
id_1843,id_1843,0.6487,True
id_1843,id_6434,0.4131,False
id_1843,id_1843,0.5554,True
id_1843,id_1843,0.7523,True
id_1843,id_9291,0.4850,False
id_1843,id_1843,0.6190,True
id_1843,id_1843,0.7619,True
id_1843,id_1843,0.6703,True
id_1843,id_10079,0.4150,False
id_1843,id_1843,0.6593,True
id_1843,id_1843,0.6227,True
id_1843,id_1843,0.4645,True
id_1843,id_1843,0.6522,True
id_1843,id_1843,0.6744,True
id_1843,id_8531,0.4194,False
id_1843,id_1843,0.6906,True
id_1843,id_1843,0.7675,True
id_1843,id_1843,0.6283,True
id_1843,id_1843,0.6434,True
id_1843,id_1843,0.5912,True
id_1843,id_1843,0.6557,True
id_1843,id_1843,0.6940,True
id_1843,id_1843,0.6934,True
id_1843,id_1843,0.6927,True
id_1843,id_1843,0.6050,True
id_7709,id_8037,0.4149,False
id_7709,id_7709,0.5941,True
id_7709,id_7709,0.7817,True
id_7709,id_3936,0.4416,False
id_7709,id_7235,0.5793,False
id_7709,id_7709,0.7310,True
id_7709,id_7709,0.5250,True
id_7709,id_5593,0.4806,False
id_7709,id_8547,0.4739,False
id_7916,id_7916,0.6074,True
id_7916,id_7916,0.5706,True
id_7916,id_7916,0.5679,True
id_7916,id_7916,0.3922,True
id_7916,id_7916,0.5258,True
id_7916,id_8380,0.4030,False
id_7916,id_7916,0.7490,True
id_7916,id_7916,0.6865,True
id_7916,id_7916,0.6728,True
id_6770,id_4819,0.3544,False
id_6770,id_6770,0.5961,True
id_6770,id_2170,0.4175,False
id_6770,id_1168,0.4396,False
id_6770,id_6770,0.5192,True
id_6770,id_9988,0.3285,False
id_6770,id_9670,0.4393,False
id_8493,id_5869,0.4295,False
id_8493,id_8493,0.5542,True
id_8493,id_8493,0.6771,True
id_8493,id_9393,0.3651,False
id_8493,id_8493,0.5344,True
id_8493,id_8493,0.5275,True
id_8493,id_8493,0.6759,True
id_8493,id_8389,0.3742,False
id_1210,id_1210,0.4341,True
id_1210,id_5999,0.4053,False
id_1210,id_1514,0.4952,False
id_1210,id_8447,0.3763,False
id_1210,id_1292,0.3275,False
id_1210,id_3153,0.4345,False
id_1210,id_4956,0.4827,False
id_1210,id_1210,0.4815,True
id_1210,id_1210,0.4710,True
id_1210,id_1096,0.4263,False
id_1210,id_1210,0.4511,True
id_1210,id_5549,0.5357,False
id_4517,id_4517,0.5406,True
id_4517,id_9530,0.3806,False
id_4517,id_4517,0.5142,True
id_4517,id_6821,0.3576,False
id_4517,id_2930,0.3382,False
id_4517,id_10110,0.3835,False
id_4517,id_9218,0.3227,False
id_4517,id_9030,0.4236,False
id_708,id_708,0.5023,True
id_708,id_708,0.6489,True
id_708,id_708,0.5508,True
id_708,id_708,0.4244,True
id_708,id_708,0.4686,True
id_708,id_708,0.6924,True
id_708,id_708,0.7654,True
id_708,id_708,0.6156,True
id_708,id_708,0.4961,True
id_708,id_10289,0.3865,False
id_708,id_708,0.6246,True
id_708,id_708,0.5648,True
id_708,id_708,0.8405,True
id_708,id_708,0.6724,True
id_708,id_708,0.6282,True
id_708,id_8414,0.3714,False
id_708,id_708,0.5295,True
id_8975,id_8975,0.5885,True
id_8975,id_8975,0.6929,True
id_8975,id_1571,0.4229,False
id_8975,id_8975,0.7278,True
id_8975,id_8975,0.7103,True
id_8975,id_8975,0.7167,True
id_8975,id_8975,0.7444,True
id_8975,id_7947,0.4216,False
id_8975,id_8975,0.6812,True
id_8975,id_8975,0.7032,True
id_8975,id_8975,0.6512,True
id_8975,id_8975,0.6586,True
id_8975,id_8975,0.3742,True
id_8975,id_8975,0.6550,True
id_8975,id_8975,0.7174,True
id_8975,id_8975,0.4601,True
id_8975,id_8975,0.6565,True
id_8975,id_7114,0.5529,False
id_8975,id_8975,0.6803,True
id_8975,id_8975,0.6470,True
id_8975,id_8975,0.6963,True
id_8975,id_8975,0.5977,True
id_8975,id_8975,0.7638,True
id_8975,id_8975,0.7091,True
id_8975,id_1904,0.2935,False
id_8975,id_8975,0.5105,True
id_8975,id_8975,0.6708,True
id_8975,id_8975,0.5721,True
id_8975,id_8975,0.7533,True
id_8975,id_8975,0.6086,True
id_8975,id_8152,0.4758,False
id_8975,id_8975,0.6769,True
id_6582,id_6582,0.5072,True
id_6582,id_5223,0.4999,False
id_6582,id_6582,0.5825,True
id_6582,id_6582,0.3818,True
id_6582,id_5687,0.4326,False
id_6582,id_8870,0.4897,False
id_6582,id_6582,0.4901,True
id_6582,id_5223,0.5499,False
id_6582,id_6582,0.5236,True
id_6582,id_6582,0.5157,True
id_2582,id_2582,0.4069,True
id_2582,id_10541,0.3309,False
id_2582,id_2582,0.4982,True
id_2582,id_2582,0.2856,True
id_2582,id_9905,0.3348,False
id_2582,id_6648,0.3593,False
id_2582,id_2582,0.4910,True
id_2582,id_2582,0.5228,True
id_6077,id_6077,0.5079,True
id_6077,id_6077,0.5373,True
id_6077,id_2802,0.4257,False
id_6077,id_6077,0.6797,True
id_6077,id_6077,0.7020,True
id_6077,id_6077,0.6763,True
id_6077,id_6077,0.5628,True
id_6077,id_6077,0.6053,True
id_6077,id_2867,0.4538,False
id_6077,id_6077,0.6732,True
id_6077,id_6077,0.6510,True
id_6077,id_6077,0.6776,True
id_6077,id_6077,0.5460,True
id_6077,id_6077,0.6769,True
id_6077,id_6077,0.6418,True
id_6077,id_6077,0.6527,True
id_6077,id_9218,0.3746,False
id_6077,id_4169,0.5380,False
id_6077,id_6077,0.6420,True
id_6077,id_6611,0.3302,False
id_6077,id_6077,0.6195,True
id_6077,id_6077,0.7045,True
id_6077,id_6077,0.6310,True
id_3512,id_3129,0.4314,False
id_3512,id_9865,0.4760,False
id_3512,id_4972,0.3575,False
id_3512,id_10468,0.4121,False
id_3512,id_3512,0.5627,True
id_3512,id_3512,0.4047,True
id_3512,id_4492,0.4541,False
id_2164,id_2164,0.6834,True
id_2164,id_2164,0.6259,True
id_2164,id_6833,0.3251,False
id_2164,id_2164,0.7281,True
id_2164,id_2164,0.4542,True
id_2164,id_2164,0.4896,True
id_2164,id_2164,0.6284,True
id_2164,id_2164,0.6988,True
id_2164,id_2164,0.5446,True
id_2164,id_2164,0.6608,True
id_2164,id_556,0.3704,False
id_2164,id_1292,0.3222,False
id_2164,id_2164,0.6809,True
id_2164,id_7300,0.4711,False
id_2164,id_2164,0.7775,True
id_2164,id_2164,0.5699,True
id_2164,id_2164,0.6041,True
id_2164,id_2730,0.3578,False
id_2164,id_1700,0.3875,False
id_2164,id_2164,0.6861,True
id_2164,id_5018,0.4999,False
id_2164,id_2164,0.5179,True
id_2164,id_2164,0.5953,True
id_2164,id_2164,0.5924,True
id_2164,id_2164,0.6153,True
id_2164,id_2164,0.5588,True
id_2164,id_2164,0.6487,True
id_2164,id_2164,0.5635,True
id_2164,id_2164,0.4536,True
id_2164,id_2164,0.6043,True
id_2164,id_5818,0.4158,False
id_2164,id_2164,0.6330,True
id_2164,id_2164,0.5399,True
id_2164,id_2164,0.6507,True
id_2164,id_2164,0.6021,True
id_2164,id_2164,0.7047,True
id_2164,id_2164,0.5286,True
id_2164,id_2164,0.6866,True
id_2164,id_2164,0.6000,True
id_2164,id_2164,0.5907,True
id_2164,id_2164,0.7288,True
id_2164,id_2164,0.6779,True
id_2164,id_2164,0.6134,True
id_2164,id_2164,0.5769,True
id_2164,id_2164,0.7521,True
id_2164,id_2164,0.5528,True
id_2164,id_476,0.4508,False
id_2164,id_2164,0.5834,True
id_2164,id_2164,0.5722,True
id_2164,id_2164,0.6890,True
id_2164,id_2164,0.6734,True
id_2164,id_1843,0.3274,False
id_2164,id_2164,0.7770,True
id_2164,id_2164,0.6830,True
id_2164,id_556,0.4228,False
id_2164,id_2164,0.5398,True
id_2164,id_6089,0.4229,False
id_2164,id_2164,0.6996,True
id_2164,id_2164,0.6283,True
id_2164,id_2164,0.7062,True
id_2164,id_2164,0.5384,True
id_2164,id_2164,0.3492,True
id_2164,id_2164,0.6786,True
id_2164,id_2164,0.6005,True
id_2164,id_2164,0.4530,True
id_2164,id_2164,0.6771,True
id_2164,id_556,0.3991,False
id_2164,id_2164,0.5214,True
id_2164,id_2164,0.6249,True
id_2164,id_2164,0.5929,True
id_2164,id_2164,0.6041,True
id_2164,id_2164,0.6081,True
id_2164,id_2164,0.6917,True
id_2164,id_2164,0.5423,True
id_2164,id_2164,0.5748,True
id_2164,id_2164,0.4513,True
id_2164,id_2164,0.4571,True
id_2164,id_2164,0.7170,True
id_2164,id_2164,0.5717,True
id_2164,id_6218,0.4697,False
id_2164,id_2164,0.5251,True
id_2164,id_2164,0.6945,True
id_2164,id_2164,0.7022,True
id_2164,id_2164,0.6869,True
id_2164,id_556,0.4215,False
id_2164,id_556,0.4125,False
id_2164,id_5018,0.3568,False
id_2164,id_2164,0.6739,True
id_2164,id_2164,0.7010,True
id_2164,id_2164,0.7172,True
id_1465,id_1465,0.4640,True
id_1465,id_1465,0.5808,True
id_1465,id_1465,0.6442,True
id_1465,id_1761,0.4546,False
id_1465,id_1465,0.5504,True
id_1465,id_1465,0.6377,True
id_1465,id_5714,0.4175,False
id_1465,id_287,0.3600,False
id_1465,id_1465,0.6642,True
id_1465,id_1465,0.5227,True
id_1465,id_1465,0.7141,True
id_1465,id_1321,0.3460,False
id_1465,id_1465,0.5999,True
id_1465,id_1465,0.6801,True
id_1465,id_1465,0.5925,True
id_1465,id_6543,0.3991,False
id_1055,id_1055,0.4837,True
id_1055,id_1055,0.7286,True
id_1055,id_1055,0.7095,True
id_1055,id_1055,0.7001,True
id_1055,id_1055,0.5759,True
id_1055,id_1055,0.6744,True
id_1055,id_9310,0.3738,False
id_1055,id_5010,0.3723,False
id_1055,id_1055,0.7731,True
id_1055,id_1055,0.5539,True
id_1055,id_1055,0.8654,True
id_1055,id_1897,0.4034,False
id_1055,id_1055,0.7865,True
id_1055,id_3503,0.4294,False
id_1055,id_528,0.3961,False
id_1055,id_1055,0.7167,True
id_1055,id_1055,0.6605,True
id_1055,id_1055,0.5415,True
id_1055,id_1055,0.7058,True
id_1055,id_1055,0.6385,True
id_1055,id_1055,0.7672,True
id_1055,id_528,0.4641,False
id_1055,id_1055,0.7568,True
id_1055,id_1055,0.5133,True
id_1055,id_1055,0.4749,True
id_1055,id_1055,0.5898,True
id_1055,id_1055,0.5771,True
id_1055,id_652,0.4476,False
id_1055,id_1055,0.5102,True
id_1055,id_1055,0.6472,True
id_1055,id_1055,0.3676,True
id_1055,id_2354,0.5164,False
id_1055,id_1055,0.7498,True
id_1055,id_1055,0.7374,True
id_1055,id_1055,0.7317,True
id_1055,id_6779,0.3989,False
id_1055,id_1055,0.6758,True
id_1055,id_1055,0.5448,True
id_1055,id_1055,0.7541,True
id_1055,id_1055,0.5960,True
id_1055,id_1055,0.6971,True
id_1055,id_1055,0.6150,True
id_1055,id_1055,0.7146,True
id_1055,id_264,0.4113,False
id_1055,id_1055,0.7845,True
id_1055,id_1055,0.7479,True
id_1055,id_1055,0.6787,True
id_1055,id_1055,0.7678,True
id_1055,id_652,0.4106,False
id_1055,id_1055,0.4091,True
id_1055,id_8970,0.4244,False
id_1055,id_1055,0.7411,True
id_1055,id_1055,0.6119,True
id_10570,id_10570,0.7412,True
id_10570,id_10570,0.7490,True
id_10570,id_10570,0.7572,True
id_10570,id_10570,0.7858,True
id_10570,id_10570,0.5447,True
id_10570,id_10570,0.7527,True
id_10570,id_10570,0.6794,True
id_10570,id_3855,0.4254,False
id_10570,id_10570,0.7665,True
id_10570,id_10570,0.5570,True
id_10570,id_10570,0.7685,True
id_10570,id_10570,0.5042,True
id_10570,id_10570,0.7503,True
id_10570,id_10570,0.6119,True
id_10239,id_10239,0.5911,True
id_10239,id_10239,0.6269,True
id_10239,id_10239,0.5841,True
id_10239,id_10239,0.4444,True
id_10239,id_10239,0.5795,True
id_10239,id_10239,0.5909,True
id_10239,id_10239,0.6848,True
id_3461,id_3461,0.6270,True
id_3461,id_3461,0.6056,True
id_3461,id_3461,0.6285,True
id_3461,id_3461,0.5685,True
id_3461,id_3461,0.6587,True
id_3461,id_3461,0.6407,True
id_3461,id_3461,0.6172,True
id_3461,id_3461,0.4750,True
id_3461,id_3461,0.4198,True
id_6938,id_6938,0.6101,True
id_6938,id_6938,0.6382,True
id_6938,id_6938,0.6049,True
id_6938,id_6938,0.6029,True
id_6938,id_6938,0.5175,True
id_6938,id_6503,0.4296,False
id_6938,id_6938,0.6244,True
id_6938,id_5235,0.3860,False
id_6938,id_6938,0.7260,True
id_6938,id_5235,0.4359,False
id_6938,id_6938,0.6501,True
id_6938,id_6938,0.7189,True
id_6938,id_6938,0.7265,True
id_1268,id_5999,0.3945,False
id_1268,id_1268,0.5876,True
id_1268,id_1268,0.5643,True
id_1268,id_6560,0.4504,False
id_1268,id_1268,0.6694,True
id_1268,id_1268,0.5958,True
id_1268,id_1268,0.7715,True
id_1268,id_1268,0.6493,True
id_1268,id_1268,0.5596,True
id_1268,id_1268,0.6748,True
id_1268,id_1268,0.4879,True
id_1268,id_1268,0.5695,True
id_1268,id_1268,0.4245,True
id_1268,id_1268,0.6521,True
id_1268,id_1268,0.5256,True
id_1268,id_5765,0.3606,False
id_1268,id_1268,0.5106,True
id_1268,id_1268,0.5782,True
id_1268,id_1268,0.5249,True
id_1268,id_1268,0.6065,True
id_1268,id_1268,0.5378,True
id_1268,id_4123,0.4946,False
id_1268,id_65,0.4048,False
id_1268,id_1268,0.7325,True
id_1268,id_3157,0.3916,False
id_1268,id_1268,0.5306,True
id_3722,id_3722,0.6690,True
id_3722,id_3722,0.6079,True
id_3722,id_3722,0.5353,True
id_3722,id_3722,0.5194,True
id_3722,id_3722,0.6169,True
id_3722,id_3722,0.5949,True
id_3722,id_3722,0.7017,True
id_3722,id_3722,0.5315,True
id_3722,id_3722,0.6127,True
id_3722,id_3722,0.6008,True
id_3722,id_3722,0.4696,True
id_3722,id_3722,0.6514,True
id_3722,id_3722,0.6897,True
id_3722,id_3722,0.5772,True
id_3722,id_3722,0.6287,True
id_3722,id_3722,0.5389,True
id_3722,id_3722,0.5613,True
id_3722,id_3722,0.5806,True
id_3722,id_3722,0.3782,True
id_10125,id_4619,0.3420,False
id_10125,id_3506,0.3356,False
id_10125,id_10125,0.4509,True
id_10125,id_10125,0.4514,True
id_10125,id_2685,0.3494,False
id_10125,id_7554,0.2825,False
id_10125,id_10125,0.5041,True
id_10125,id_3623,0.4130,False
id_10125,id_6422,0.4037,False
id_10125,id_4923,0.4359,False
id_10125,id_9840,0.2958,False
id_2287,id_2287,0.4587,True
id_2287,id_2287,0.6013,True
id_2287,id_2287,0.5951,True
id_2287,id_2287,0.6137,True
id_2287,id_9865,0.4708,False
id_2287,id_7427,0.3895,False
id_2287,id_9114,0.5083,False
id_2287,id_2287,0.6585,True
id_2287,id_2287,0.5771,True
id_2287,id_2287,0.6804,True
id_2287,id_2287,0.5220,True
id_2287,id_2287,0.4778,True
id_2287,id_2287,0.8046,True
id_2287,id_2287,0.5844,True
id_2287,id_2287,0.6033,True
id_2287,id_2287,0.6023,True
id_2287,id_2287,0.6703,True
id_2287,id_2287,0.5248,True
id_2287,id_2287,0.6722,True
id_2287,id_2287,0.5879,True
id_2287,id_2354,0.3260,False
id_2287,id_2287,0.5160,True
id_2287,id_7427,0.3695,False
id_4853,id_4853,0.3455,True
id_4853,id_3497,0.4390,False
id_4853,id_1113,0.2871,False
id_4853,id_4852,0.2889,False
id_4853,id_4853,0.5058,True
id_4853,id_4268,0.3716,False
id_6899,id_6899,0.5097,True
id_6899,id_6899,0.6025,True
id_6899,id_6899,0.4767,True
id_6899,id_6899,0.5474,True
id_6899,id_6899,0.5526,True
id_6899,id_6899,0.6392,True
id_6899,id_6899,0.7007,True
id_6899,id_5202,0.5009,False
id_6899,id_10136,0.3961,False
id_6899,id_6899,0.6415,True
id_6899,id_2361,0.4149,False
id_6899,id_9188,0.3698,False
id_6899,id_6899,0.6353,True
id_7446,id_3544,0.3145,False
id_7446,id_9470,0.4220,False
id_7446,id_7446,0.5553,True
id_7446,id_7446,0.3506,True
id_7446,id_7446,0.5519,True
id_7446,id_596,0.3677,False
id_7446,id_2357,0.4954,False
id_7446,id_8682,0.4278,False
id_7446,id_7446,0.4725,True
id_7446,id_9988,0.3150,False
id_3877,id_3877,0.4105,True
id_3877,id_3877,0.3733,True
id_3877,id_5309,0.4451,False
id_3877,id_556,0.4509,False
id_3877,id_2913,0.3838,False
id_3877,id_4222,0.5012,False
id_3877,id_3877,0.4732,True
id_3877,id_6030,0.4166,False
id_3877,id_3520,0.4359,False
id_3877,id_9695,0.3913,False
id_3877,id_3877,0.4795,True
id_3877,id_3877,0.5921,True
id_3877,id_9599,0.3917,False
id_3877,id_1357,0.4672,False
id_3877,id_2410,0.4477,False
id_2751,id_2751,0.5977,True
id_2751,id_2751,0.4974,True
id_2751,id_2751,0.5151,True
id_2751,id_2751,0.5945,True
id_2751,id_4670,0.4378,False
id_2751,id_2751,0.5105,True
id_2751,id_2751,0.4772,True
id_2751,id_2751,0.5646,True
id_2751,id_2751,0.5110,True
id_2751,id_9139,0.4893,False
id_2751,id_2751,0.6087,True
id_2751,id_2751,0.4969,True
id_2751,id_2751,0.6554,True
id_2751,id_2751,0.4583,True
id_2751,id_4801,0.5438,False
id_2751,id_7484,0.3957,False
id_2751,id_2751,0.5146,True
id_2751,id_2751,0.6399,True
id_2751,id_2751,0.6350,True
id_2751,id_8301,0.4591,False
id_2751,id_2751,0.5206,True
id_2751,id_2751,0.6082,True
id_2751,id_2751,0.6039,True
id_2751,id_2751,0.5283,True
id_2751,id_3520,0.5820,False
id_2751,id_7967,0.5076,False
id_2751,id_1843,0.4589,False
id_2751,id_2751,0.5473,True
id_2751,id_168,0.4369,False
id_2751,id_2751,0.6648,True
id_2751,id_2751,0.5325,True
id_2751,id_2751,0.5911,True
id_2751,id_2751,0.5605,True
id_2751,id_9496,0.4216,False
id_2751,id_3911,0.4773,False
id_2751,id_2751,0.5888,True
id_2751,id_2751,0.5018,True
id_2751,id_2751,0.5879,True
id_3339,id_3339,0.4606,True
id_3339,id_6115,0.3452,False
id_3339,id_5235,0.3883,False
id_3339,id_7149,0.2931,False
id_3339,id_2410,0.4212,False
id_3339,id_8637,0.2795,False
id_3339,id_10511,0.3322,False
id_3339,id_3339,0.5557,True
id_3339,id_3339,0.5746,True
id_3339,id_3339,0.5262,True
id_2149,id_2149,0.5753,True
id_2149,id_2149,0.6529,True
id_2149,id_2149,0.5149,True
id_2149,id_9230,0.4162,False
id_2149,id_2149,0.7156,True
id_2149,id_2149,0.4417,True
id_2149,id_7506,0.4400,False
id_2149,id_2149,0.6784,True
id_2149,id_2149,0.6057,True
id_2149,id_9496,0.4304,False
id_2149,id_8301,0.3828,False
id_886,id_886,0.4358,True
id_886,id_10506,0.3210,False
id_886,id_886,0.4318,True
id_886,id_886,0.5447,True
id_886,id_886,0.6471,True
id_886,id_886,0.4994,True
id_886,id_886,0.5869,True
id_886,id_886,0.5299,True
id_886,id_886,0.4406,True
id_886,id_886,0.5607,True
id_886,id_886,0.6588,True
id_886,id_886,0.4499,True
id_886,id_886,0.6153,True
id_886,id_886,0.5044,True
id_886,id_2361,0.3902,False
id_886,id_886,0.6712,True
id_886,id_886,0.5992,True
id_886,id_886,0.6650,True
id_886,id_886,0.6414,True
id_886,id_886,0.4720,True
id_886,id_886,0.5284,True
id_886,id_4369,0.3422,False
id_886,id_886,0.5252,True
id_886,id_886,0.5393,True
id_886,id_886,0.4503,True
id_886,id_886,0.4768,True
id_886,id_886,0.5274,True
id_886,id_886,0.5448,True
id_886,id_5988,0.5042,False
id_886,id_6594,0.4364,False
id_886,id_886,0.4638,True
id_886,id_886,0.4850,True
id_886,id_886,0.4531,True
id_886,id_886,0.5325,True
id_886,id_886,0.6330,True
id_886,id_886,0.4602,True
id_886,id_6543,0.3982,False
id_886,id_886,0.6010,True
id_886,id_886,0.6051,True
id_886,id_886,0.5243,True
id_886,id_886,0.4796,True
id_886,id_886,0.5649,True
id_886,id_886,0.6282,True
id_886,id_886,0.5833,True
id_886,id_886,0.6147,True
id_886,id_886,0.4289,True
id_886,id_886,0.6854,True
id_886,id_5278,0.4386,False
id_886,id_886,0.5792,True
id_886,id_886,0.6082,True
id_886,id_7991,0.3987,False
id_886,id_886,0.4759,True
id_886,id_886,0.6176,True
id_886,id_886,0.4712,True
id_886,id_6221,0.3526,False
id_886,id_886,0.6171,True
id_886,id_886,0.5179,True
id_886,id_886,0.6203,True
id_886,id_886,0.5752,True
id_886,id_886,0.6184,True
id_886,id_886,0.5287,True
id_886,id_5297,0.3572,False
id_886,id_886,0.6350,True
id_886,id_886,0.5836,True
id_886,id_886,0.6058,True
id_886,id_886,0.4258,True
id_886,id_886,0.4412,True
id_886,id_4882,0.3778,False
id_886,id_886,0.5884,True
id_886,id_886,0.7250,True
id_4455,id_7484,0.3381,False
id_4455,id_4455,0.6694,True
id_4455,id_4455,0.4909,True
id_4455,id_4455,0.4375,True
id_4455,id_4455,0.5888,True
id_4455,id_4455,0.5770,True
id_4455,id_4455,0.5044,True
id_4455,id_2500,0.4249,False
id_4455,id_6089,0.4057,False
id_4455,id_1952,0.4787,False
id_4455,id_2383,0.3716,False
id_4455,id_4455,0.5410,True
id_2170,id_2170,0.6908,True
id_2170,id_2170,0.4558,True
id_2170,id_1536,0.4663,False
id_2170,id_2913,0.3998,False
id_2170,id_2170,0.6078,True
id_2170,id_2170,0.5086,True
id_2170,id_2170,0.5161,True
id_2170,id_3578,0.4708,False
id_2170,id_8641,0.3366,False
id_2170,id_4165,0.4590,False
id_2170,id_10483,0.4141,False
id_2170,id_2645,0.3746,False
id_2170,id_2170,0.4129,True
id_2170,id_6380,0.3972,False
id_2170,id_2170,0.5679,True
id_2170,id_2170,0.6232,True
id_10313,id_10313,0.5267,True
id_10313,id_10313,0.7573,True
id_10313,id_10313,0.7453,True
id_10313,id_10313,0.6938,True
id_10313,id_10313,0.7479,True
id_10313,id_369,0.4254,False
id_10313,id_10313,0.6827,True
id_10313,id_10313,0.6746,True
id_10313,id_10313,0.6998,True
id_4516,id_4516,0.5909,True
id_4516,id_4516,0.5867,True
id_4516,id_4516,0.6146,True
id_4516,id_4516,0.4441,True
id_4516,id_10048,0.4212,False
id_4516,id_540,0.4357,False
id_4516,id_7709,0.4598,False
id_4516,id_5221,0.3412,False
id_4516,id_4820,0.3812,False
id_4516,id_4516,0.5103,True
id_4516,id_4516,0.5343,True
id_4516,id_4516,0.5386,True
id_4516,id_5896,0.3760,False
id_4516,id_4516,0.4903,True
id_4516,id_8866,0.4431,False
id_4516,id_4516,0.5830,True
id_4516,id_2287,0.4730,False
id_4516,id_7235,0.4198,False
id_4516,id_4516,0.5282,True
id_4516,id_4516,0.4426,True
id_4516,id_4516,0.6271,True
id_4516,id_786,0.3410,False
id_4516,id_4516,0.5692,True
id_4516,id_4516,0.3734,True
id_4516,id_4516,0.5550,True
id_10289,id_10289,0.6372,True
id_10289,id_10289,0.5081,True
id_10289,id_10289,0.7131,True
id_10289,id_10289,0.5745,True
id_10289,id_520,0.4226,False
id_10289,id_10289,0.6886,True
id_10289,id_10289,0.6787,True
id_10289,id_10289,0.6013,True
id_10289,id_10289,0.5368,True
id_10289,id_10289,0.6378,True
id_10289,id_10289,0.6938,True
id_10289,id_4532,0.3491,False
id_10289,id_10289,0.5895,True
id_10289,id_10289,0.6617,True
id_10289,id_10289,0.6952,True
id_10289,id_10289,0.4829,True
id_10289,id_10289,0.7811,True
id_10289,id_10289,0.6732,True
id_10289,id_10289,0.5230,True
id_10289,id_10289,0.8025,True
id_10289,id_6540,0.3814,False
id_10289,id_10289,0.7038,True
id_10289,id_10289,0.7161,True
id_10289,id_10289,0.7507,True
id_4855,id_4855,0.6213,True
id_4855,id_4855,0.6114,True
id_4855,id_4855,0.3640,True
id_4855,id_4855,0.4561,True
id_4855,id_4019,0.3784,False
id_4855,id_3461,0.4162,False
id_4855,id_4165,0.4173,False
id_4855,id_4855,0.5584,True
id_4855,id_4855,0.6550,True
id_7064,id_7064,0.6449,True
id_7064,id_7064,0.5501,True
id_7064,id_9668,0.4833,False
id_7064,id_7064,0.5951,True
id_7064,id_7064,0.5595,True
id_7064,id_7064,0.6650,True
id_7064,id_10468,0.3583,False
id_6314,id_4821,0.3718,False
id_6314,id_6314,0.6068,True
id_6314,id_6314,0.5411,True
id_6314,id_6314,0.4441,True
id_6314,id_6314,0.5749,True
id_6314,id_4634,0.6006,False
id_6314,id_10468,0.5024,False
id_6314,id_6314,0.5372,True
id_6314,id_3925,0.3998,False
id_6314,id_6314,0.5747,True
id_7451,id_7451,0.7108,True
id_7451,id_7451,0.5074,True
id_7451,id_7451,0.6249,True
id_7451,id_7451,0.5675,True
id_7451,id_9095,0.4624,False
id_7451,id_6221,0.4654,False
id_7451,id_4875,0.5021,False
id_7451,id_7451,0.4664,True
id_7451,id_7451,0.4907,True
id_7451,id_4874,0.4602,False
id_7451,id_7451,0.5999,True
id_7451,id_7451,0.4208,True
id_7451,id_7451,0.6626,True
id_7451,id_7385,0.4527,False
id_7451,id_7451,0.4562,True
id_7451,id_7451,0.6658,True
id_7451,id_7451,0.5874,True
id_7451,id_7451,0.7428,True
id_4317,id_4317,0.3742,True
id_4317,id_1465,0.3685,False
id_4317,id_4317,0.5739,True
id_4317,id_4317,0.5418,True
id_4317,id_4317,0.4184,True
id_4317,id_4317,0.5461,True
id_4317,id_4317,0.4829,True
id_4317,id_4317,0.5693,True
id_4317,id_7506,0.3723,False
id_7197,id_7197,0.4415,True
id_7197,id_7197,0.4932,True
id_7197,id_2842,0.4122,False
id_7197,id_5509,0.5718,False
id_7197,id_5425,0.3651,False
id_7197,id_3207,0.4714,False
id_7197,id_7690,0.4908,False
id_7197,id_953,0.3349,False
id_7197,id_1767,0.3308,False
id_7197,id_10464,0.3948,False
id_4840,id_4840,0.7304,True
id_4840,id_720,0.4638,False
id_4840,id_4840,0.6752,True
id_4840,id_4840,0.4690,True
id_4840,id_7888,0.4226,False
id_4840,id_4840,0.5512,True
id_4840,id_4840,0.6291,True
id_4840,id_4840,0.6991,True
id_4840,id_2435,0.3849,False
id_4840,id_8159,0.4040,False
id_4840,id_4840,0.6784,True
id_4840,id_4840,0.7238,True
id_4840,id_4840,0.7311,True
id_3646,id_3646,0.5674,True
id_3646,id_3646,0.7262,True
id_3646,id_3646,0.4080,True
id_3646,id_3646,0.6003,True
id_3646,id_3646,0.5111,True
id_3646,id_3646,0.6218,True
id_3646,id_10023,0.4492,False
id_3646,id_3646,0.5139,True
id_3646,id_9695,0.3396,False
id_3646,id_3646,0.6925,True
id_3646,id_3646,0.4423,True
id_3646,id_10468,0.3799,False
id_3646,id_3646,0.5807,True
id_3646,id_3646,0.5443,True
id_3646,id_3646,0.3370,True
id_3646,id_3646,0.6384,True
id_3646,id_3646,0.7230,True
id_3646,id_3646,0.4750,True
id_3646,id_3646,0.5788,True
id_3646,id_3646,0.6781,True
id_3646,id_3646,0.4367,True
id_3646,id_4835,0.3309,False
id_3646,id_2357,0.3224,False
id_3646,id_3646,0.5708,True
id_4834,id_4834,0.6843,True
id_4834,id_7069,0.5148,False
id_4834,id_4834,0.6140,True
id_4834,id_4834,0.4814,True
id_4834,id_4834,0.7421,True
id_4834,id_4634,0.3501,False
id_4834,id_4834,0.7517,True
id_4834,id_4834,0.7307,True
id_4834,id_4834,0.4632,True
id_4834,id_4834,0.6507,True
id_4834,id_4834,0.6298,True
id_1201,id_2947,0.3587,False
id_1201,id_1201,0.6511,True
id_1201,id_1201,0.6883,True
id_1201,id_6684,0.3320,False
id_1201,id_1201,0.6103,True
id_1201,id_1201,0.7198,True
id_1201,id_3456,0.4300,False
id_1201,id_10482,0.3828,False
id_1201,id_6648,0.4372,False
id_1201,id_1201,0.5593,True
id_1201,id_2670,0.4573,False
id_1201,id_9865,0.3772,False
id_1201,id_1201,0.5729,True
id_1201,id_6821,0.4637,False
id_1201,id_1201,0.7011,True
id_1201,id_1201,0.5500,True
id_6088,id_6088,0.3759,True
id_6088,id_6088,0.3871,True
id_6088,id_7568,0.5029,False
id_6088,id_6302,0.5533,False
id_6088,id_8613,0.3012,False
id_6088,id_1255,0.2927,False
id_6088,id_10232,0.3890,False
id_6088,id_25,0.3985,False
id_6088,id_6088,0.5083,True
id_6088,id_6284,0.4492,False
id_6088,id_9545,0.4030,False
id_6088,id_4789,0.3231,False
id_6088,id_7658,0.3272,False
id_6088,id_9950,0.4385,False
id_6088,id_9496,0.3962,False
id_6088,id_6611,0.4563,False
id_6088,id_4511,0.4365,False
id_6088,id_9695,0.4476,False
id_6088,id_9155,0.3932,False
id_6088,id_6088,0.4697,True
id_6088,id_8970,0.4018,False
id_6088,id_4258,0.4151,False
id_6088,id_6088,0.3481,True
id_6088,id_6088,0.4341,True
id_6088,id_3754,0.4083,False
id_6088,id_4463,0.5254,False
id_6088,id_6088,0.4879,True
id_6088,id_4317,0.3749,False
id_6088,id_6088,0.3827,True
id_3238,id_3238,0.7850,True
id_3238,id_3238,0.5044,True
id_3238,id_3238,0.6249,True
id_3238,id_3238,0.4736,True
id_3238,id_3238,0.5939,True
id_3238,id_3238,0.7235,True
id_3238,id_3238,0.4599,True
id_3238,id_3238,0.4026,True
id_3238,id_3238,0.4522,True
id_3238,id_9753,0.3854,False
id_3238,id_3238,0.7408,True
id_3238,id_3238,0.6114,True
id_3238,id_4317,0.4050,False
id_3238,id_8021,0.3936,False
id_3238,id_3238,0.7363,True
id_3238,id_8677,0.3786,False
id_3238,id_3238,0.5823,True
id_3238,id_3238,0.5768,True
id_3238,id_3238,0.7878,True
id_4177,id_2008,0.3119,False
id_4177,id_2801,0.3954,False
id_4177,id_4956,0.3625,False
id_4177,id_2801,0.3884,False
id_4177,id_10288,0.4032,False
id_4177,id_4177,0.4280,True
id_4177,id_7506,0.4804,False
id_4177,id_4177,0.4274,True
id_6434,id_738,0.4547,False
id_6434,id_6434,0.5875,True
id_6434,id_6434,0.6271,True
id_6434,id_6434,0.4555,True
id_6434,id_6434,0.4956,True
id_6434,id_5988,0.4400,False
id_6434,id_6434,0.6135,True
id_6434,id_2751,0.3837,False
id_6434,id_8011,0.3040,False
id_6434,id_720,0.4769,False
id_6434,id_7733,0.3053,False
id_6434,id_8027,0.3922,False
id_6434,id_6434,0.5927,True
id_6434,id_6434,0.6539,True
id_6434,id_6434,0.6736,True
id_6434,id_7712,0.3429,False
id_6434,id_6434,0.6251,True
id_6434,id_6434,0.5399,True
id_6434,id_10181,0.4091,False
id_1537,id_1537,0.6217,True
id_1537,id_1537,0.7749,True
id_1537,id_1537,0.6758,True
id_1537,id_1537,0.6077,True
id_1537,id_10422,0.3629,False
id_1537,id_8870,0.3925,False
id_1537,id_886,0.4123,False
id_1537,id_7413,0.4113,False
id_1537,id_1537,0.5192,True
id_1537,id_1537,0.6331,True
id_1537,id_1537,0.7412,True
id_1537,id_1537,0.6892,True
id_1537,id_1001,0.3174,False
id_1537,id_1537,0.7672,True
id_1537,id_1537,0.6523,True
id_1537,id_1537,0.7185,True
id_1537,id_1537,0.4514,True
id_1537,id_1537,0.5356,True
id_1537,id_1537,0.7732,True
id_1537,id_1537,0.7485,True
id_1537,id_1537,0.5497,True
id_1537,id_1537,0.7643,True
id_1537,id_1537,0.6932,True
id_1537,id_1537,0.6443,True
id_1537,id_1537,0.6749,True
id_2947,id_2947,0.5320,True
id_2947,id_2947,0.4696,True
id_2947,id_3430,0.4531,False
id_2947,id_8156,0.3640,False
id_2947,id_2947,0.4934,True
id_2947,id_2947,0.5342,True
id_2947,id_9694,0.3358,False
id_2947,id_2947,0.4543,True
id_2947,id_1853,0.3649,False
id_2947,id_1003,0.3321,False
id_2947,id_2798,0.4586,False
id_2947,id_1365,0.3580,False
id_2947,id_3569,0.2601,False
id_2947,id_2947,0.5309,True
id_4869,id_4869,0.5962,True
id_4869,id_497,0.4404,False
id_4869,id_1752,0.4674,False
id_4869,id_8423,0.4133,False
id_4869,id_4869,0.5980,True
id_4869,id_5806,0.3044,False
id_4869,id_4880,0.3601,False
id_4869,id_1723,0.5560,False
id_4869,id_5011,0.4262,False
id_4869,id_4123,0.4298,False
id_4869,id_2287,0.5205,False
id_4925,id_4925,0.6572,True
id_4925,id_4925,0.5143,True
id_4925,id_4925,0.3801,True
id_4925,id_4925,0.6237,True
id_4925,id_4925,0.6305,True
id_4925,id_2985,0.4444,False
id_4925,id_4925,0.6319,True
id_4925,id_4925,0.6448,True
id_4925,id_4925,0.5853,True
id_4925,id_4925,0.5576,True
id_4925,id_4925,0.6541,True
id_4925,id_4925,0.4878,True
id_1851,id_233,0.4640,False
id_1851,id_1851,0.4414,True
id_1851,id_1851,0.5763,True
id_1851,id_1851,0.5021,True
id_1851,id_3407,0.4405,False
id_1851,id_6350,0.4505,False
id_1851,id_1851,0.5751,True
id_1851,id_4358,0.4022,False
id_1851,id_9716,0.4161,False
id_1851,id_1851,0.5988,True
id_1851,id_4875,0.3773,False
id_1851,id_6502,0.5111,False
id_1851,id_1851,0.4833,True
id_1851,id_3016,0.4037,False
id_1851,id_1851,0.5369,True
id_1851,id_7149,0.3481,False
id_1851,id_1851,0.6119,True
id_9431,id_9431,0.5844,True
id_9431,id_9431,0.4198,True
id_9431,id_9431,0.5085,True
id_9431,id_9431,0.4471,True
id_9431,id_497,0.3526,False
id_9431,id_9431,0.5310,True
id_9431,id_6350,0.3982,False
id_9431,id_2287,0.4919,False
id_9139,id_4801,0.4677,False
id_9139,id_2701,0.4072,False
id_9139,id_8204,0.4703,False
id_9139,id_9139,0.4890,True
id_9139,id_7690,0.4506,False
id_9139,id_3503,0.3281,False
id_9139,id_9139,0.5499,True
id_9139,id_9218,0.3956,False
id_9139,id_9139,0.6221,True
id_9139,id_9139,0.4318,True
id_10428,id_10428,0.8070,True
id_10428,id_10428,0.6376,True
id_10428,id_10428,0.5986,True
id_10428,id_10428,0.6991,True
id_10428,id_10428,0.7612,True
id_10428,id_10428,0.6481,True
id_10428,id_10428,0.4654,True
id_10428,id_10428,0.4695,True
id_10428,id_10428,0.8352,True
id_10428,id_10428,0.7554,True
id_10428,id_10428,0.8111,True
id_10428,id_10428,0.7623,True
id_10428,id_10428,0.6449,True
id_10428,id_10428,0.6879,True
id_10428,id_5520,0.4413,False
id_10428,id_10428,0.8191,True
id_10428,id_10428,0.5585,True
id_10428,id_10428,0.7857,True
id_10428,id_10428,0.7320,True
id_10428,id_10428,0.7994,True
id_10428,id_10428,0.5774,True
id_10428,id_10428,0.7418,True
id_6816,id_5309,0.4503,False
id_6816,id_6731,0.4560,False
id_6816,id_6816,0.5459,True
id_6816,id_5988,0.4179,False
id_6816,id_4258,0.4256,False
id_6816,id_6816,0.3364,True
id_6816,id_6816,0.4611,True
id_6816,id_6816,0.3272,True
id_6816,id_6430,0.4120,False
id_6816,id_8055,0.3968,False
id_6816,id_5988,0.4623,False
id_6816,id_6816,0.3980,True
id_6816,id_6816,0.3326,True
id_6816,id_1096,0.5103,False
id_6816,id_9766,0.4252,False
id_6816,id_8204,0.4528,False
id_6816,id_6816,0.3754,True
id_2357,id_2357,0.7092,True
id_2357,id_2357,0.5497,True
id_2357,id_2357,0.5009,True
id_2357,id_2357,0.4529,True
id_2357,id_2357,0.6790,True
id_2357,id_2357,0.6528,True
id_2357,id_9016,0.4736,False
id_2357,id_2357,0.6283,True
id_2357,id_2357,0.4121,True
id_2357,id_2357,0.7882,True
id_2357,id_2357,0.7068,True
id_2357,id_2357,0.5865,True
id_2357,id_2357,0.7127,True
id_6503,id_9114,0.4739,False
id_6503,id_5202,0.3503,False
id_6503,id_10152,0.4554,False
id_6503,id_6503,0.5049,True
id_6503,id_6503,0.3655,True
id_6503,id_3963,0.4994,False
id_6503,id_7114,0.4547,False
id_6503,id_6503,0.4772,True
id_6503,id_6503,0.4428,True
id_6503,id_5965,0.3696,False
id_6503,id_6503,0.3885,True
id_6503,id_6503,0.6248,True
id_9865,id_9865,0.6875,True
id_9865,id_9865,0.5559,True
id_9865,id_10213,0.3732,False
id_9865,id_6336,0.3710,False
id_9865,id_9865,0.6625,True
id_9865,id_9865,0.5910,True
id_9865,id_2930,0.2787,False
id_9865,id_9865,0.6845,True
id_9188,id_5892,0.4807,False
id_9188,id_9188,0.4222,True
id_9188,id_6741,0.4458,False
id_9188,id_6741,0.3960,False
id_9188,id_9188,0.4732,True
id_9188,id_9188,0.5788,True
id_9188,id_7089,0.2832,False
id_9188,id_7204,0.3813,False
id_2520,id_2520,0.6315,True
id_2520,id_2520,0.5280,True
id_2520,id_2520,0.6837,True
id_2520,id_7273,0.3955,False
id_2520,id_2520,0.5181,True
id_2520,id_5965,0.4886,False
id_2520,id_2520,0.6561,True
id_2520,id_2520,0.6452,True
id_2520,id_69,0.4581,False
id_2520,id_6731,0.3397,False
id_2520,id_2520,0.6963,True
id_2520,id_2520,0.6863,True
id_2520,id_2520,0.6254,True
id_2520,id_2520,0.5800,True
id_2520,id_2520,0.5884,True
id_2520,id_2520,0.6811,True
id_2520,id_2663,0.3660,False
id_2520,id_2520,0.4848,True
id_2520,id_7300,0.4943,False
id_2520,id_2520,0.5290,True
id_2520,id_9356,0.4837,False
id_2520,id_2520,0.6047,True
id_2520,id_2520,0.6788,True
id_2520,id_2520,0.4329,True
id_2520,id_2520,0.7448,True
id_2520,id_2520,0.4627,True
id_2520,id_2520,0.4993,True
id_2520,id_2520,0.6645,True
id_2520,id_2775,0.3823,False
id_2520,id_2520,0.6646,True
id_1885,id_1885,0.5959,True
id_1885,id_1885,0.5358,True
id_1885,id_1885,0.6037,True
id_1885,id_1885,0.5957,True
id_1885,id_2478,0.4078,False
id_1885,id_1885,0.7520,True
id_1885,id_1885,0.7601,True
id_1885,id_1885,0.7659,True
id_1885,id_9905,0.3509,False
id_1885,id_1885,0.6933,True
id_1885,id_1767,0.5124,False
id_1885,id_1885,0.6864,True
id_1885,id_1885,0.7334,True
id_1885,id_1885,0.5221,True
id_1885,id_1885,0.6999,True
id_1885,id_1885,0.5458,True
id_1885,id_1885,0.6256,True
id_1885,id_1885,0.6051,True
id_10464,id_2415,0.4538,False
id_10464,id_10464,0.4259,True
id_10464,id_10464,0.5506,True
id_10464,id_5951,0.4242,False
id_10464,id_2809,0.4252,False
id_10464,id_10464,0.4505,True
id_10464,id_10464,0.4301,True
id_10464,id_10464,0.5224,True
id_3218,id_834,0.4381,False
id_3218,id_4324,0.3900,False
id_3218,id_9931,0.3172,False
id_7204,id_9272,0.5231,False
id_7204,id_6809,0.4583,False
id_7204,id_1627,0.3583,False
id_7204,id_6159,0.4971,False
id_7204,id_6809,0.3255,False
id_7204,id_7204,0.6419,True
id_7204,id_7204,0.6119,True
id_7204,id_7204,0.5261,True
id_7204,id_1350,0.3544,False
id_3784,id_3784,0.5192,True
id_3784,id_3784,0.7006,True
id_3784,id_3784,0.7364,True
id_3784,id_3784,0.5689,True
id_3784,id_3784,0.6046,True
id_3784,id_3784,0.7129,True
id_3784,id_3784,0.5076,True
id_3784,id_1400,0.3965,False
id_3207,id_3207,0.5053,True
id_3207,id_3207,0.6009,True
id_3207,id_3207,0.4933,True
id_3207,id_3207,0.6316,True
id_3207,id_3207,0.5626,True
id_3207,id_3207,0.5958,True
id_3207,id_3207,0.5523,True
id_3207,id_3207,0.5166,True
id_3207,id_9599,0.4198,False
id_3207,id_3207,0.5359,True
id_3207,id_3207,0.7381,True
id_7092,id_7092,0.4260,True
id_7092,id_7092,0.5356,True
id_7092,id_7092,0.5192,True
id_7092,id_7092,0.4919,True
id_7092,id_7092,0.6937,True
id_7092,id_5305,0.3856,False
id_7092,id_7092,0.4688,True
id_7092,id_7092,0.4850,True
id_7092,id_7092,0.5953,True
id_7092,id_7092,0.5394,True
id_7092,id_7092,0.5942,True
id_7092,id_7092,0.4961,True
id_7092,id_7092,0.6088,True
id_7092,id_7092,0.4146,True
id_7092,id_7092,0.5499,True
id_7092,id_7092,0.5120,True
id_7092,id_7092,0.5224,True
id_7092,id_7092,0.6971,True
id_7092,id_4853,0.3691,False
id_7092,id_7092,0.4242,True
id_7092,id_7092,0.5637,True
id_7092,id_7092,0.4978,True
id_7092,id_4369,0.3239,False
id_7092,id_7092,0.4090,True
id_4956,id_8531,0.3638,False
id_4956,id_4956,0.5046,True
id_4956,id_4956,0.3768,True
id_4956,id_8797,0.3741,False
id_4956,id_9950,0.4154,False
id_4956,id_8035,0.4004,False
id_4956,id_4956,0.5354,True
id_4956,id_4956,0.5054,True
id_4956,id_4956,0.4856,True
id_4956,id_9766,0.4874,False
id_601,id_601,0.5107,True
id_601,id_601,0.5560,True
id_601,id_873,0.4240,False
id_601,id_7834,0.3737,False
id_601,id_8159,0.4392,False
id_601,id_601,0.3988,True
id_601,id_3778,0.3858,False
id_601,id_601,0.6408,True
id_601,id_5486,0.2995,False
id_601,id_601,0.4033,True
id_601,id_7834,0.4283,False
id_601,id_601,0.3194,True
id_601,id_4567,0.3946,False
id_601,id_601,0.3900,True
id_601,id_601,0.6064,True
id_601,id_601,0.4546,True
id_601,id_10482,0.4006,False
id_601,id_601,0.7125,True
id_601,id_5235,0.2852,False
id_601,id_601,0.6052,True
id_601,id_601,0.5196,True
id_601,id_6506,0.3042,False
id_601,id_601,0.4051,True
id_601,id_601,0.5034,True
id_601,id_601,0.4046,True
id_601,id_1026,0.4153,False
id_601,id_6363,0.3855,False
id_601,id_4984,0.3790,False
id_601,id_601,0.6406,True
id_601,id_601,0.5865,True
id_601,id_601,0.5007,True
id_601,id_601,0.6780,True
id_601,id_601,0.5583,True
id_601,id_601,0.5132,True
id_3041,id_3041,0.5990,True
id_3041,id_3041,0.3870,True
id_3041,id_3041,0.5922,True
id_3041,id_3041,0.5922,True
id_3041,id_3041,0.6978,True
id_3041,id_3041,0.7141,True
id_3041,id_3041,0.7247,True
id_3041,id_3041,0.6915,True
id_3041,id_3041,0.5598,True
id_8037,id_8885,0.3814,False
id_8037,id_8037,0.6851,True
id_8037,id_8037,0.5918,True
id_8037,id_8037,0.5374,True
id_8037,id_8037,0.7062,True
id_8037,id_8037,0.7480,True
id_8037,id_8037,0.4685,True
id_8037,id_3051,0.4004,False
id_8037,id_8037,0.6730,True
id_8037,id_8037,0.6695,True
id_8037,id_8037,0.4989,True
id_8037,id_8037,0.6701,True
id_8037,id_8037,0.6699,True
id_8037,id_8037,0.6826,True
id_8037,id_8037,0.6364,True
id_8037,id_8037,0.6683,True
id_8037,id_8037,0.6877,True
id_6882,id_6882,0.6349,True
id_6882,id_6882,0.5151,True
id_6882,id_6882,0.6303,True
id_6882,id_6882,0.7680,True
id_6882,id_10289,0.3804,False
id_6882,id_6882,0.5777,True
id_6882,id_6882,0.5522,True
id_6882,id_1981,0.3746,False
id_6882,id_6882,0.5377,True
id_6882,id_6882,0.6124,True
id_6882,id_6882,0.5361,True
id_4204,id_4567,0.4455,False
id_4204,id_4369,0.3560,False
id_4204,id_4204,0.6524,True
id_4204,id_4204,0.4853,True
id_4204,id_4204,0.4618,True
id_4204,id_4204,0.6294,True
id_4204,id_9898,0.5161,False
id_4204,id_4204,0.6720,True
id_4204,id_7763,0.3922,False
id_4204,id_4204,0.7280,True
id_4204,id_4204,0.5057,True
id_4204,id_4204,0.4136,True
id_4204,id_4204,0.5706,True
id_4204,id_4204,0.6191,True
id_4204,id_4204,0.5943,True
id_4204,id_4204,0.5515,True
id_4204,id_6594,0.4203,False
id_4204,id_4204,0.6510,True
id_4204,id_4204,0.5244,True
id_4204,id_4204,0.4788,True
id_4204,id_4204,0.6028,True
id_4204,id_4204,0.6666,True
id_4204,id_6811,0.4747,False
id_4204,id_4204,0.7585,True
id_4204,id_10419,0.4445,False
id_4204,id_4204,0.5755,True
id_4204,id_4204,0.4004,True
id_4204,id_4204,0.5594,True
id_4204,id_496,0.4640,False
id_4204,id_4204,0.5594,True
id_4204,id_2741,0.4579,False
id_4204,id_4204,0.5710,True
id_4204,id_4204,0.6825,True
id_4204,id_2670,0.4070,False
id_4204,id_4204,0.5746,True
id_4204,id_4204,0.7050,True
id_4204,id_4204,0.6494,True
id_4204,id_4204,0.6826,True
id_4204,id_4204,0.3120,True
id_4204,id_6457,0.3376,False
id_3051,id_3051,0.6432,True
id_3051,id_6077,0.3872,False
id_3051,id_3051,0.3743,True
id_3051,id_3051,0.4717,True
id_3051,id_3051,0.6451,True
id_3051,id_3051,0.6738,True
id_3051,id_3051,0.4380,True
id_3051,id_3051,0.6613,True
id_3051,id_3051,0.7000,True
id_3051,id_3051,0.5860,True
id_1904,id_2136,0.3950,False
id_1904,id_1904,0.5626,True
id_1904,id_1904,0.5654,True
id_1904,id_1904,0.4586,True
id_1904,id_1904,0.5220,True
id_1904,id_1904,0.4740,True
id_1904,id_1904,0.5136,True
id_1904,id_1904,0.4054,True
id_1904,id_252,0.3022,False
id_8011,id_10419,0.5538,False
id_8011,id_8011,0.5446,True
id_8011,id_8011,0.6667,True
id_8011,id_8011,0.4704,True
id_8011,id_8011,0.5997,True
id_8011,id_8011,0.7145,True
id_8011,id_8011,0.4753,True
id_8011,id_8011,0.5986,True
id_8011,id_8011,0.5287,True
id_8011,id_8011,0.5011,True
id_8011,id_8011,0.5892,True
id_8011,id_10419,0.4997,False
id_5202,id_5793,0.3851,False
id_5202,id_5202,0.4913,True
id_5202,id_594,0.5042,False
id_5202,id_5202,0.4841,True
id_5202,id_5202,0.5787,True
id_5202,id_5999,0.4035,False
id_5202,id_5202,0.4691,True
id_5202,id_8972,0.4018,False
id_5202,id_793,0.4518,False
id_5202,id_10246,0.5078,False
id_5202,id_5202,0.5130,True
id_5202,id_10313,0.5177,False
id_5202,id_6453,0.3745,False
id_5202,id_7474,0.3335,False
id_5202,id_5549,0.4110,False
id_5202,id_952,0.4301,False
id_5202,id_5202,0.4709,True
id_5202,id_5687,0.3721,False
id_5202,id_1127,0.4708,False
id_5202,id_2867,0.4672,False
id_5202,id_9598,0.3739,False
id_5202,id_10136,0.3850,False
id_5202,id_6373,0.5353,False
id_5202,id_1155,0.2493,False
id_5202,id_5202,0.5671,True
id_5202,id_5202,0.5104,True
id_5202,id_5202,0.5210,True
id_5202,id_5202,0.5950,True
id_5202,id_1824,0.3823,False
id_5051,id_5520,0.3411,False
id_5051,id_5051,0.4770,True
id_5051,id_5051,0.6066,True
id_5051,id_5051,0.5814,True
id_5051,id_5051,0.5735,True
id_5051,id_5051,0.6848,True
id_5051,id_5051,0.5245,True
id_5051,id_5051,0.5008,True
id_5051,id_5051,0.7084,True
id_5051,id_5051,0.6904,True
id_5051,id_5051,0.6346,True
id_2701,id_1402,0.4252,False
id_2701,id_3750,0.3743,False
id_2701,id_2701,0.3761,True
id_2701,id_2701,0.4183,True
id_2701,id_1644,0.4804,False
id_2701,id_2701,0.6163,True
id_2701,id_475,0.3343,False
id_3709,id_8970,0.3803,False
id_3709,id_5988,0.4435,False
id_3709,id_3709,0.7098,True
id_3709,id_6241,0.4160,False
id_3709,id_3709,0.6522,True
id_3709,id_3709,0.6595,True
id_3709,id_1843,0.3305,False
id_3709,id_6028,0.2970,False
id_3709,id_3709,0.5275,True
id_3709,id_3709,0.7259,True
id_3709,id_3709,0.7289,True
id_3709,id_3709,0.6906,True
id_3709,id_3709,0.6197,True
id_3709,id_3709,0.5571,True
id_3709,id_3709,0.6842,True
id_3709,id_3709,0.5945,True
id_3709,id_3709,0.6677,True
id_3709,id_3709,0.7109,True
id_7114,id_7114,0.5457,True
id_7114,id_7752,0.4629,False
id_7114,id_9716,0.4309,False
id_7114,id_7315,0.4575,False
id_7114,id_6123,0.4442,False
id_7114,id_7114,0.7083,True
id_7114,id_7114,0.6602,True
id_7114,id_7554,0.4217,False
id_7114,id_7114,0.3928,True
id_7114,id_7123,0.4477,False
id_7114,id_7114,0.4535,True
id_7114,id_7114,0.4199,True
id_7114,id_7114,0.5419,True
id_7114,id_7114,0.6730,True
id_7114,id_7114,0.5657,True
id_7114,id_10048,0.4016,False
id_7114,id_5309,0.3972,False
id_7114,id_10152,0.3722,False
id_7114,id_7114,0.6538,True
id_7114,id_1434,0.3727,False
id_7114,id_7114,0.5782,True
id_7114,id_7114,0.7677,True
id_7114,id_5202,0.3861,False
id_7114,id_7114,0.4146,True
id_7114,id_7114,0.5614,True
id_1897,id_1897,0.7183,True
id_1897,id_2701,0.3839,False
id_1897,id_1897,0.6366,True
id_1897,id_1897,0.6672,True
id_1897,id_1897,0.6932,True
id_1897,id_1897,0.6072,True
id_1897,id_2435,0.3742,False
id_1897,id_1897,0.7117,True
id_1897,id_1897,0.6987,True
id_1897,id_1897,0.6838,True
id_1897,id_1020,0.3717,False
id_1897,id_1897,0.6889,True
id_1897,id_1897,0.5692,True
id_1897,id_1897,0.4628,True
id_1897,id_1897,0.6366,True
id_1897,id_1897,0.7255,True
id_1897,id_1897,0.6943,True
id_9863,id_9863,0.5072,True
id_9863,id_9863,0.6069,True
id_9863,id_9863,0.6218,True
id_9863,id_9863,0.6411,True
id_9863,id_9863,0.4939,True
id_9863,id_9863,0.5260,True
id_9863,id_9716,0.3338,False
id_9863,id_6042,0.3102,False
id_9863,id_9863,0.7457,True
id_9863,id_9863,0.5593,True
id_6422,id_7149,0.3890,False
id_6422,id_9272,0.4648,False
id_6422,id_6422,0.5737,True
id_6422,id_6422,0.6085,True
id_6422,id_3794,0.2945,False
id_6422,id_10393,0.2977,False
id_6422,id_6422,0.6277,True
id_6422,id_8437,0.3845,False
id_6422,id_6422,0.6235,True
id_6422,id_6422,0.6233,True
id_6422,id_6422,0.5912,True
id_6422,id_6422,0.5803,True
id_6422,id_6422,0.6216,True
id_6422,id_4063,0.3825,False
id_6422,id_6878,0.4214,False
id_10345,id_8470,0.4602,False
id_10345,id_10345,0.4681,True
id_10345,id_8986,0.5008,False
id_10345,id_7451,0.4556,False
id_10345,id_488,0.4604,False
id_10345,id_10345,0.5612,True
id_10345,id_1393,0.4019,False
id_10345,id_10345,0.5294,True
id_10345,id_6506,0.2917,False
id_10345,id_7385,0.4722,False
id_10345,id_2154,0.4561,False
id_10345,id_10345,0.5007,True
id_10345,id_10345,0.4771,True
id_10085,id_10085,0.6332,True
id_10085,id_10085,0.5031,True
id_10085,id_10085,0.4190,True
id_10085,id_2303,0.3978,False
id_10085,id_953,0.4219,False
id_10085,id_10085,0.5502,True
id_10085,id_10085,0.4810,True
id_10085,id_10085,0.4885,True
id_10085,id_10085,0.4759,True
id_10085,id_10085,0.4359,True
id_10085,id_10085,0.4291,True
id_10085,id_9598,0.3340,False
id_10085,id_10085,0.5728,True
id_10085,id_10085,0.5267,True
id_10085,id_3311,0.4464,False
id_10085,id_10085,0.5827,True
id_10085,id_10085,0.5445,True
id_10085,id_10085,0.4885,True
id_10085,id_10085,0.4561,True
id_10085,id_10085,0.5564,True
id_10085,id_1904,0.3387,False
id_10085,id_10085,0.5937,True
id_10085,id_7092,0.3128,False
id_10085,id_4135,0.3180,False
id_10085,id_10085,0.6118,True
id_10085,id_5593,0.3791,False
id_10085,id_10085,0.5000,True
id_2838,id_2478,0.4640,False
id_2838,id_4853,0.3488,False
id_2838,id_8866,0.3622,False
id_2838,id_3589,0.4541,False
id_2838,id_4169,0.3912,False
id_2838,id_1765,0.4089,False
id_2838,id_1046,0.2729,False
id_168,id_168,0.4940,True
id_168,id_4630,0.4034,False
id_168,id_168,0.5301,True
id_168,id_2354,0.4984,False
id_168,id_2101,0.4440,False
id_168,id_4598,0.3643,False
id_168,id_168,0.4122,True
id_168,id_168,0.3850,True
id_168,id_2480,0.3918,False
id_168,id_4532,0.3069,False
id_168,id_25,0.4254,False
id_168,id_168,0.5050,True
id_168,id_168,0.5706,True
id_168,id_168,0.3839,True
id_168,id_1952,0.4668,False
id_168,id_9230,0.3652,False
id_168,id_2833,0.4518,False
id_168,id_168,0.6470,True
id_168,id_168,0.6253,True
id_168,id_9496,0.3446,False
id_168,id_168,0.6781,True
id_168,id_1542,0.4707,False
id_168,id_168,0.5339,True
id_168,id_5794,0.4154,False
id_168,id_168,0.5352,True
id_168,id_168,0.5146,True
id_168,id_168,0.5874,True
id_168,id_168,0.5894,True
id_168,id_168,0.5426,True
id_168,id_168,0.5093,True
id_168,id_168,0.6972,True
id_168,id_168,0.4923,True
id_168,id_4670,0.3550,False
id_168,id_873,0.2752,False
id_168,id_5740,0.2867,False
id_168,id_891,0.4666,False
id_168,id_168,0.6386,True
id_168,id_168,0.4802,True
id_168,id_1542,0.4559,False
id_168,id_25,0.4140,False
id_168,id_168,0.5487,True
id_168,id_7300,0.5030,False
id_168,id_168,0.3771,True
id_168,id_168,0.5345,True
id_168,id_9288,0.3462,False
id_168,id_168,0.4324,True
id_168,id_5794,0.4411,False
id_168,id_168,0.4244,True
id_168,id_10482,0.3159,False
id_168,id_168,0.4311,True
id_168,id_168,0.5665,True
id_168,id_168,0.6975,True
id_168,id_5309,0.4000,False
id_168,id_5202,0.4024,False
id_168,id_8639,0.3500,False
id_168,id_168,0.6043,True
id_168,id_2154,0.4468,False
id_168,id_3877,0.4229,False
id_168,id_168,0.5167,True
id_168,id_168,0.4477,True
id_168,id_168,0.6707,True
id_168,id_168,0.6660,True
id_168,id_2101,0.4088,False
id_2369,id_10393,0.3569,False
id_2369,id_3750,0.5282,False
id_2369,id_2369,0.4861,True
id_2369,id_2369,0.3946,True
id_2369,id_2369,0.5139,True
id_2369,id_2369,0.6293,True
id_2369,id_2369,0.5998,True
id_2369,id_2369,0.5566,True
id_2369,id_5437,0.3489,False
id_2369,id_9419,0.3611,False
id_2369,id_2369,0.4248,True
id_3674,id_3674,0.5205,True
id_3674,id_8972,0.3439,False
id_3674,id_6398,0.4527,False
id_3674,id_3674,0.4291,True
id_3674,id_3674,0.6382,True
id_3674,id_7446,0.4730,False
id_3674,id_3674,0.6311,True
id_3674,id_4748,0.2910,False
id_3674,id_3674,0.5350,True
id_3674,id_3674,0.5901,True
id_3674,id_2950,0.4142,False
id_3674,id_5895,0.4853,False
id_3674,id_9188,0.4849,False
id_3674,id_977,0.3819,False
id_3674,id_3674,0.7140,True
id_3674,id_9188,0.4783,False
id_3674,id_3674,0.5475,True
id_3674,id_3060,0.4366,False
id_3674,id_3674,0.5406,True
id_3674,id_3674,0.5719,True
id_3674,id_953,0.3783,False
id_3674,id_3674,0.6594,True
id_3674,id_3735,0.3352,False
id_3674,id_1271,0.3373,False
id_3674,id_1434,0.3205,False
id_3674,id_3674,0.5982,True
id_3674,id_9865,0.3925,False
id_3674,id_3674,0.5843,True
id_3674,id_3674,0.5959,True
id_3674,id_3674,0.5537,True
id_3674,id_8613,0.3802,False
id_3674,id_4118,0.3752,False
id_3674,id_3674,0.5791,True
id_3674,id_3517,0.4072,False
id_3674,id_3674,0.4101,True
id_3674,id_3674,0.4851,True
id_3674,id_3674,0.6135,True
id_3674,id_3674,0.6005,True
id_3674,id_3674,0.5471,True
id_3674,id_3674,0.4065,True
id_3674,id_3674,0.6911,True
id_3674,id_3674,0.5705,True
id_3674,id_3674,0.5409,True
id_3674,id_3674,0.4905,True
id_3674,id_3674,0.6213,True
id_3674,id_1988,0.4129,False
id_3674,id_3674,0.5514,True
id_3674,id_3674,0.5890,True
id_3674,id_3674,0.5739,True
id_3674,id_3735,0.3664,False
id_3674,id_1913,0.4283,False
id_3674,id_3517,0.3706,False
id_3674,id_3674,0.5844,True
id_3674,id_3674,0.5585,True
id_3674,id_3311,0.5384,False
id_3674,id_2936,0.4438,False
id_3674,id_7446,0.4062,False
id_3674,id_3674,0.6413,True
id_3674,id_3674,0.6376,True
id_3674,id_3674,0.3129,True
id_3674,id_4323,0.3715,False
id_3674,id_3674,0.7204,True
id_3674,id_3674,0.5415,True
id_3674,id_7470,0.4770,False
id_3674,id_3674,0.4230,True
id_3674,id_6821,0.4118,False
id_3674,id_3674,0.5117,True
id_3674,id_3674,0.5584,True
id_3674,id_2546,0.4159,False
id_3674,id_9945,0.3248,False
id_4059,id_4059,0.5714,True
id_4059,id_4059,0.5816,True
id_4059,id_4059,0.7954,True
id_4059,id_4059,0.4651,True
id_4059,id_4059,0.6998,True
id_4059,id_4059,0.3847,True
id_4059,id_4059,0.5236,True
id_4059,id_4059,0.6309,True
id_4059,id_5806,0.4702,False
id_4059,id_4059,0.6897,True
id_4059,id_4059,0.6513,True
id_4059,id_9806,0.4219,False
id_10471,id_10471,0.4213,True
id_10471,id_6042,0.4070,False
id_10471,id_4459,0.3336,False
id_10471,id_10471,0.4191,True
id_10471,id_4855,0.3629,False
id_10471,id_10239,0.4188,False
id_10500,id_10500,0.5437,True
id_10500,id_10541,0.3927,False
id_10500,id_10500,0.6607,True
id_10500,id_10500,0.6489,True
id_10500,id_10500,0.4792,True
id_10500,id_10500,0.6928,True
id_10500,id_10500,0.6183,True
id_10500,id_10500,0.4534,True
id_10500,id_10500,0.5576,True
id_8199,id_9598,0.4676,False
id_8199,id_8199,0.7491,True
id_8199,id_8199,0.4958,True
id_8199,id_7062,0.3267,False
id_8199,id_8199,0.5939,True
id_8199,id_8199,0.7424,True
id_8199,id_8199,0.7795,True
id_8199,id_8199,0.8116,True
id_8199,id_8199,0.7171,True
id_8199,id_8199,0.6597,True
id_2730,id_2730,0.4589,True
id_2730,id_1755,0.3340,False
id_2730,id_99,0.3638,False
id_2730,id_1393,0.4059,False
id_2730,id_168,0.5036,False
id_2730,id_2730,0.5291,True
id_2730,id_6457,0.4105,False
id_2730,id_2730,0.4723,True
id_2730,id_465,0.3569,False
id_2730,id_8183,0.4657,False
id_2730,id_2730,0.3995,True
id_2730,id_9545,0.3027,False
id_1255,id_10419,0.4007,False
id_1255,id_1255,0.6811,True
id_1255,id_4317,0.4884,False
id_1255,id_8482,0.4509,False
id_1255,id_1255,0.4513,True
id_1255,id_1255,0.5283,True
id_1255,id_9898,0.3739,False
id_1255,id_1255,0.6726,True
id_1255,id_1255,0.4928,True
id_1255,id_1761,0.3925,False
id_1255,id_1255,0.4289,True
id_1255,id_1255,0.6065,True
id_1255,id_1255,0.6687,True
id_1255,id_1255,0.5304,True
id_1255,id_1255,0.4148,True
id_1255,id_1761,0.3851,False
id_1255,id_786,0.4569,False
id_1255,id_1255,0.6883,True
id_1255,id_1255,0.4826,True
id_7645,id_7645,0.4668,True
id_7645,id_7645,0.5331,True
id_7645,id_10532,0.4614,False
id_7645,id_5429,0.4182,False
id_7645,id_9379,0.4509,False
id_7645,id_7645,0.4958,True
id_7645,id_7645,0.5238,True
id_7645,id_7645,0.5590,True
id_7645,id_7645,0.6059,True
id_7645,id_7645,0.6551,True
id_7645,id_7645,0.6441,True
id_7645,id_7645,0.6878,True
id_7645,id_7645,0.3739,True
id_7645,id_7645,0.4497,True
id_7645,id_7645,0.5785,True
id_7645,id_7645,0.7302,True
id_7645,id_7645,0.7016,True
id_7645,id_6506,0.3738,False
id_7645,id_2670,0.4092,False
id_7645,id_1388,0.4691,False
id_7645,id_1388,0.4390,False
id_7645,id_7645,0.5699,True
id_7645,id_7645,0.4248,True
id_7645,id_7645,0.5774,True
id_7645,id_7645,0.6629,True
id_7645,id_7645,0.6254,True
id_7645,id_7645,0.4860,True
id_7645,id_7645,0.6029,True
id_7645,id_7645,0.7427,True
id_7645,id_2730,0.3725,False
id_7645,id_1597,0.3493,False
id_7645,id_7645,0.5648,True
id_7645,id_7645,0.6206,True
id_7645,id_7645,0.4589,True
id_7645,id_8437,0.4178,False
id_7645,id_7645,0.5953,True
id_7645,id_7645,0.6117,True
id_7645,id_7494,0.3907,False
id_7645,id_7645,0.6663,True
id_7645,id_9379,0.4200,False
id_7645,id_7645,0.5973,True
id_7645,id_7645,0.5882,True
id_7645,id_7645,0.6896,True
id_7645,id_7645,0.4442,True
id_7645,id_7645,0.6433,True
id_7645,id_7709,0.3965,False
id_7645,id_2645,0.5208,False
id_7645,id_7645,0.5630,True
id_7645,id_7645,0.5637,True
id_7645,id_7645,0.5873,True
id_7645,id_2867,0.5138,False
id_7645,id_9881,0.3667,False
id_7645,id_7645,0.7333,True
id_7645,id_7645,0.6326,True
id_7645,id_7645,0.3974,True
id_7645,id_1664,0.3379,False
id_7645,id_7645,0.6725,True
id_7645,id_2867,0.3780,False
id_7645,id_7645,0.5805,True
id_7645,id_7645,0.3951,True
id_7645,id_7645,0.5335,True
id_7645,id_7645,0.4893,True
id_7645,id_7645,0.7285,True
id_7645,id_7645,0.4703,True
id_7645,id_8437,0.4178,False
id_7645,id_7645,0.5382,True
id_7645,id_7645,0.6166,True
id_7645,id_7645,0.6158,True
id_7645,id_5687,0.4315,False
id_7645,id_7645,0.5530,True
id_7645,id_5221,0.4055,False
id_7645,id_9272,0.4860,False
id_7645,id_7645,0.5910,True
id_7645,id_7645,0.5563,True
id_7645,id_7645,0.6008,True
id_7645,id_7645,0.6420,True
id_7645,id_2867,0.3847,False
id_7645,id_7645,0.6216,True
id_7645,id_7645,0.6098,True
id_7645,id_7645,0.6151,True
id_7645,id_7645,0.5910,True
id_7645,id_7752,0.4569,False
id_7645,id_3646,0.3706,False
id_7645,id_7645,0.5772,True
id_7645,id_7645,0.3966,True
id_7645,id_7645,0.6332,True
id_7645,id_9259,0.3767,False
id_7645,id_7645,0.6731,True
id_7645,id_7645,0.6892,True
id_7645,id_7645,0.3583,True
id_7645,id_7645,0.5138,True
id_7645,id_7645,0.7276,True
id_7645,id_7645,0.6821,True
id_7645,id_8243,0.4613,False
id_7645,id_7645,0.7801,True
id_7645,id_9555,0.4677,False
id_7645,id_7645,0.6195,True
id_7645,id_7645,0.5803,True
id_7645,id_7645,0.6922,True
id_7645,id_7645,0.5404,True
id_7645,id_7645,0.6562,True
id_7645,id_7446,0.3816,False
id_7645,id_7645,0.6347,True
id_7645,id_9187,0.4282,False
id_7645,id_7645,0.5090,True
id_7645,id_7645,0.5074,True
id_7645,id_7645,0.5267,True
id_7645,id_7645,0.3935,True
id_7645,id_7645,0.4916,True
id_7645,id_7645,0.6085,True
id_7645,id_7645,0.6318,True
id_7645,id_2645,0.5337,False
id_7645,id_7645,0.6469,True
id_7645,id_2645,0.4647,False
id_7645,id_7645,0.7047,True
id_7645,id_7645,0.5067,True
id_7645,id_7645,0.4286,True
id_7645,id_10206,0.4169,False
id_7645,id_7645,0.6352,True
id_7645,id_7645,0.6036,True
id_7645,id_7645,0.6077,True
id_7645,id_7645,0.5034,True
id_7645,id_7645,0.6878,True
id_7645,id_1388,0.4680,False
id_7645,id_7645,0.5201,True
id_7645,id_7645,0.5329,True
id_7645,id_7645,0.4936,True
id_7645,id_7645,0.5443,True
id_7645,id_2867,0.5138,False
id_7645,id_541,0.4305,False
id_7645,id_2645,0.4611,False
id_7645,id_3541,0.3977,False
id_7645,id_7645,0.5773,True
id_7645,id_7645,0.6998,True
id_7645,id_7645,0.4184,True
id_5018,id_5018,0.6915,True
id_5018,id_3257,0.3795,False
id_5018,id_5018,0.5705,True
id_5018,id_5018,0.4872,True
id_5018,id_5018,0.4692,True
id_5018,id_476,0.4189,False
id_5018,id_5018,0.6918,True
id_5018,id_5018,0.7210,True
id_5018,id_5018,0.4803,True
id_5018,id_5018,0.5295,True
id_5018,id_5018,0.4801,True
id_5018,id_5018,0.6871,True
id_5018,id_5018,0.6536,True
id_5018,id_3165,0.4546,False
id_5018,id_1755,0.3398,False
id_5018,id_5018,0.6378,True
id_5018,id_5018,0.6594,True
id_5018,id_5018,0.5578,True
id_5018,id_5018,0.5904,True
id_5018,id_5018,0.7419,True
id_5018,id_5018,0.4684,True
id_5018,id_5018,0.6915,True
id_10540,id_10540,0.6222,True
id_10540,id_10540,0.4911,True
id_10540,id_10540,0.5921,True
id_10540,id_10540,0.7158,True
id_10540,id_10540,0.4743,True
id_10540,id_9545,0.3284,False
id_10540,id_10540,0.6962,True
id_10540,id_8637,0.4758,False
id_7752,id_7752,0.4890,True
id_7752,id_7752,0.5862,True
id_7752,id_7752,0.5564,True
id_7752,id_7752,0.4467,True
id_7752,id_9599,0.5180,False
id_1400,id_1400,0.5891,True
id_1400,id_1400,0.5343,True
id_1400,id_1400,0.6028,True
id_1400,id_1400,0.6270,True
id_1400,id_1400,0.5003,True
id_1400,id_1400,0.6171,True
id_1400,id_1400,0.6590,True
id_1400,id_4820,0.4152,False
id_3692,id_3692,0.4758,True
id_3692,id_248,0.4304,False
id_3692,id_10152,0.4019,False
id_3692,id_248,0.4890,False
id_3692,id_248,0.4751,False
id_2331,id_2331,0.4008,True
id_2331,id_977,0.4778,False
id_2331,id_3379,0.3152,False
id_2331,id_2331,0.5567,True
id_2331,id_10482,0.4140,False
id_2331,id_2331,0.5774,True
id_2331,id_2331,0.6671,True
id_2331,id_2842,0.4399,False
id_2331,id_2331,0.6933,True
id_2331,id_2331,0.4935,True
id_2331,id_2331,0.6623,True
id_2331,id_9980,0.3499,False
id_2331,id_2331,0.4794,True
id_2331,id_2331,0.7048,True
id_2331,id_6186,0.3487,False
id_2331,id_2331,0.6931,True
id_2331,id_2331,0.5886,True
id_2331,id_2331,0.5479,True
id_2331,id_2331,0.7285,True
id_2331,id_2331,0.6833,True
id_2331,id_2331,0.6920,True
id_2331,id_2331,0.7287,True
id_2331,id_2331,0.5614,True
id_2331,id_2331,0.4652,True
id_2331,id_7524,0.3943,False
id_2331,id_2331,0.5569,True
id_2331,id_2331,0.4606,True
id_2331,id_2331,0.6341,True
id_2331,id_2331,0.7663,True
id_2331,id_7218,0.3868,False
id_2331,id_2331,0.4993,True
id_2331,id_2331,0.6913,True
id_2331,id_6186,0.3511,False
id_2331,id_4821,0.4397,False
id_2331,id_8011,0.3730,False
id_2331,id_2331,0.7336,True
id_2331,id_2331,0.4239,True
id_2331,id_2331,0.6383,True
id_2331,id_2331,0.5164,True
id_2331,id_4647,0.2910,False
id_2331,id_2331,0.7334,True
id_2331,id_2331,0.5488,True
id_2331,id_9670,0.5244,False
id_2331,id_2331,0.4461,True
id_2331,id_4165,0.4135,False
id_2331,id_2331,0.5581,True
id_2331,id_2331,0.4861,True
id_2331,id_2331,0.4087,True
id_2331,id_7752,0.3520,False
id_2331,id_953,0.3730,False
id_2331,id_2331,0.6511,True
id_2331,id_9393,0.4012,False
id_2331,id_8641,0.4482,False
id_2331,id_2331,0.6279,True
id_2331,id_2331,0.4383,True
id_2331,id_2331,0.4740,True
id_2331,id_2331,0.4519,True
id_2331,id_2331,0.5883,True
id_2331,id_2331,0.6933,True
id_2331,id_2331,0.6930,True
id_2331,id_2331,0.5514,True
id_2331,id_7685,0.3366,False
id_2331,id_2331,0.6906,True
id_2331,id_2331,0.4027,True
id_2331,id_2331,0.5394,True
id_2331,id_2331,0.6871,True
id_2331,id_2331,0.7005,True
id_2331,id_2331,0.6224,True
id_2331,id_2331,0.4028,True
id_2331,id_2331,0.6194,True
id_2331,id_2331,0.5516,True
id_2331,id_2331,0.5037,True
id_2331,id_2331,0.4982,True
id_2331,id_2331,0.6202,True
id_2331,id_2331,0.4814,True
id_2331,id_2331,0.6181,True
id_2331,id_2331,0.6381,True
id_2331,id_2331,0.5802,True
id_2331,id_2331,0.6647,True
id_882,id_882,0.4848,True
id_882,id_882,0.4412,True
id_882,id_7925,0.3491,False
id_882,id_6816,0.4026,False
id_882,id_882,0.5071,True
id_882,id_882,0.5797,True
id_9699,id_9699,0.4424,True
id_9699,id_540,0.4359,False
id_9699,id_722,0.4288,False
id_9699,id_9699,0.5920,True
id_9699,id_9699,0.3892,True
id_4166,id_475,0.3333,False
id_4166,id_4166,0.5248,True
id_4166,id_4166,0.4526,True
id_4166,id_1981,0.4076,False
id_4166,id_4166,0.4332,True
id_4166,id_4166,0.3912,True
id_4166,id_8953,0.4001,False
id_4166,id_3519,0.3935,False
id_4166,id_4630,0.3296,False
id_4166,id_4166,0.5044,True
id_4166,id_2569,0.3266,False
id_5222,id_4192,0.3625,False
id_5222,id_720,0.4314,False
id_5222,id_8027,0.4728,False
id_5222,id_142,0.4807,False
id_5222,id_5222,0.6162,True
id_5222,id_7397,0.4710,False
id_5222,id_5222,0.4065,True
id_5222,id_4893,0.3069,False
id_5222,id_5222,0.5116,True
id_5222,id_9230,0.4536,False
id_722,id_722,0.5833,True
id_722,id_5209,0.4410,False
id_722,id_722,0.5824,True
id_722,id_3936,0.2755,False
id_715,id_4751,0.4778,False
id_715,id_1952,0.4391,False
id_715,id_715,0.4097,True
id_715,id_715,0.6125,True
id_715,id_715,0.5899,True
id_715,id_715,0.6489,True
id_715,id_715,0.4843,True
id_715,id_6284,0.3554,False
id_715,id_715,0.6609,True
id_715,id_715,0.6536,True
id_715,id_8677,0.3882,False
id_715,id_715,0.6291,True
id_715,id_1357,0.3323,False
id_715,id_715,0.6324,True
id_715,id_715,0.5866,True
id_715,id_3153,0.4378,False
id_715,id_715,0.4414,True
id_5714,id_5714,0.7111,True
id_5714,id_5714,0.6768,True
id_5714,id_6368,0.4224,False
id_5714,id_5714,0.4849,True
id_5714,id_2136,0.4492,False
id_5714,id_5714,0.4581,True
id_5714,id_5714,0.7178,True
id_5714,id_5714,0.7410,True
id_5714,id_1412,0.2399,False
id_5714,id_5714,0.6314,True
id_5714,id_5714,0.5804,True
id_5714,id_5714,0.5199,True
id_5714,id_5714,0.4651,True
id_5714,id_8883,0.4802,False
id_5714,id_5714,0.5447,True
id_5714,id_5714,0.6690,True
id_5714,id_8152,0.4402,False
id_5714,id_5714,0.3843,True
id_5714,id_5714,0.6165,True
id_5714,id_5714,0.7351,True
id_5714,id_5714,0.6986,True
id_5714,id_5714,0.5134,True
id_5714,id_9699,0.4265,False
id_5714,id_10532,0.4091,False
id_5714,id_5714,0.5844,True
id_5714,id_5714,0.4886,True
id_5714,id_5714,0.5729,True
id_5714,id_5714,0.5562,True
id_5714,id_5714,0.7794,True
id_5714,id_5714,0.5894,True
id_5714,id_5714,0.7044,True
id_5714,id_6934,0.2874,False
id_5714,id_5714,0.5355,True
id_5714,id_5714,0.4013,True
id_5714,id_5714,0.5144,True
id_5714,id_5714,0.7799,True
id_5714,id_5714,0.5763,True
id_5714,id_2232,0.4256,False
id_5714,id_5714,0.6320,True
id_5714,id_5714,0.5677,True
id_5714,id_5714,0.7050,True
id_5714,id_4853,0.3577,False
id_5714,id_5714,0.3955,True
id_5714,id_5934,0.3837,False
id_5714,id_8953,0.4532,False
id_5714,id_5714,0.6179,True
id_5714,id_5714,0.6324,True
id_5714,id_2802,0.4296,False
id_5714,id_9393,0.3828,False
id_5714,id_10085,0.4154,False
id_5714,id_5714,0.5249,True
id_5714,id_5714,0.5591,True
id_5714,id_3341,0.3903,False
id_5714,id_5714,0.6602,True
id_5714,id_3736,0.3622,False
id_5714,id_5714,0.4842,True
id_5714,id_5714,0.4802,True
id_5714,id_6821,0.3432,False
id_5714,id_5714,0.6512,True
id_5714,id_5714,0.5048,True
id_5714,id_5714,0.4970,True
id_5714,id_5714,0.5718,True
id_5714,id_5232,0.3808,False
id_5714,id_5714,0.5226,True
id_5714,id_2867,0.3098,False
id_5714,id_5714,0.5813,True
id_5714,id_7834,0.3966,False
id_5714,id_5714,0.6779,True
id_5714,id_4855,0.4285,False
id_5714,id_5232,0.3057,False
id_5714,id_5714,0.4497,True
id_5714,id_608,0.3450,False
id_5714,id_5714,0.4796,True
id_5714,id_5714,0.5191,True
id_5714,id_5714,0.4439,True
id_5714,id_5714,0.4717,True
id_5714,id_3327,0.3516,False
id_5714,id_5714,0.7731,True
id_5714,id_5714,0.5534,True
id_5714,id_5714,0.6513,True
id_5714,id_5827,0.4012,False
id_5714,id_5714,0.3866,True
id_5714,id_3866,0.4499,False
id_5714,id_5714,0.6083,True
id_5714,id_3866,0.3566,False
id_5714,id_1365,0.3854,False
id_5714,id_5714,0.4665,True
id_5714,id_9629,0.2902,False
id_5714,id_5714,0.6648,True
id_5714,id_5714,0.5767,True
id_5714,id_3735,0.4946,False
id_5714,id_5714,0.6110,True
id_5714,id_5714,0.7574,True
id_5714,id_5714,0.5591,True
id_5714,id_5714,0.6867,True
id_2546,id_2546,0.6198,True
id_2546,id_6350,0.4405,False
id_2546,id_2546,0.7118,True
id_2546,id_2546,0.4969,True
id_2546,id_3735,0.4298,False
id_2546,id_1506,0.3047,False
id_8183,id_8183,0.7071,True
id_8183,id_8183,0.4957,True
id_8183,id_8183,0.5705,True
id_8183,id_8183,0.5133,True
id_8183,id_8183,0.5437,True
id_8183,id_8035,0.4188,False
id_8183,id_9291,0.4337,False
id_8183,id_8183,0.6298,True
id_8183,id_8183,0.4707,True
id_8183,id_8183,0.6555,True
id_8183,id_9356,0.4090,False
id_3415,id_3415,0.6253,True
id_3415,id_7568,0.4414,False
id_3415,id_3415,0.6787,True
id_3415,id_3415,0.7186,True
id_3415,id_69,0.3764,False
id_3415,id_3415,0.5961,True
id_3415,id_3415,0.7561,True
id_3415,id_3415,0.6902,True
id_3415,id_3415,0.7641,True
id_3415,id_4436,0.3509,False
id_3415,id_3415,0.3778,True
id_6241,id_5422,0.4527,False
id_6241,id_4075,0.3898,False
id_6241,id_8472,0.4204,False
id_6241,id_6241,0.6186,True
id_6241,id_10213,0.3933,False
id_6241,id_6241,0.5813,True
id_6241,id_6241,0.6003,True
id_6241,id_5687,0.3842,False
id_6241,id_6241,0.5060,True
id_6241,id_4086,0.5260,False
id_3299,id_2235,0.3653,False
id_3299,id_3299,0.6078,True
id_3299,id_3207,0.3719,False
id_3299,id_3299,0.5450,True
id_3299,id_3299,0.5144,True
id_3299,id_3299,0.4991,True
id_3299,id_3299,0.4968,True
id_3299,id_3299,0.5556,True
id_3299,id_3299,0.7421,True
id_3299,id_596,0.3466,False
id_3299,id_3299,0.7407,True
id_3299,id_3299,0.5887,True
id_3320,id_3320,0.4567,True
id_3320,id_3320,0.4398,True
id_3320,id_4956,0.4239,False
id_3320,id_3320,0.4855,True
id_3320,id_2672,0.3924,False
id_3320,id_4789,0.3821,False
id_3320,id_3320,0.4999,True
id_3320,id_414,0.3908,False
id_5896,id_5896,0.6034,True
id_5896,id_5896,0.5778,True
id_5896,id_6278,0.4477,False
id_5896,id_5896,0.5851,True
id_5896,id_5896,0.6514,True
id_5896,id_2726,0.4429,False
id_5896,id_5896,0.4321,True
id_5896,id_5896,0.3801,True
id_5896,id_5896,0.6034,True
id_5896,id_5896,0.4756,True
id_5896,id_1365,0.4437,False
id_5896,id_5896,0.5200,True
id_5896,id_5896,0.5370,True
id_5896,id_5896,0.5112,True
id_2569,id_2569,0.6343,True
id_2569,id_2569,0.4846,True
id_2569,id_7733,0.3266,False
id_2569,id_5128,0.3432,False
id_2569,id_2569,0.5455,True
id_2569,id_3916,0.3892,False
id_2569,id_2569,0.5315,True
id_2569,id_6115,0.3836,False
id_2569,id_2569,0.3895,True
id_2569,id_2569,0.6520,True
id_2569,id_9980,0.3959,False
id_10475,id_7174,0.4689,False
id_10475,id_10475,0.5279,True
id_10475,id_10475,0.6413,True
id_10475,id_1824,0.4383,False
id_10475,id_10475,0.4851,True
id_10475,id_9271,0.4001,False
id_10475,id_6373,0.4241,False
id_1153,id_1153,0.6583,True
id_1153,id_1153,0.5496,True
id_1153,id_1153,0.6012,True
id_1153,id_1153,0.5496,True
id_1153,id_1153,0.5000,True
id_1153,id_1153,0.4494,True
id_1153,id_1153,0.4346,True
id_1153,id_1153,0.5758,True
id_1153,id_10464,0.4210,False
id_1153,id_1153,0.5202,True
id_1153,id_1153,0.4577,True
id_1153,id_9905,0.4416,False
id_1153,id_1153,0.4554,True
id_1153,id_1153,0.7222,True
id_5297,id_9259,0.4051,False
id_5297,id_5297,0.5384,True
id_5297,id_5297,0.4276,True
id_5297,id_7089,0.4311,False
id_5297,id_5297,0.6321,True
id_5297,id_5297,0.5329,True
id_5297,id_7620,0.3993,False
id_4045,id_4045,0.7566,True
id_4045,id_8641,0.4215,False
id_4045,id_4045,0.6185,True
id_4045,id_9881,0.3290,False
id_4045,id_4045,0.6143,True
id_4045,id_4045,0.6646,True
id_4045,id_4045,0.6976,True
id_4045,id_4045,0.6949,True
id_8088,id_8088,0.5650,True
id_8088,id_8088,0.5825,True
id_8088,id_8088,0.7085,True
id_8088,id_8088,0.5439,True
id_8088,id_8088,0.6248,True
id_8088,id_6314,0.4517,False
id_8088,id_8682,0.4707,False
id_8088,id_5080,0.4536,False
id_8088,id_8088,0.6619,True
id_8088,id_8088,0.3737,True
id_8088,id_8088,0.6487,True
id_8088,id_9707,0.3936,False
id_8088,id_8088,0.7340,True
id_8088,id_8088,0.4589,True
id_8088,id_8088,0.7227,True
id_8088,id_8088,0.7430,True
id_8088,id_8088,0.4012,True
id_8088,id_8088,0.5797,True
id_8088,id_8953,0.3214,False
id_8088,id_8088,0.6555,True
id_8088,id_8088,0.5949,True
id_8088,id_8088,0.7465,True
id_8088,id_1722,0.3497,False
id_8088,id_8088,0.6763,True
id_8088,id_9881,0.4452,False
id_8088,id_1722,0.4160,False
id_8088,id_714,0.3287,False
id_8088,id_8088,0.7188,True
id_8088,id_8088,0.7139,True
id_8088,id_8088,0.6167,True
id_9881,id_9881,0.6149,True
id_9881,id_9881,0.4938,True
id_9881,id_10468,0.4437,False
id_9881,id_9881,0.4765,True
id_9881,id_2103,0.5673,False
id_9881,id_9881,0.6058,True
id_9881,id_2103,0.5913,False
id_9881,id_9707,0.4909,False
id_9881,id_9881,0.3730,True
id_9881,id_8641,0.4612,False
id_7282,id_7282,0.5485,True
id_7282,id_7658,0.5655,False
id_7282,id_470,0.3686,False
id_7282,id_7282,0.5484,True
id_7282,id_7282,0.6644,True
id_7282,id_7282,0.5460,True
id_7282,id_7282,0.5050,True
id_7282,id_7282,0.6088,True
id_7282,id_2361,0.5097,False
id_7282,id_7282,0.5341,True
id_7282,id_4726,0.5945,False
id_7282,id_4630,0.3595,False
id_7282,id_7282,0.6011,True
id_4268,id_4268,0.4713,True
id_4268,id_4268,0.6099,True
id_4268,id_4268,0.5174,True
id_4268,id_4268,0.5472,True
id_4268,id_4268,0.4822,True
id_4268,id_4268,0.6096,True
id_4268,id_4268,0.5131,True
id_4268,id_4268,0.4886,True
id_4268,id_4268,0.4566,True
id_4268,id_4268,0.6088,True
id_4268,id_4268,0.3644,True
id_4268,id_4019,0.3597,False
id_834,id_834,0.7382,True
id_834,id_834,0.5606,True
id_834,id_3934,0.4762,False
id_834,id_3735,0.4283,False
id_834,id_834,0.7111,True
id_834,id_65,0.4143,False
id_834,id_834,0.5049,True
id_834,id_9272,0.3724,False
id_834,id_834,0.6299,True
id_834,id_65,0.4824,False
id_834,id_834,0.5651,True
id_834,id_786,0.3702,False
id_834,id_834,0.6730,True
id_834,id_834,0.4686,True
id_834,id_834,0.7132,True
id_834,id_5033,0.5046,False
id_4459,id_5397,0.3631,False
id_4459,id_4459,0.5159,True
id_4459,id_10428,0.4241,False
id_4459,id_252,0.4075,False
id_4459,id_4459,0.5156,True
id_4459,id_4459,0.5854,True
id_4459,id_4459,0.5071,True
id_4459,id_4459,0.4355,True
id_4459,id_4459,0.6319,True
id_4459,id_3936,0.4310,False
id_4459,id_4459,0.4604,True
id_4459,id_4459,0.5330,True
id_4459,id_4459,0.5450,True
id_4459,id_4459,0.6871,True
id_4459,id_4710,0.3049,False
id_4459,id_4459,0.5371,True
id_4459,id_4459,0.4949,True
id_4459,id_4459,0.4896,True
id_4459,id_4459,0.5325,True
id_4459,id_4459,0.5745,True
id_4459,id_4459,0.5587,True
id_4459,id_4459,0.3985,True
id_6556,id_6556,0.4057,True
id_6556,id_6556,0.5336,True
id_6556,id_2881,0.4476,False
id_6556,id_8036,0.4379,False
id_6556,id_6556,0.5211,True
id_6556,id_6556,0.4509,True
id_6556,id_6556,0.5733,True
id_6556,id_9694,0.3147,False
id_6556,id_6556,0.4555,True
id_6556,id_6556,0.5123,True
id_6556,id_5419,0.4213,False
id_6556,id_10288,0.3978,False
id_6556,id_6556,0.5203,True
id_3519,id_3519,0.6189,True
id_3519,id_1400,0.4614,False
id_3519,id_3519,0.5214,True
id_3519,id_3519,0.5397,True
id_3519,id_5206,0.3714,False
id_3519,id_8414,0.3604,False
id_792,id_792,0.5902,True
id_792,id_792,0.6678,True
id_792,id_792,0.4449,True
id_792,id_7123,0.4170,False
id_792,id_2354,0.5067,False
id_792,id_792,0.4093,True
id_792,id_792,0.5841,True
id_792,id_792,0.4378,True
id_792,id_1357,0.3633,False
id_792,id_9351,0.4032,False
id_792,id_792,0.5696,True
id_792,id_5794,0.4437,False
id_792,id_792,0.5146,True
id_4630,id_4630,0.5109,True
id_4630,id_10246,0.4953,False
id_4630,id_9950,0.4576,False
id_4630,id_4630,0.4033,True
id_4630,id_3593,0.3889,False
id_4630,id_4630,0.5248,True
id_4630,id_4630,0.5177,True
id_4630,id_7166,0.4569,False
id_4630,id_4630,0.5030,True
id_4630,id_4630,0.6458,True
id_4630,id_4630,0.5756,True
id_4630,id_7380,0.4664,False
id_4630,id_4630,0.5387,True
id_4630,id_4630,0.5904,True
id_4630,id_4630,0.5509,True
id_4630,id_9794,0.4055,False
id_608,id_4825,0.3810,False
id_608,id_608,0.4965,True
id_608,id_2439,0.4323,False
id_608,id_3794,0.3157,False
id_608,id_608,0.5189,True
id_608,id_8209,0.3180,False
id_608,id_6336,0.3678,False
id_608,id_608,0.2893,True
id_608,id_608,0.3670,True
id_8425,id_8425,0.6262,True
id_8425,id_8425,0.7216,True
id_8425,id_8425,0.5855,True
id_8425,id_8425,0.6186,True
id_8425,id_8425,0.6767,True
id_8425,id_4436,0.4224,False
id_8425,id_8425,0.7258,True
id_8425,id_8425,0.6373,True
id_8425,id_8425,0.7762,True
id_541,id_4359,0.3136,False
id_541,id_9046,0.3284,False
id_541,id_541,0.5745,True
id_541,id_541,0.6420,True
id_541,id_541,0.5467,True
id_541,id_652,0.4107,False
id_541,id_2663,0.3823,False
id_541,id_1755,0.5631,False
id_541,id_541,0.5899,True
id_541,id_4359,0.4811,False
id_541,id_541,0.6891,True
id_541,id_99,0.3187,False
id_541,id_541,0.4962,True
id_541,id_541,0.6221,True
id_541,id_541,0.4577,True
id_541,id_541,0.4768,True
id_541,id_1694,0.4087,False
id_541,id_1755,0.5536,False
id_541,id_541,0.4125,True
id_541,id_541,0.6642,True
id_541,id_541,0.4483,True
id_541,id_541,0.5902,True
id_541,id_541,0.4790,True
id_541,id_1755,0.5160,False
id_541,id_1755,0.3443,False
id_541,id_541,0.4387,True
id_541,id_541,0.5913,True
id_541,id_541,0.5378,True
id_541,id_4542,0.3700,False
id_541,id_541,0.4579,True
id_541,id_1755,0.5995,False
id_541,id_7925,0.3877,False
id_541,id_541,0.6890,True
id_541,id_3497,0.4000,False
id_541,id_414,0.5007,False
id_541,id_541,0.5137,True
id_541,id_541,0.5439,True
id_10136,id_7380,0.3827,False
id_10136,id_10136,0.5345,True
id_10136,id_10136,0.5882,True
id_10136,id_10136,0.4537,True
id_10136,id_10136,0.5133,True
id_10136,id_10136,0.5338,True
id_10136,id_10136,0.4958,True
id_10136,id_10136,0.5310,True
id_10136,id_3207,0.4662,False
id_10136,id_10136,0.5960,True
id_10136,id_10136,0.5467,True
id_10136,id_10136,0.6899,True
id_10136,id_10136,0.5624,True
id_10136,id_10313,0.4044,False
id_10136,id_10136,0.5613,True
id_10136,id_10136,0.5935,True
id_9051,id_9051,0.6012,True
id_9051,id_8977,0.3939,False
id_9051,id_9051,0.5181,True
id_9051,id_9766,0.4838,False
id_9051,id_9051,0.5452,True
id_9051,id_8531,0.4379,False
id_9051,id_9051,0.4740,True
id_9051,id_9051,0.5128,True
id_9051,id_9051,0.4791,True
id_9051,id_9051,0.6367,True
id_9051,id_9051,0.4480,True
id_9051,id_9051,0.4864,True
id_9051,id_9051,0.4970,True
id_9051,id_1884,0.4786,False
id_9051,id_7575,0.5866,False
id_9051,id_9051,0.7208,True
id_9051,id_9806,0.3484,False
id_9051,id_8531,0.4685,False
id_9051,id_9051,0.7695,True
id_9051,id_9051,0.6298,True
id_9051,id_9051,0.5378,True
id_9051,id_9051,0.6853,True
id_9051,id_4956,0.4520,False
id_9051,id_4751,0.5088,False
id_8200,id_9508,0.3641,False
id_8200,id_8200,0.5631,True
id_8200,id_8200,0.6072,True
id_8200,id_8200,0.6230,True
id_8200,id_8200,0.5923,True
id_8200,id_6948,0.3756,False
id_8200,id_8200,0.6805,True
id_8200,id_8200,0.5855,True
id_8200,id_8200,0.6183,True
id_8200,id_8200,0.5086,True
id_8200,id_6667,0.4729,False
id_8200,id_8200,0.5957,True
id_8200,id_9393,0.3398,False
id_8200,id_8200,0.5700,True
id_8200,id_4459,0.4073,False
id_8200,id_8200,0.4231,True
id_8200,id_8200,0.6525,True
id_4907,id_6775,0.4649,False
id_4907,id_4907,0.6121,True
id_4907,id_4907,0.5760,True
id_4907,id_4907,0.7750,True
id_4907,id_3157,0.4641,False
id_4907,id_5232,0.3486,False
id_4907,id_4907,0.4752,True
id_4907,id_4907,0.6270,True
id_4907,id_4907,0.5733,True
id_4907,id_6899,0.4575,False
id_4907,id_649,0.4604,False
id_4907,id_4907,0.5449,True
id_4907,id_4907,0.5717,True
id_4907,id_475,0.2647,False
id_4359,id_3911,0.3690,False
id_4359,id_4359,0.6300,True
id_4359,id_4359,0.5478,True
id_4359,id_3926,0.3760,False
id_4359,id_3926,0.4679,False
id_4359,id_4359,0.4902,True
id_4359,id_4359,0.6196,True
id_4359,id_4359,0.7505,True
id_4359,id_9218,0.3998,False
id_10213,id_10213,0.7891,True
id_10213,id_10213,0.4006,True
id_10213,id_10213,0.6422,True
id_10213,id_10213,0.6097,True
id_10213,id_10213,0.5108,True
id_10213,id_10213,0.7462,True
id_10213,id_10213,0.4505,True
id_10213,id_10213,0.6483,True
id_10213,id_10213,0.8282,True
id_1664,id_1664,0.4659,True
id_1664,id_3589,0.3908,False
id_1664,id_1664,0.4819,True
id_1664,id_1664,0.5978,True
id_1664,id_1664,0.6736,True
id_1664,id_1664,0.5140,True
id_1664,id_1664,0.4455,True
id_1664,id_7389,0.4093,False
id_1664,id_5419,0.3653,False
id_1664,id_1664,0.5891,True
id_1664,id_1664,0.5027,True
id_1664,id_7474,0.4488,False
id_1664,id_1664,0.6676,True
id_1664,id_1664,0.3070,True
id_1664,id_1664,0.7523,True
id_1664,id_1664,0.6911,True
id_1664,id_1664,0.5462,True
id_1664,id_1664,0.6769,True
id_1664,id_1664,0.3651,True
id_1664,id_1664,0.6064,True
id_1664,id_9931,0.3056,False
id_1664,id_1664,0.6015,True
id_1664,id_1664,0.6442,True
id_1664,id_1664,0.4457,True
id_1664,id_7511,0.4541,False
id_1664,id_1664,0.7815,True
id_1664,id_1664,0.6179,True
id_1664,id_1664,0.7435,True
id_1664,id_1664,0.6424,True
id_1664,id_1536,0.4191,False
id_1664,id_1664,0.5398,True
id_1664,id_1664,0.4369,True
id_1664,id_6104,0.3835,False
id_1664,id_10464,0.3552,False
id_1664,id_1664,0.4207,True
id_1664,id_1664,0.7068,True
id_1664,id_1664,0.7244,True
id_1664,id_1664,0.6560,True
id_1664,id_1664,0.6570,True
id_1664,id_1664,0.6523,True
id_1664,id_1664,0.7128,True
id_1664,id_1388,0.3923,False
id_1664,id_1664,0.7002,True
id_1664,id_1664,0.5700,True
id_1664,id_1664,0.4339,True
id_1664,id_1664,0.7297,True
id_1664,id_1664,0.6850,True
id_1664,id_1664,0.7172,True
id_1664,id_2185,0.3867,False
id_1664,id_9517,0.3506,False
id_1664,id_1664,0.5375,True
id_1664,id_1664,0.4468,True
id_1664,id_1664,0.5397,True
id_1664,id_6368,0.3730,False
id_1664,id_1664,0.6467,True
id_1664,id_1664,0.5983,True
id_1664,id_5045,0.3858,False
id_1664,id_1664,0.6154,True
id_1664,id_1664,0.4207,True
id_3787,id_7533,0.3121,False
id_3787,id_6594,0.4281,False
id_3787,id_5422,0.4446,False
id_3787,id_3787,0.3635,True
id_3787,id_3787,0.4439,True
id_3787,id_3787,0.5455,True
id_3787,id_5043,0.3666,False
id_3787,id_3787,0.5236,True
id_3787,id_3787,0.6147,True
id_3787,id_3787,0.4832,True
id_3787,id_3787,0.5292,True
id_3787,id_6030,0.4588,False
id_3787,id_4317,0.4155,False
id_3787,id_3787,0.4103,True
id_3787,id_6363,0.3204,False
id_3787,id_6288,0.4604,False
id_3787,id_3787,0.4713,True
id_3787,id_3787,0.4762,True
id_3787,id_8204,0.4161,False
id_3787,id_3787,0.6501,True
id_3787,id_3787,0.5145,True
id_3787,id_3787,0.6078,True
id_3787,id_5043,0.4694,False
id_3787,id_3787,0.3416,True
id_3787,id_6611,0.3498,False
id_3787,id_3787,0.3817,True
id_3787,id_3787,0.5404,True
id_3787,id_3787,0.7079,True
id_3787,id_3787,0.6426,True
id_3787,id_3787,0.7406,True
id_3787,id_3787,0.4686,True
id_3787,id_3787,0.3685,True
id_7756,id_7756,0.4884,True
id_7756,id_7756,0.6262,True
id_7756,id_7756,0.4984,True
id_7756,id_10518,0.3908,False
id_7756,id_7756,0.4852,True
id_7756,id_7756,0.6302,True
id_7756,id_7756,0.6794,True
id_7756,id_7756,0.5431,True
id_7756,id_7756,0.6369,True
id_7756,id_7756,0.6640,True
id_7756,id_7756,0.6249,True
id_7756,id_7756,0.6927,True
id_7756,id_7756,0.4819,True
id_7756,id_7756,0.6389,True
id_7756,id_7756,0.6089,True
id_7756,id_7756,0.6184,True
id_7756,id_7756,0.5156,True
id_7756,id_7756,0.5232,True
id_7756,id_5206,0.3631,False
id_7756,id_7756,0.6172,True
id_7756,id_9016,0.4502,False
id_7756,id_7756,0.4720,True
id_7756,id_7756,0.5551,True
id_7756,id_7756,0.5734,True
id_7756,id_7756,0.6102,True
id_5128,id_9873,0.3685,False
id_5128,id_365,0.3073,False
id_5128,id_5128,0.7342,True
id_5128,id_5128,0.5121,True
id_5128,id_2008,0.3697,False
id_5128,id_2645,0.3214,False
id_5128,id_5128,0.6180,True
id_5128,id_5128,0.4794,True
id_5128,id_5128,0.5527,True
id_5128,id_5128,0.6687,True
id_5128,id_5128,0.5995,True
id_5128,id_5128,0.6355,True
id_5128,id_5128,0.6765,True
id_5128,id_5251,0.4040,False
id_5128,id_2257,0.3196,False
id_5128,id_5128,0.6041,True
id_5128,id_8204,0.4002,False
id_5128,id_4170,0.3978,False
id_5128,id_5128,0.5339,True
id_5128,id_4059,0.2647,False
id_5128,id_5128,0.5284,True
id_5128,id_5128,0.6463,True
id_6543,id_1750,0.4020,False
id_6543,id_6543,0.4723,True
id_6543,id_6543,0.5530,True
id_6543,id_3257,0.5439,False
id_6543,id_4984,0.4794,False
id_6543,id_10135,0.4576,False
id_6543,id_6543,0.5482,True
id_6543,id_3497,0.4941,False
id_6543,id_4567,0.4594,False
id_4878,id_4878,0.3982,True
id_4878,id_2136,0.3681,False
id_4878,id_4878,0.5245,True
id_4878,id_4878,0.4566,True
id_4878,id_4878,0.4708,True
id_4878,id_4459,0.4849,False
id_4878,id_6523,0.4464,False
id_4878,id_4878,0.2851,True
id_4878,id_4878,0.4357,True
id_6809,id_6809,0.5489,True
id_6809,id_6809,0.7249,True
id_6809,id_6809,0.6631,True
id_6809,id_5011,0.3573,False
id_6809,id_6809,0.6663,True
id_6809,id_6809,0.7137,True
id_6809,id_2646,0.5563,False
id_6809,id_6809,0.5336,True
id_6809,id_6809,0.6638,True
id_6809,id_6809,0.7688,True
id_6809,id_6809,0.4397,True
id_6809,id_6809,0.4450,True
id_6809,id_6809,0.6364,True
id_2726,id_2726,0.3336,True
id_2726,id_9695,0.3889,False
id_2726,id_99,0.4382,False
id_2726,id_3537,0.4069,False
id_2726,id_4984,0.4359,False
id_2726,id_6899,0.3426,False
id_2726,id_2726,0.5476,True
id_2726,id_1884,0.3665,False
id_2726,id_2726,0.5294,True
id_2726,id_4893,0.4398,False
id_2726,id_1888,0.3271,False
id_5794,id_6938,0.3532,False
id_5794,id_6741,0.3287,False
id_5794,id_5794,0.5872,True
id_5794,id_6030,0.2699,False
id_5794,id_6284,0.3872,False
id_5794,id_5794,0.3953,True
id_5794,id_5794,0.4514,True
id_5794,id_5794,0.5360,True
id_5794,id_5794,0.4760,True
id_5794,id_2500,0.3890,False
id_5794,id_7079,0.2961,False
id_5794,id_1381,0.3786,False
id_5794,id_5794,0.5196,True
id_142,id_142,0.6389,True
id_142,id_9840,0.3164,False
id_142,id_142,0.6825,True
id_142,id_142,0.4092,True
id_142,id_142,0.5558,True
id_142,id_793,0.3211,False
id_142,id_8021,0.3435,False
id_142,id_142,0.7003,True
id_142,id_142,0.5125,True
id_142,id_142,0.5017,True
id_142,id_142,0.6746,True
id_142,id_9398,0.4592,False
id_142,id_142,0.6733,True
id_142,id_142,0.6169,True
id_142,id_142,0.6588,True
id_142,id_142,0.6045,True
id_142,id_1226,0.4705,False
id_142,id_142,0.5701,True
id_142,id_528,0.3881,False
id_142,id_142,0.4860,True
id_142,id_142,0.6041,True
id_142,id_2751,0.4923,False
id_142,id_142,0.4375,True
id_142,id_9310,0.3863,False
id_142,id_142,0.7101,True
id_142,id_5251,0.5212,False
id_142,id_652,0.3484,False
id_142,id_1694,0.4575,False
id_1587,id_1587,0.3952,True
id_1587,id_1587,0.4053,True
id_1587,id_1587,0.5736,True
id_1587,id_1587,0.4711,True
id_1587,id_3311,0.5083,False
id_1587,id_1587,0.4058,True
id_1587,id_6115,0.5466,False
id_1587,id_1168,0.3868,False
id_1587,id_1587,0.4664,True
id_1587,id_1168,0.4893,False
id_1587,id_1587,0.5075,True
id_1587,id_8389,0.3940,False
id_1587,id_3866,0.4342,False
id_1587,id_1168,0.3672,False
id_3589,id_5869,0.4277,False
id_3589,id_3589,0.4941,True
id_3589,id_4165,0.3984,False
id_3589,id_3538,0.2177,False
id_3589,id_3589,0.5556,True
id_8970,id_5794,0.3862,False
id_8970,id_8970,0.5687,True
id_8970,id_8970,0.5579,True
id_8970,id_8970,0.4973,True
id_8970,id_8159,0.3569,False
id_8970,id_8970,0.5078,True
id_8970,id_2726,0.4076,False
id_8970,id_4922,0.4730,False
id_8970,id_8531,0.4456,False
id_2801,id_414,0.4513,False
id_2801,id_2801,0.5614,True
id_2801,id_6011,0.4185,False
id_2801,id_505,0.4334,False
id_2801,id_2801,0.5271,True
id_2801,id_2801,0.5583,True
id_2801,id_2801,0.6003,True
id_2801,id_2801,0.6061,True
id_7315,id_7315,0.5844,True
id_7315,id_7315,0.5613,True
id_7315,id_7315,0.5443,True
id_7315,id_2287,0.4091,False
id_7315,id_7315,0.6588,True
id_7315,id_7315,0.5186,True
id_7315,id_6336,0.4023,False
id_7315,id_7315,0.3946,True
id_7315,id_4175,0.4037,False
id_7315,id_7315,0.5870,True
id_7315,id_7315,0.5321,True
id_6623,id_6623,0.6925,True
id_6623,id_6623,0.6965,True
id_6623,id_6623,0.5586,True
id_6623,id_6623,0.7273,True
id_6623,id_6623,0.5966,True
id_6623,id_7350,0.4290,False
id_6623,id_6623,0.7305,True
id_6623,id_6623,0.6937,True
id_6623,id_6623,0.7211,True
id_6623,id_6623,0.4735,True
id_6623,id_6623,0.6507,True
id_6623,id_6623,0.6140,True
id_6623,id_7413,0.4014,False
id_6623,id_1514,0.4619,False
id_6623,id_6623,0.6606,True
id_6623,id_6623,0.6346,True
id_6623,id_6623,0.5992,True
id_6623,id_6623,0.4523,True
id_6623,id_6623,0.5275,True
id_6623,id_496,0.4480,False
id_6623,id_6623,0.7289,True
id_6623,id_6623,0.6094,True
id_4047,id_4047,0.4733,True
id_4047,id_10540,0.3965,False
id_4047,id_4047,0.6837,True
id_4047,id_4047,0.5550,True
id_4047,id_4047,0.4560,True
id_6833,id_3911,0.3252,False
id_6833,id_6833,0.6432,True
id_6833,id_6833,0.6517,True
id_6833,id_6833,0.7409,True
id_6833,id_6833,0.5216,True
id_6833,id_3456,0.3752,False
id_6833,id_6833,0.5623,True
id_6833,id_6833,0.6299,True
id_6833,id_4670,0.4378,False
id_6833,id_6833,0.5602,True
id_6833,id_5794,0.4640,False
id_6833,id_6833,0.7470,True
id_6833,id_6833,0.5824,True
id_6833,id_6833,0.5584,True
id_6833,id_4359,0.4292,False
id_6833,id_6833,0.7396,True
id_6833,id_6833,0.6604,True
id_6833,id_1292,0.4282,False
id_6833,id_6833,0.7375,True
id_6833,id_7079,0.4786,False
id_6833,id_6833,0.7949,True
id_6833,id_6833,0.6122,True
id_6833,id_6560,0.4118,False
id_6833,id_1824,0.2930,False
id_6833,id_6833,0.6537,True
id_6833,id_6833,0.6367,True
id_6833,id_6833,0.5149,True
id_6833,id_2164,0.4808,False
id_6833,id_6833,0.7042,True
id_6833,id_6833,0.6196,True
id_6833,id_6833,0.5261,True
id_6833,id_6833,0.4796,True
id_6833,id_6833,0.6321,True
id_6833,id_6833,0.6261,True
id_6833,id_6833,0.5588,True
id_6833,id_9496,0.3750,False
id_6833,id_3153,0.4677,False
id_6833,id_6833,0.6701,True
id_6833,id_6833,0.5825,True
id_6833,id_6833,0.6886,True
id_6833,id_6833,0.6677,True
id_6833,id_6833,0.6113,True
id_6833,id_6833,0.7272,True
id_6833,id_6833,0.7319,True
id_6833,id_6833,0.4784,True
id_6833,id_4966,0.3276,False
id_6833,id_3153,0.3636,False
id_6833,id_6833,0.7455,True
id_6833,id_6833,0.6853,True
id_6833,id_6833,0.3959,True
id_6833,id_6833,0.6715,True
id_6833,id_6833,0.7288,True
id_6833,id_6833,0.5942,True
id_6833,id_6376,0.4271,False
id_6833,id_6833,0.6547,True
id_6833,id_6833,0.7567,True
id_6833,id_6833,0.7814,True
id_6833,id_9291,0.3173,False
id_1271,id_1271,0.5853,True
id_1271,id_1271,0.6203,True
id_1271,id_4532,0.4186,False
id_1271,id_1271,0.5785,True
id_1271,id_1271,0.5260,True
id_1271,id_1271,0.6722,True
id_1271,id_1271,0.5479,True
id_1723,id_3622,0.4205,False
id_1723,id_1723,0.5777,True
id_1723,id_10152,0.4545,False
id_1723,id_177,0.4463,False
id_1723,id_610,0.3727,False
id_1723,id_10152,0.4830,False
id_1723,id_10514,0.3954,False
id_1723,id_9905,0.5492,False
id_1723,id_7554,0.3198,False
id_9530,id_2149,0.3261,False
id_9530,id_9695,0.4055,False
id_9530,id_10232,0.4390,False
id_9530,id_9171,0.4236,False
id_9530,id_7947,0.3197,False
id_9530,id_2990,0.4586,False
id_9530,id_10079,0.4614,False
id_9530,id_3341,0.4129,False
id_9905,id_10050,0.3204,False
id_9905,id_9905,0.6446,True
id_9905,id_9905,0.6377,True
id_9905,id_9905,0.4094,True
id_9905,id_7403,0.4298,False
id_9905,id_3461,0.3772,False
id_9905,id_9905,0.4866,True
id_9905,id_9259,0.4505,False
id_9905,id_9823,0.3910,False
id_9905,id_9599,0.4235,False
id_9905,id_9905,0.5299,True
id_9905,id_2288,0.3728,False
id_9905,id_9863,0.4542,False
id_9905,id_9905,0.4776,True
id_9905,id_9905,0.5583,True
id_9905,id_9032,0.4160,False
id_9033,id_4317,0.4794,False
id_9033,id_9033,0.6912,True
id_9033,id_9033,0.6514,True
id_9033,id_5472,0.4011,False
id_9033,id_2987,0.3890,False
id_9033,id_6741,0.3672,False
id_9033,id_7474,0.4435,False
id_3593,id_3593,0.4670,True
id_3593,id_3593,0.6517,True
id_3593,id_7474,0.4029,False
id_3593,id_5611,0.4338,False
id_3593,id_3593,0.4910,True
id_3593,id_3593,0.5661,True
id_3593,id_3623,0.4204,False
id_3593,id_8156,0.3654,False
id_3593,id_9555,0.3977,False
id_3593,id_9139,0.3844,False
id_3593,id_3593,0.6846,True
id_3593,id_3593,0.7372,True
id_3593,id_3593,0.4383,True
id_3593,id_3593,0.4738,True
id_3593,id_3593,0.4721,True
id_3593,id_3593,0.5612,True
id_3593,id_3593,0.4305,True
id_3593,id_3593,0.5149,True
id_3593,id_3593,0.6879,True
id_3593,id_5793,0.4793,False
id_3593,id_3593,0.6802,True
id_3593,id_3593,0.5682,True
id_3593,id_3593,0.4865,True
id_3593,id_4138,0.3731,False
id_3593,id_8156,0.3511,False
id_3593,id_3593,0.5413,True
id_3593,id_6568,0.3265,False
id_3593,id_3593,0.5938,True
id_3593,id_3593,0.5063,True
id_3593,id_7582,0.4398,False
id_3593,id_3593,0.6675,True
id_3593,id_3593,0.5293,True
id_3593,id_3593,0.6315,True
id_3593,id_3397,0.3573,False
id_3593,id_3593,0.5150,True
id_7528,id_9044,0.3311,False
id_7528,id_7149,0.3531,False
id_7528,id_2548,0.3887,False
id_7528,id_9960,0.3987,False
id_7528,id_8021,0.3564,False
id_7528,id_9609,0.3489,False
id_7528,id_1532,0.3584,False
id_7528,id_7528,0.6582,True
id_7528,id_7528,0.5342,True
id_7528,id_7528,0.5555,True
id_9419,id_9419,0.7353,True
id_9419,id_1936,0.4326,False
id_9419,id_2478,0.5363,False
id_9419,id_9419,0.6401,True
id_9419,id_9419,0.5499,True
id_9419,id_9419,0.5836,True
id_9419,id_8088,0.4311,False
id_6998,id_7166,0.5606,False
id_6998,id_2645,0.3303,False
id_6998,id_6998,0.5876,True
id_6998,id_6998,0.5762,True
id_6998,id_10246,0.5219,False
id_6998,id_6998,0.5419,True
id_6998,id_6998,0.5218,True
id_6998,id_6998,0.4616,True
id_6998,id_9524,0.4359,False
id_6998,id_6998,0.6456,True
id_8389,id_8389,0.5667,True
id_8389,id_8389,0.6227,True
id_8389,id_8389,0.4702,True
id_8389,id_8389,0.5935,True
id_8389,id_8389,0.5529,True
id_8389,id_8389,0.6951,True
id_8389,id_8389,0.6918,True
id_8389,id_8389,0.6811,True
id_8389,id_8152,0.3498,False
id_8389,id_8389,0.7360,True
id_8389,id_8389,0.5537,True
id_8389,id_8389,0.7261,True
id_8389,id_8389,0.6889,True
id_8389,id_8389,0.4864,True
id_8389,id_8389,0.7331,True
id_8389,id_3341,0.4178,False
id_8389,id_8389,0.6590,True
id_8389,id_9555,0.4312,False
id_8389,id_8389,0.5726,True
id_8389,id_3461,0.4588,False
id_8389,id_8389,0.6110,True
id_8389,id_8389,0.4703,True
id_8389,id_8389,0.4748,True
id_8389,id_8389,0.6059,True
id_8389,id_8389,0.6661,True
id_8389,id_8389,0.6263,True
id_8389,id_8389,0.4294,True
id_8389,id_8389,0.6351,True
id_8389,id_8389,0.7602,True
id_8389,id_8389,0.7703,True
id_8389,id_8389,0.6112,True
id_8389,id_8389,0.5967,True
id_8389,id_8389,0.4410,True
id_8389,id_8389,0.6843,True
id_8389,id_8389,0.6637,True
id_8389,id_8389,0.4977,True
id_8389,id_8389,0.5860,True
id_8389,id_8389,0.5873,True
id_8389,id_8389,0.6429,True
id_8389,id_8389,0.7196,True
id_8389,id_6321,0.3440,False
id_8389,id_8389,0.7441,True
id_8389,id_8389,0.6500,True
id_8389,id_8389,0.5280,True
id_8389,id_8389,0.5195,True
id_8389,id_8389,0.6165,True
id_8389,id_8389,0.3983,True
id_8389,id_8389,0.5677,True
id_8389,id_5419,0.3128,False
id_8389,id_8389,0.5025,True
id_8389,id_8389,0.6415,True
id_8389,id_8389,0.5830,True
id_8389,id_8389,0.7642,True
id_8389,id_8389,0.5205,True
id_8389,id_8380,0.3811,False
id_8389,id_8389,0.6175,True
id_8389,id_8389,0.6107,True
id_520,id_520,0.4429,True
id_520,id_520,0.4173,True
id_520,id_9030,0.5105,False
id_520,id_3942,0.2925,False
id_520,id_520,0.5331,True
id_520,id_9032,0.4552,False
id_520,id_520,0.5497,True
id_520,id_520,0.3854,True
id_520,id_3934,0.5066,False
id_520,id_520,0.6458,True
id_520,id_520,0.6623,True
id_520,id_520,0.5423,True
id_520,id_6313,0.3923,False
id_520,id_520,0.6228,True
id_520,id_8912,0.3458,False
id_3773,id_3773,0.6766,True
id_3773,id_3773,0.6412,True
id_3773,id_3773,0.5747,True
id_3773,id_3773,0.5656,True
id_3773,id_10007,0.2657,False
id_3773,id_1853,0.4858,False
id_3773,id_3773,0.4394,True
id_3773,id_3773,0.6797,True
id_3773,id_3773,0.4274,True
id_1913,id_1913,0.6535,True
id_1913,id_1913,0.5358,True
id_1913,id_1913,0.6418,True
id_1913,id_1913,0.6142,True
id_1913,id_1913,0.5299,True
id_1913,id_1913,0.4110,True
id_1913,id_1913,0.4623,True
id_1913,id_1913,0.7090,True
id_1913,id_1913,0.6375,True
id_1913,id_1913,0.5909,True
id_1913,id_1913,0.4089,True
id_1913,id_1913,0.6793,True
id_1913,id_1913,0.5590,True
id_1913,id_1913,0.5357,True
id_1913,id_3538,0.3439,False
id_1913,id_1913,0.5893,True
id_1913,id_1913,0.4851,True
id_1913,id_1913,0.6734,True
id_1913,id_1913,0.5916,True
id_1913,id_1913,0.5992,True
id_6684,id_6684,0.7832,True
id_6684,id_6684,0.7198,True
id_6684,id_6684,0.5383,True
id_6684,id_6684,0.4030,True
id_6684,id_6684,0.6665,True
id_6684,id_6684,0.7185,True
id_6684,id_7381,0.4094,False
id_6684,id_65,0.5203,False
id_6684,id_6684,0.6759,True
id_1381,id_1381,0.5656,True
id_1381,id_1381,0.5608,True
id_1381,id_1381,0.4437,True
id_1381,id_1381,0.6075,True
id_1381,id_1381,0.6301,True
id_1381,id_1381,0.6047,True
id_1381,id_9288,0.4124,False
id_1381,id_9181,0.4568,False
id_1381,id_1381,0.5606,True
id_1381,id_1381,0.4609,True
id_1381,id_1292,0.4819,False
id_6266,id_9033,0.3943,False
id_6266,id_6266,0.5739,True
id_6266,id_6266,0.6099,True
id_6266,id_6266,0.6911,True
id_6266,id_6266,0.4730,True
id_6266,id_6266,0.6833,True
id_6266,id_6266,0.5750,True
id_6266,id_6266,0.6449,True
id_4835,id_4835,0.5075,True
id_4835,id_4835,0.5856,True
id_4835,id_4835,0.6294,True
id_4835,id_4835,0.6086,True
id_4835,id_4835,0.6613,True
id_4835,id_4835,0.4090,True
id_4835,id_4835,0.3983,True
id_4835,id_1597,0.4676,False
id_4835,id_4835,0.6115,True
id_4835,id_4835,0.5920,True
id_4835,id_4835,0.4583,True
id_4835,id_9988,0.3236,False
id_4835,id_3195,0.2542,False
id_4835,id_3051,0.3592,False
id_4835,id_4835,0.4770,True
id_4835,id_4835,0.6037,True
id_4835,id_4835,0.4976,True
id_4835,id_4835,0.4655,True
id_1571,id_1571,0.4678,True
id_1571,id_1571,0.3894,True
id_1571,id_1571,0.3593,True
id_1571,id_9393,0.2849,False
id_1571,id_3569,0.3929,False
id_1571,id_4433,0.4764,False
id_1571,id_1571,0.5554,True
id_1571,id_7446,0.4222,False
id_1571,id_8414,0.3912,False
id_1571,id_2136,0.3776,False
id_1571,id_4433,0.3681,False
id_1571,id_1571,0.3872,True
id_1571,id_3735,0.3926,False
id_1571,id_1571,0.4915,True
id_5892,id_5892,0.5597,True
id_5892,id_8482,0.3416,False
id_5892,id_5892,0.5940,True
id_5892,id_5892,0.4788,True
id_5892,id_5892,0.5812,True
id_5892,id_5892,0.5241,True
id_5892,id_5892,0.5612,True
id_6775,id_6775,0.6371,True
id_6775,id_6775,0.5365,True
id_6775,id_5212,0.4792,False
id_6775,id_6380,0.4465,False
id_6775,id_6775,0.4365,True
id_6775,id_4710,0.3994,False
id_6775,id_6775,0.5280,True
id_6775,id_6775,0.6447,True
id_6775,id_6213,0.4001,False
id_6775,id_6775,0.5517,True
id_6775,id_2867,0.4546,False
id_7478,id_7478,0.6428,True
id_7478,id_7478,0.7120,True
id_7478,id_7478,0.5587,True
id_7478,id_7478,0.7118,True
id_7478,id_7478,0.6628,True
id_7478,id_7478,0.4080,True
id_7478,id_7478,0.6162,True
id_7478,id_7478,0.6348,True
id_7478,id_7478,0.5459,True
id_7478,id_2751,0.4724,False
id_7478,id_9356,0.4971,False
id_7478,id_7478,0.5669,True
id_7478,id_7478,0.6983,True
id_7478,id_7478,0.6270,True
id_7478,id_7478,0.5639,True
id_7478,id_7478,0.4451,True
id_7478,id_7478,0.4367,True
id_7478,id_3722,0.4703,False
id_7478,id_7478,0.5024,True
id_7478,id_7478,0.6175,True
id_7478,id_7478,0.7373,True
id_7478,id_7478,0.5003,True
id_7478,id_7478,0.7127,True
id_7478,id_7478,0.5949,True
id_7478,id_7478,0.5551,True
id_7478,id_2312,0.4530,False
id_7478,id_7478,0.6898,True
id_7478,id_1722,0.3365,False
id_7478,id_7478,0.6506,True
id_7478,id_7478,0.7576,True
id_7478,id_7478,0.3516,True
id_7478,id_9945,0.4017,False
id_7478,id_7478,0.7292,True
id_3861,id_3861,0.5150,True
id_3861,id_3861,0.3793,True
id_3861,id_3861,0.5239,True
id_3861,id_7484,0.4311,False
id_3861,id_3861,0.5106,True
id_9030,id_9555,0.3396,False
id_9030,id_9030,0.4377,True
id_9030,id_9030,0.4725,True
id_9030,id_9030,0.6853,True
id_9030,id_10482,0.3667,False
id_9030,id_9030,0.6365,True
id_9030,id_6213,0.3529,False
id_9030,id_9030,0.4548,True
id_9030,id_9030,0.5510,True
id_9030,id_6948,0.5049,False
id_9030,id_9030,0.5905,True
id_9030,id_10482,0.3604,False
id_9030,id_3207,0.3960,False
id_9030,id_953,0.4258,False
id_9030,id_9030,0.4582,True
id_9030,id_10515,0.4408,False
id_9030,id_5426,0.3994,False
id_9030,id_8380,0.3888,False
id_5956,id_6506,0.4218,False
id_5956,id_7833,0.3571,False
id_5956,id_2548,0.4285,False
id_5956,id_8417,0.3471,False
id_5956,id_7833,0.5762,False
id_5956,id_5956,0.4847,True
id_5956,id_4463,0.4460,False
id_5956,id_8021,0.4767,False
id_5956,id_10213,0.5002,False
id_5956,id_7174,0.4022,False
id_5956,id_5818,0.4524,False
id_10288,id_4968,0.4418,False
id_10288,id_10288,0.6170,True
id_10288,id_5419,0.3469,False
id_10288,id_10288,0.4812,True
id_10288,id_10288,0.5855,True
id_10288,id_10288,0.4834,True
id_10288,id_10288,0.6493,True
id_10288,id_2670,0.5346,False
id_10288,id_10288,0.5926,True
id_5273,id_5273,0.4654,True
id_5273,id_5273,0.4930,True
id_5273,id_5223,0.4706,False
id_5273,id_7456,0.3366,False
id_5273,id_5273,0.4745,True
id_5273,id_5273,0.4205,True
id_5273,id_5273,0.4604,True
id_5273,id_8362,0.3979,False
id_5273,id_5273,0.5046,True
id_5273,id_5273,0.4907,True
id_5273,id_5273,0.5810,True
id_5273,id_4893,0.3961,False
id_5273,id_5794,0.3968,False
id_5273,id_5273,0.5329,True
id_5273,id_9517,0.3846,False
id_5273,id_5273,0.4205,True
id_5273,id_5273,0.4878,True
id_5273,id_1939,0.5437,False
id_5273,id_8183,0.3812,False
id_5273,id_5273,0.4941,True
id_5273,id_5273,0.5894,True
id_5273,id_5273,0.5521,True
id_5273,id_1884,0.3128,False
id_5273,id_5018,0.4667,False
id_5273,id_5273,0.5169,True
id_5273,id_5273,0.5313,True
id_5273,id_7833,0.3969,False
id_5273,id_4956,0.4109,False
id_5273,id_5273,0.4758,True
id_8610,id_8610,0.5382,True
id_8610,id_8610,0.3705,True
id_8610,id_793,0.3707,False
id_8610,id_346,0.4186,False
id_8610,id_8610,0.3267,True
id_8610,id_8610,0.5608,True
id_8610,id_8036,0.4093,False
id_8610,id_5793,0.4136,False
id_8610,id_8610,0.5599,True
id_8610,id_4751,0.3039,False
id_8610,id_1924,0.3773,False
id_8610,id_8610,0.4935,True
id_8610,id_8610,0.3252,True
id_8610,id_8610,0.5475,True
id_5426,id_5426,0.4512,True
id_5426,id_5818,0.4233,False
id_5426,id_5426,0.5616,True
id_5426,id_5426,0.4291,True
id_5426,id_5426,0.4738,True
id_5426,id_5426,0.6832,True
id_5426,id_5426,0.4695,True
id_5426,id_5426,0.5621,True
id_5426,id_5426,0.3675,True
id_5426,id_5426,0.5517,True
id_5426,id_5426,0.5992,True
id_5426,id_5426,0.6809,True
id_7218,id_7218,0.6607,True
id_7218,id_7218,0.6771,True
id_7218,id_7218,0.7661,True
id_7218,id_7218,0.7743,True
id_7218,id_7218,0.7310,True
id_7218,id_7218,0.5677,True
id_7218,id_7218,0.6752,True
id_7218,id_7218,0.6708,True
id_7218,id_7218,0.7091,True
id_7218,id_7218,0.5896,True
id_7218,id_7218,0.6770,True
id_7218,id_8088,0.3704,False
id_7218,id_7218,0.8053,True
id_7218,id_7218,0.7540,True
id_7218,id_7218,0.5979,True
id_7218,id_7218,0.5847,True
id_7218,id_7218,0.5304,True
id_7218,id_7218,0.5555,True
id_7218,id_7218,0.6851,True
id_7218,id_7218,0.6859,True
id_9018,id_9018,0.4681,True
id_9018,id_864,0.3258,False
id_9018,id_3492,0.3782,False
id_9018,id_4882,0.3617,False
id_1767,id_1767,0.5482,True
id_1767,id_1767,0.6789,True
id_1767,id_1767,0.7261,True
id_1767,id_1767,0.4063,True
id_1767,id_1767,0.6999,True
id_1767,id_5425,0.3789,False
id_1767,id_1767,0.5806,True
id_1767,id_1767,0.5697,True
id_1767,id_1767,0.5378,True
id_1767,id_1767,0.6388,True
id_1767,id_1767,0.7203,True
id_1767,id_1767,0.6672,True
id_1767,id_1767,0.5896,True
id_1767,id_1767,0.6787,True
id_1767,id_1767,0.6451,True
id_1767,id_1767,0.6559,True
id_1767,id_5058,0.5483,False
id_1767,id_1767,0.6829,True
id_1767,id_1767,0.5456,True
id_1767,id_4317,0.4669,False
id_1767,id_1767,0.6503,True
id_1767,id_1767,0.6067,True
id_1767,id_1767,0.7203,True
id_556,id_556,0.5497,True
id_556,id_556,0.5621,True
id_556,id_556,0.6207,True
id_556,id_556,0.6013,True
id_556,id_1939,0.3926,False
id_556,id_4359,0.3727,False
id_556,id_556,0.6086,True
id_556,id_556,0.4842,True
id_556,id_556,0.5180,True
id_556,id_4532,0.4102,False
id_556,id_1897,0.3807,False
id_556,id_556,0.5513,True
id_556,id_1514,0.3758,False
id_556,id_6221,0.3869,False
id_556,id_556,0.5452,True
id_556,id_2008,0.4589,False
id_556,id_556,0.6814,True
id_556,id_556,0.6192,True
id_556,id_556,0.6207,True
id_556,id_8677,0.4506,False
id_556,id_2008,0.5113,False
id_556,id_476,0.4663,False
id_556,id_8604,0.4701,False
id_556,id_556,0.5132,True
id_556,id_556,0.5830,True
id_556,id_1750,0.5012,False
id_556,id_556,0.7011,True
id_556,id_556,0.5169,True
id_7620,id_7620,0.6413,True
id_7620,id_7620,0.5616,True
id_7620,id_8949,0.3339,False
id_7620,id_3623,0.2692,False
id_7620,id_7620,0.3505,True
id_7620,id_7620,0.5157,True
id_7620,id_9431,0.4386,False
id_7620,id_7620,0.7134,True
id_7620,id_3341,0.4282,False
id_342,id_6013,0.4194,False
id_342,id_342,0.5975,True
id_342,id_342,0.6441,True
id_342,id_6033,0.4260,False
id_342,id_342,0.6096,True
id_342,id_342,0.3636,True
id_342,id_342,0.5436,True
id_342,id_2424,0.3956,False
id_342,id_2913,0.4466,False
id_342,id_342,0.5933,True
id_342,id_342,0.5422,True
id_342,id_3831,0.3768,False
id_342,id_1227,0.4157,False
id_342,id_342,0.5176,True
id_342,id_342,0.4472,True
id_342,id_2902,0.4540,False
id_342,id_475,0.3416,False
id_342,id_342,0.7115,True
id_342,id_342,0.6749,True
id_342,id_2358,0.3388,False
id_342,id_342,0.7105,True
id_342,id_342,0.4439,True
id_342,id_4192,0.3317,False
id_342,id_4634,0.3229,False
id_342,id_800,0.2802,False
id_342,id_342,0.6517,True
id_342,id_342,0.6260,True
id_342,id_342,0.5929,True
id_342,id_342,0.7063,True
id_342,id_342,0.5285,True
id_342,id_6422,0.4273,False
id_5154,id_2701,0.4011,False
id_5154,id_753,0.3821,False
id_5154,id_5154,0.6127,True
id_5154,id_1612,0.4012,False
id_5154,id_5154,0.5577,True
id_5154,id_5154,0.6314,True
id_5154,id_9508,0.4194,False
id_5154,id_5520,0.3623,False
id_5154,id_8622,0.3458,False
id_5154,id_5154,0.6244,True
id_7834,id_7834,0.5933,True
id_7834,id_7834,0.4919,True
id_7834,id_3578,0.5578,False
id_7834,id_252,0.2735,False
id_7834,id_3578,0.4226,False
id_7834,id_6042,0.3220,False
id_7834,id_7363,0.4427,False
id_7533,id_10213,0.4210,False
id_7533,id_10079,0.4541,False
id_7533,id_7533,0.4749,True
id_7533,id_8243,0.4391,False
id_7533,id_7533,0.6308,True
id_7533,id_7533,0.6281,True
id_7533,id_9695,0.4168,False
id_7533,id_7533,0.4676,True
id_9310,id_9310,0.7224,True
id_9310,id_10181,0.3548,False
id_9310,id_9310,0.4049,True
id_9310,id_9310,0.6173,True
id_9310,id_7350,0.4387,False
id_9310,id_9310,0.5351,True
id_9310,id_9310,0.7286,True
id_9310,id_9310,0.5992,True
id_3916,id_3257,0.4144,False
id_3916,id_3916,0.6939,True
id_3916,id_3916,0.6692,True
id_3916,id_3916,0.7278,True
id_3916,id_3916,0.7868,True
id_3916,id_3916,0.6731,True
id_3916,id_9619,0.4219,False
id_3916,id_3916,0.7704,True
id_3916,id_3916,0.7370,True
id_3916,id_3916,0.7555,True
id_3916,id_3916,0.4454,True
id_9668,id_9668,0.6044,True
id_9668,id_9668,0.5606,True
id_9668,id_4878,0.3347,False
id_9668,id_9668,0.7595,True
id_9668,id_9668,0.4994,True
id_9668,id_10468,0.4204,False
id_9668,id_9668,0.6658,True
id_9668,id_9668,0.6502,True
id_9668,id_9668,0.7246,True
id_9668,id_3750,0.5299,False
id_9668,id_9668,0.4894,True
id_9668,id_5064,0.4487,False
id_2646,id_2646,0.6134,True
id_2646,id_2646,0.5297,True
id_2646,id_2646,0.5181,True
id_2646,id_2646,0.5252,True
id_2646,id_9427,0.2351,False
id_2646,id_2369,0.3418,False
id_2646,id_2646,0.4046,True
id_2646,id_5232,0.3369,False
id_2646,id_4835,0.4400,False
id_2646,id_2646,0.7329,True
id_2646,id_4878,0.3990,False
id_2646,id_2646,0.4417,True
id_2646,id_2646,0.7389,True
id_2646,id_2646,0.5617,True
id_2646,id_2646,0.6800,True
id_2646,id_2646,0.5662,True
id_2646,id_2646,0.7059,True
id_2646,id_2646,0.7041,True
id_2646,id_2646,0.6287,True
id_2646,id_2646,0.6013,True
id_2646,id_2646,0.4310,True
id_2646,id_2646,0.5836,True
id_2646,id_2646,0.4819,True
id_2646,id_2646,0.4551,True
id_2646,id_2646,0.5397,True
id_2646,id_2646,0.6337,True
id_2646,id_1434,0.4889,False
id_2646,id_2646,0.5986,True
id_2646,id_5033,0.4686,False
id_2646,id_2646,0.5981,True
id_2646,id_2646,0.6621,True
id_2646,id_10232,0.4357,False
id_2646,id_2646,0.6853,True
id_2646,id_2646,0.5823,True
id_2646,id_2646,0.7523,True
id_2646,id_2646,0.4923,True
id_2646,id_2646,0.6053,True
id_2646,id_2646,0.7152,True
id_2646,id_2646,0.6709,True
id_2646,id_2646,0.6854,True
id_2646,id_2646,0.6232,True
id_2646,id_2646,0.7416,True
id_2646,id_3866,0.3690,False
id_2646,id_2646,0.6364,True
id_2646,id_3159,0.3191,False
id_2646,id_2646,0.6517,True
id_2646,id_2646,0.7223,True
id_2646,id_5033,0.5617,False
id_2646,id_649,0.3742,False
id_2646,id_2646,0.6793,True
id_2646,id_2646,0.6704,True
id_2646,id_2646,0.4307,True
id_2646,id_2646,0.3859,True
id_2646,id_2424,0.3660,False
id_2646,id_5895,0.3961,False
id_2646,id_2646,0.4269,True
id_2646,id_2646,0.6729,True
id_2646,id_2646,0.5878,True
id_2646,id_2646,0.4784,True
id_2646,id_2646,0.7119,True
id_2646,id_720,0.4622,False
id_2646,id_2646,0.7631,True
id_2646,id_2646,0.6532,True
id_2646,id_3415,0.3634,False
id_2646,id_2646,0.7227,True
id_2646,id_2646,0.5988,True
id_2646,id_6266,0.4741,False
id_2646,id_6218,0.4123,False
id_2646,id_2646,0.6677,True
id_2646,id_2646,0.7685,True
id_2646,id_2646,0.7225,True
id_2646,id_2646,0.5275,True
id_2646,id_2646,0.5052,True
id_2646,id_5951,0.4551,False
id_2646,id_2646,0.7301,True
id_2646,id_2646,0.6916,True
id_2646,id_2646,0.7472,True
id_2646,id_2646,0.5690,True
id_2646,id_2646,0.5405,True
id_2646,id_2646,0.5152,True
id_2646,id_2646,0.5177,True
id_2646,id_2646,0.4426,True
id_2646,id_2646,0.5906,True
id_2646,id_2646,0.6049,True
id_2646,id_2646,0.5834,True
id_2646,id_1535,0.4052,False
id_2646,id_2646,0.5740,True
id_2646,id_2646,0.5364,True
id_2646,id_2646,0.5570,True
id_2646,id_2646,0.6397,True
id_2646,id_2646,0.7513,True
id_2646,id_2646,0.5451,True
id_2646,id_4530,0.3859,False
id_2646,id_2646,0.4197,True
id_2646,id_2646,0.7627,True
id_2646,id_4492,0.4519,False
id_2646,id_8883,0.3797,False
id_2646,id_6560,0.4708,False
id_2646,id_9379,0.5222,False
id_2646,id_9016,0.4321,False
id_2646,id_2646,0.6410,True
id_2646,id_2646,0.7645,True
id_2646,id_2646,0.5325,True
id_2646,id_2646,0.5626,True
id_2646,id_2646,0.3398,True
id_2646,id_1597,0.4138,False
id_2646,id_3866,0.3855,False
id_2646,id_2646,0.2955,True
id_2646,id_2646,0.6504,True
id_2646,id_2646,0.6400,True
id_2646,id_2646,0.6773,True
id_2646,id_2646,0.7093,True
id_2646,id_2646,0.5214,True
id_2646,id_2646,0.5462,True
id_2646,id_7709,0.3467,False
id_2646,id_2369,0.3464,False
id_2646,id_2646,0.4067,True
id_2646,id_2646,0.3872,True
id_2646,id_2646,0.5269,True
id_2646,id_2646,0.3888,True
id_2646,id_3735,0.4101,False
id_2646,id_2867,0.3557,False
id_2646,id_2646,0.6713,True
id_2646,id_8627,0.4954,False
id_2646,id_2646,0.6426,True
id_2646,id_5013,0.4874,False
id_2646,id_2646,0.5384,True
id_2646,id_2646,0.5338,True
id_2646,id_2646,0.7056,True
id_2646,id_2646,0.5311,True
id_2646,id_2646,0.6046,True
id_2646,id_2646,0.7240,True
id_2646,id_2646,0.6322,True
id_2646,id_2646,0.5200,True
id_2646,id_2646,0.5493,True
id_2646,id_5423,0.4424,False
id_2646,id_2646,0.5376,True
id_2646,id_2646,0.7411,True
id_2646,id_2646,0.6711,True
id_2646,id_3792,0.2974,False
id_2646,id_2867,0.4934,False
id_2646,id_2646,0.6821,True
id_2646,id_2646,0.6490,True
id_2646,id_2646,0.5582,True
id_2646,id_3792,0.3119,False
id_2646,id_2646,0.6218,True
id_2646,id_2646,0.7137,True
id_2646,id_2646,0.5765,True
id_7952,id_9032,0.4167,False
id_7952,id_3578,0.3814,False
id_7952,id_7363,0.3710,False
id_7952,id_4715,0.4183,False
id_7952,id_3934,0.3849,False
id_7952,id_5209,0.3706,False
id_1712,id_1712,0.5857,True
id_1712,id_1897,0.4867,False
id_1712,id_1712,0.7483,True
id_1712,id_1712,0.4927,True
id_1712,id_1712,0.5869,True
id_1712,id_1712,0.5199,True
id_1712,id_1712,0.6573,True
id_1712,id_1712,0.5185,True
id_2832,id_5687,0.4391,False
id_2832,id_2832,0.5335,True
id_2832,id_2832,0.6330,True
id_2832,id_261,0.4088,False
id_2832,id_2832,0.5765,True
id_2832,id_261,0.3727,False
id_2832,id_9230,0.3577,False
id_2832,id_2832,0.4181,True
id_2832,id_5548,0.4323,False
id_2832,id_5080,0.3429,False
id_2832,id_2832,0.5417,True
id_701,id_701,0.6621,True
id_701,id_701,0.6579,True
id_701,id_1047,0.4474,False
id_701,id_9946,0.3910,False
id_701,id_4258,0.3259,False
id_701,id_6543,0.4305,False
id_701,id_701,0.5192,True
id_701,id_701,0.6649,True
id_1952,id_1952,0.4811,True
id_1952,id_1952,0.4832,True
id_1952,id_1952,0.4980,True
id_1952,id_1952,0.6096,True
id_1952,id_1952,0.3842,True
id_1952,id_1952,0.4373,True
id_1952,id_1952,0.5054,True
id_1952,id_1952,0.5778,True
id_1952,id_1952,0.4221,True
id_1952,id_168,0.3320,False
id_1952,id_1952,0.5976,True
id_1952,id_1952,0.5728,True
id_1952,id_1952,0.7092,True
id_1952,id_1952,0.5827,True
id_1952,id_652,0.3923,False
id_1952,id_1952,0.6788,True
id_1952,id_1952,0.6363,True
id_1952,id_1952,0.5618,True
id_1952,id_1952,0.5868,True
id_1952,id_1952,0.6196,True
id_9816,id_9816,0.4614,True
id_9816,id_9816,0.6720,True
id_9816,id_6611,0.3558,False
id_9816,id_9816,0.6530,True
id_9816,id_9816,0.6305,True
id_9816,id_8547,0.5498,False
id_9816,id_3902,0.3655,False
id_9816,id_9816,0.7366,True
id_9816,id_9816,0.6469,True
id_9816,id_9960,0.3550,False
id_9816,id_9816,0.5651,True
id_9816,id_9816,0.6645,True
id_9816,id_9816,0.6207,True
id_9816,id_1312,0.2857,False
id_9816,id_9816,0.6332,True
id_7947,id_7947,0.7656,True
id_7947,id_7947,0.4980,True
id_7947,id_7947,0.5629,True
id_7947,id_1750,0.4403,False
id_7947,id_7947,0.6860,True
id_7947,id_2802,0.3153,False
id_7947,id_7947,0.7670,True
id_7947,id_7947,0.7067,True
id_1888,id_1888,0.4768,True
id_1888,id_6731,0.4451,False
id_1888,id_1888,0.4031,True
id_1888,id_8531,0.4587,False
id_1888,id_8986,0.4626,False
id_1888,id_7270,0.4741,False
id_1888,id_8531,0.3624,False
id_1888,id_4801,0.4358,False
id_1888,id_1888,0.5330,True
id_1888,id_6506,0.4711,False
id_1888,id_800,0.4371,False
id_1888,id_6218,0.4143,False
id_1888,id_1888,0.4108,True
id_1888,id_1888,0.5315,True
id_1888,id_6731,0.3529,False
id_1888,id_9753,0.4732,False
id_1888,id_9096,0.5198,False
id_1888,id_4670,0.4242,False
id_1888,id_8169,0.3852,False
id_1888,id_1888,0.4671,True
id_1888,id_1888,0.4386,True
id_1888,id_1888,0.4989,True
id_1888,id_1888,0.3601,True
id_1888,id_8470,0.4418,False
id_1888,id_873,0.3310,False
id_1888,id_1888,0.4241,True
id_1888,id_1888,0.4678,True
id_1888,id_1888,0.5719,True
id_1888,id_4323,0.4591,False
id_1888,id_1888,0.4363,True
id_5423,id_5423,0.4658,True
id_5423,id_5423,0.6437,True
id_5423,id_5423,0.4523,True
id_5423,id_3289,0.3209,False
id_5423,id_5423,0.6748,True
id_5423,id_10048,0.5514,False
id_5423,id_5423,0.6890,True
id_5423,id_5423,0.4982,True
id_5423,id_5423,0.6965,True
id_5423,id_5423,0.6402,True
id_5423,id_5423,0.7158,True
id_5423,id_5423,0.7290,True
id_5423,id_5423,0.6257,True
id_5423,id_5423,0.6437,True
id_5423,id_5896,0.3925,False
id_5423,id_5423,0.4560,True
id_5726,id_5726,0.5534,True
id_5726,id_5486,0.3389,False
id_5726,id_5726,0.4353,True
id_5726,id_2546,0.3139,False
id_5726,id_5726,0.6425,True
id_5726,id_5726,0.5765,True
id_5726,id_5726,0.4841,True
id_5726,id_5726,0.7322,True
id_5726,id_5726,0.6248,True
id_5726,id_2646,0.4778,False
id_5726,id_5726,0.3978,True
id_5726,id_5726,0.6176,True
id_5726,id_5726,0.5713,True
id_5726,id_7363,0.2721,False
id_5726,id_5726,0.5972,True
id_5726,id_5726,0.5938,True
id_5726,id_9555,0.4817,False
id_5726,id_5726,0.6159,True
id_5726,id_5726,0.5802,True
id_5726,id_5726,0.5378,True
id_5726,id_6648,0.3795,False
id_5726,id_5726,0.5999,True
id_5726,id_5726,0.6662,True
id_5726,id_5726,0.4884,True
id_5726,id_5486,0.3464,False
id_5726,id_5818,0.3954,False
id_5726,id_5740,0.3335,False
id_5726,id_5726,0.5032,True
id_5726,id_5726,0.4218,True
id_5726,id_5726,0.5053,True
id_5726,id_5726,0.6173,True
id_5726,id_5726,0.5333,True
id_5726,id_5793,0.3593,False
id_5726,id_5726,0.7152,True
id_5726,id_5726,0.4041,True
id_5726,id_5726,0.6473,True
id_5726,id_5726,0.4320,True
id_5726,id_3341,0.3865,False
id_5726,id_5726,0.6283,True
id_5726,id_8301,0.3592,False
id_6319,id_6319,0.5339,True
id_6319,id_6319,0.5124,True
id_6319,id_2478,0.3971,False
id_6319,id_10541,0.3355,False
id_6319,id_6319,0.5119,True
id_6319,id_6319,0.5857,True
id_6319,id_6319,0.5617,True
id_6319,id_6319,0.3851,True
id_6319,id_6566,0.3571,False
id_6319,id_6319,0.3485,True
id_10422,id_10422,0.6158,True
id_10422,id_10422,0.7908,True
id_10422,id_7367,0.4811,False
id_10422,id_10422,0.8209,True
id_10422,id_10422,0.5852,True
id_10422,id_10422,0.7820,True
id_10422,id_10422,0.7944,True
id_10422,id_10422,0.7142,True
id_10422,id_10422,0.8213,True
id_10422,id_10422,0.6416,True
id_10422,id_10422,0.4162,True
id_10422,id_10422,0.6543,True
id_10422,id_7456,0.4689,False
id_10422,id_10422,0.8141,True
id_3758,id_3758,0.6867,True
id_3758,id_3758,0.6957,True
id_3758,id_4450,0.3461,False
id_3758,id_3758,0.7338,True
id_3758,id_3758,0.4862,True
id_3758,id_8428,0.4354,False
id_3758,id_3758,0.4449,True
id_3758,id_3758,0.5880,True
id_3758,id_3758,0.7106,True
id_3758,id_7834,0.3815,False
id_3758,id_3758,0.5905,True
id_3758,id_2670,0.4599,False
id_3758,id_9980,0.2963,False
id_3758,id_3758,0.6173,True
id_3758,id_3758,0.6605,True
id_3758,id_3758,0.6009,True
id_3758,id_3758,0.6018,True
id_3758,id_3129,0.3714,False
id_3758,id_3758,0.7403,True
id_3758,id_3758,0.4886,True
id_3758,id_3758,0.4588,True
id_3758,id_97,0.3062,False
id_3758,id_10511,0.3316,False
id_3758,id_3758,0.6828,True
id_3758,id_6934,0.3490,False
id_3758,id_3506,0.4850,False
id_3758,id_3758,0.6802,True
id_3758,id_3758,0.5593,True
id_3758,id_10541,0.3049,False
id_3758,id_3758,0.5965,True
id_3758,id_6013,0.4435,False
id_3758,id_3758,0.4194,True
id_3758,id_2645,0.4412,False
id_3758,id_4317,0.4425,False
id_3758,id_6245,0.4068,False
id_3758,id_3758,0.4813,True
id_3758,id_3758,0.6441,True
id_3758,id_3758,0.5071,True
id_3758,id_3758,0.6481,True
id_3758,id_3758,0.5227,True
id_3758,id_1350,0.4115,False
id_3758,id_3758,0.6657,True
id_3758,id_3758,0.5644,True
id_3758,id_3758,0.7084,True
id_6284,id_7451,0.4175,False
id_6284,id_6284,0.5385,True
id_6284,id_8301,0.2747,False
id_6284,id_6284,0.5470,True
id_6284,id_6284,0.5822,True
id_6284,id_1952,0.3276,False
id_6284,id_4855,0.3778,False
id_6284,id_8866,0.3565,False
id_6284,id_4317,0.3698,False
id_6284,id_4436,0.3309,False
id_6284,id_6284,0.6207,True
id_6284,id_7967,0.4804,False
id_6284,id_6284,0.5190,True
id_6284,id_6284,0.5089,True
id_6284,id_6284,0.4894,True
id_6284,id_7968,0.3261,False
id_6284,id_6543,0.3325,False
id_6284,id_6284,0.6615,True
id_6284,id_6284,0.5787,True
id_6284,id_6284,0.6072,True
id_6284,id_6284,0.3736,True
id_6284,id_3497,0.3608,False
id_6284,id_1155,0.4194,False
id_6284,id_4009,0.4018,False
id_6284,id_6284,0.4041,True
id_6284,id_6284,0.3968,True
id_6284,id_1357,0.3817,False
id_6284,id_6284,0.4363,True
id_6284,id_6284,0.5876,True
id_6284,id_5999,0.4413,False
id_6284,id_10482,0.5158,False
id_6284,id_6284,0.4469,True
id_6284,id_6284,0.6720,True
id_6284,id_6284,0.5088,True
id_6284,id_6284,0.6090,True
id_6284,id_10507,0.3204,False
id_6284,id_3503,0.3091,False
id_6284,id_6284,0.5979,True
id_6284,id_6284,0.5234,True
id_6284,id_1939,0.4277,False
id_6284,id_6284,0.5639,True
id_6284,id_1001,0.3552,False
id_6284,id_6284,0.5986,True
id_6284,id_6284,0.5107,True
id_6284,id_5422,0.3650,False
id_6284,id_6284,0.5216,True
id_6284,id_475,0.4365,False
id_6284,id_886,0.4106,False
id_6284,id_6284,0.6847,True
id_6284,id_1001,0.4325,False
id_6284,id_8472,0.3275,False
id_6284,id_99,0.3757,False
id_6284,id_6284,0.4158,True
id_6284,id_6284,0.6043,True
id_6284,id_6284,0.4916,True
id_6284,id_6284,0.5155,True
id_6284,id_7079,0.2928,False
id_6284,id_6284,0.6119,True
id_6284,id_5549,0.2432,False
id_6284,id_6284,0.5687,True
id_6284,id_1924,0.4074,False
id_6284,id_1514,0.3459,False
id_6284,id_6284,0.4626,True
id_6284,id_4984,0.3909,False
id_6284,id_6284,0.4260,True
id_6284,id_6284,0.5549,True
id_6284,id_6284,0.4933,True
id_6284,id_6284,0.6311,True
id_6284,id_6284,0.4234,True
id_6284,id_6284,0.4147,True
id_6284,id_3350,0.3799,False
id_6284,id_1843,0.2861,False
id_6284,id_1020,0.3145,False
id_6284,id_4819,0.2982,False
id_6284,id_5836,0.2768,False
id_6284,id_6890,0.4110,False
id_6284,id_3153,0.5488,False
id_6284,id_2500,0.3415,False
id_6284,id_6284,0.5874,True
id_6284,id_7451,0.5107,False
id_6284,id_6284,0.3695,True
id_6284,id_1393,0.4139,False
id_6284,id_7451,0.4759,False
id_6284,id_7484,0.2993,False
id_6284,id_2947,0.3170,False
id_6284,id_1760,0.3789,False
id_6284,id_6284,0.5034,True
id_6284,id_9288,0.4393,False
id_6284,id_6284,0.4196,True
id_6284,id_6284,0.5718,True
id_6284,id_6284,0.4601,True
id_6284,id_6284,0.5261,True
id_6284,id_6284,0.5584,True
id_6284,id_6284,0.6189,True
id_6284,id_6284,0.6305,True
id_6284,id_6284,0.5014,True
id_6284,id_6284,0.4057,True
id_6284,id_6284,0.3557,True
id_6284,id_6890,0.3641,False
id_6284,id_4630,0.3706,False
id_6284,id_6284,0.4615,True
id_6284,id_7149,0.2440,False
id_6284,id_6350,0.3669,False
id_6284,id_10506,0.3718,False
id_6284,id_6284,0.4994,True
id_6284,id_7079,0.4952,False
id_6284,id_1020,0.4563,False
id_6284,id_6284,0.6856,True
id_6284,id_6284,0.3901,True
id_6284,id_6466,0.3791,False
id_6284,id_6284,0.6230,True
id_6284,id_5080,0.4336,False
id_6284,id_6284,0.5240,True
id_6284,id_6284,0.5761,True
id_6284,id_6284,0.4456,True
id_6284,id_6284,0.5671,True
id_6284,id_6284,0.4674,True
id_6284,id_1268,0.3194,False
id_6284,id_6284,0.5742,True
id_6284,id_8036,0.3751,False
id_6284,id_10482,0.3526,False
id_6284,id_9530,0.4208,False
id_6284,id_2832,0.4274,False
id_6284,id_6284,0.6139,True
id_6284,id_6284,0.5759,True
id_6284,id_9351,0.4233,False
id_6284,id_6284,0.5540,True
id_6284,id_3016,0.3979,False
id_6284,id_1824,0.2971,False
id_3492,id_3492,0.6314,True
id_3492,id_3492,0.5235,True
id_3492,id_3492,0.6269,True
id_3492,id_3492,0.5085,True
id_3492,id_3492,0.6632,True
id_3492,id_1824,0.4489,False
id_3492,id_3492,0.6010,True
id_3492,id_3492,0.6765,True
id_3492,id_3492,0.6589,True
id_497,id_497,0.5457,True
id_497,id_497,0.6828,True
id_497,id_497,0.6408,True
id_497,id_497,0.6426,True
id_497,id_497,0.7144,True
id_497,id_497,0.6038,True
id_497,id_497,0.3945,True
id_497,id_497,0.6726,True
id_497,id_497,0.5298,True
id_497,id_497,0.6751,True
id_497,id_497,0.6358,True
id_497,id_497,0.5997,True
id_497,id_497,0.6967,True
id_497,id_497,0.3895,True
id_497,id_497,0.6954,True
id_497,id_497,0.6567,True
id_497,id_497,0.7976,True
id_497,id_497,0.6280,True
id_497,id_497,0.7703,True
id_497,id_497,0.6805,True
id_497,id_497,0.5769,True
id_497,id_497,0.6205,True
id_497,id_497,0.6179,True
id_497,id_1400,0.3474,False
id_497,id_497,0.5191,True
id_497,id_497,0.7023,True
id_497,id_497,0.6882,True
id_497,id_497,0.6846,True
id_497,id_497,0.6246,True
id_497,id_497,0.6783,True
id_497,id_5951,0.3639,False
id_497,id_497,0.4537,True
id_497,id_497,0.4823,True
id_497,id_497,0.4597,True
id_497,id_497,0.6985,True
id_497,id_497,0.6337,True
id_497,id_497,0.5929,True
id_497,id_497,0.5088,True
id_497,id_497,0.6327,True
id_497,id_9716,0.4428,False
id_497,id_497,0.4841,True
id_5711,id_5711,0.6375,True
id_5711,id_5711,0.6553,True
id_5711,id_2902,0.4539,False
id_5711,id_5711,0.5630,True
id_5711,id_5711,0.5927,True
id_5711,id_5711,0.5639,True
id_5711,id_5711,0.6247,True
id_5711,id_5711,0.6164,True
id_5711,id_5711,0.6085,True
id_5711,id_1262,0.4305,False
id_5711,id_5711,0.4500,True
id_5711,id_5711,0.6222,True
id_2580,id_2580,0.6484,True
id_2580,id_2580,0.5171,True
id_2580,id_2580,0.2804,True
id_2580,id_6667,0.4409,False
id_2580,id_6380,0.4701,False
id_2580,id_2134,0.3922,False
id_2580,id_2580,0.7000,True
id_2580,id_2580,0.4628,True
id_2580,id_2580,0.6448,True
id_2580,id_2580,0.6275,True
id_2580,id_9470,0.3895,False
id_2580,id_8423,0.4158,False
id_2580,id_2580,0.6494,True
id_2580,id_2580,0.7008,True
id_2580,id_2580,0.5235,True
id_2580,id_2134,0.4566,False
id_2580,id_2580,0.6696,True
id_2580,id_2580,0.3987,True
id_2580,id_2580,0.5862,True
id_2580,id_2580,0.5559,True
id_2580,id_2580,0.4148,True
id_2580,id_5956,0.4134,False
id_2580,id_2580,0.4149,True
id_2580,id_2580,0.5395,True
id_2580,id_540,0.3982,False
id_8204,id_8204,0.6322,True
id_8204,id_8204,0.6616,True
id_8204,id_8204,0.7149,True
id_8204,id_8204,0.5444,True
id_8204,id_8204,0.5260,True
id_8204,id_4192,0.4872,False
id_8204,id_8204,0.6864,True
id_8204,id_6241,0.4550,False
id_8204,id_8204,0.6580,True
id_8204,id_7385,0.4174,False
id_8204,id_8204,0.6716,True
id_8204,id_8204,0.5056,True
id_8204,id_8204,0.4650,True
id_8204,id_5988,0.4453,False
id_8204,id_873,0.4511,False
id_8204,id_8204,0.4018,True
id_8204,id_8204,0.4462,True
id_8204,id_9271,0.4065,False
id_2435,id_4222,0.3991,False
id_2435,id_2435,0.5471,True
id_2435,id_792,0.4906,False
id_2435,id_2435,0.6668,True
id_2435,id_2435,0.4617,True
id_2435,id_2361,0.4331,False
id_2435,id_2435,0.4683,True
id_2435,id_264,0.4071,False
id_2435,id_1824,0.3975,False
id_2435,id_3051,0.3355,False
id_2435,id_2435,0.6734,True
id_2435,id_2358,0.4781,False
id_2435,id_2435,0.6250,True
id_2435,id_2435,0.4613,True
id_2435,id_248,0.3981,False
id_2435,id_2435,0.6402,True
id_2435,id_2435,0.5460,True
id_2435,id_2435,0.4399,True
id_2435,id_8622,0.4970,False
id_2435,id_2985,0.5002,False
id_2435,id_2435,0.5308,True
id_2435,id_2435,0.5771,True
id_2435,id_2435,0.6321,True
id_2435,id_2435,0.5794,True
id_2435,id_2361,0.4930,False
id_2435,id_2435,0.5622,True
id_2435,id_2435,0.5392,True
id_2435,id_2435,0.5565,True
id_2435,id_4716,0.4840,False
id_2435,id_446,0.3968,False
id_2435,id_2435,0.5294,True
id_2435,id_2435,0.3113,True
id_2435,id_4047,0.4103,False
id_2435,id_10246,0.4314,False
id_2435,id_2435,0.6038,True
id_2435,id_4086,0.3869,False
id_2435,id_2435,0.6381,True
id_2435,id_2358,0.5338,False
id_2435,id_2435,0.5423,True
id_2435,id_8613,0.3915,False
id_2435,id_2435,0.4852,True
id_2435,id_2435,0.5691,True
id_2435,id_2867,0.4487,False
id_2435,id_2435,0.5092,True
id_2435,id_2435,0.4889,True
id_2435,id_287,0.3789,False
id_2435,id_2435,0.5711,True
id_2435,id_2435,0.5898,True
id_2435,id_2435,0.5687,True
id_2435,id_2435,0.5658,True
id_2435,id_3497,0.4908,False
id_1096,id_1096,0.5435,True
id_1096,id_1096,0.6997,True
id_1096,id_5934,0.4183,False
id_1096,id_1096,0.6511,True
id_1096,id_9398,0.4115,False
id_1096,id_1096,0.5580,True
id_1096,id_1843,0.4458,False
id_1096,id_1096,0.5560,True
id_1096,id_1096,0.4692,True
id_1096,id_1096,0.7644,True
id_1096,id_1897,0.4931,False
id_1096,id_1096,0.4604,True
id_1096,id_1096,0.7534,True
id_1096,id_1096,0.6133,True
id_1096,id_1096,0.6900,True
id_1096,id_1096,0.5988,True
id_1096,id_5956,0.4890,False
id_1096,id_5988,0.4676,False
id_1096,id_1096,0.6362,True
id_1096,id_1843,0.3353,False
id_1096,id_1096,0.5020,True
id_1096,id_1096,0.5721,True
id_1096,id_1096,0.8110,True
id_7235,id_7235,0.5236,True
id_7235,id_5297,0.4172,False
id_7235,id_7235,0.5119,True
id_7235,id_2065,0.4431,False
id_7235,id_7235,0.6069,True
id_7235,id_7235,0.5423,True
id_7235,id_7235,0.5643,True
id_7235,id_4749,0.3504,False
id_7235,id_7235,0.4621,True
id_1760,id_4379,0.3976,False
id_1760,id_3916,0.4049,False
id_1760,id_1765,0.3873,False
id_1760,id_3936,0.3463,False
id_1760,id_1760,0.5048,True
id_1760,id_3936,0.4354,False
id_1760,id_4118,0.4003,False
id_1760,id_1760,0.5497,True
id_1760,id_3519,0.4027,False
id_1760,id_1760,0.4611,True
id_1760,id_3866,0.2908,False
id_1760,id_27,0.4693,False
id_10383,id_10383,0.3070,True
id_10383,id_10383,0.4795,True
id_10383,id_8380,0.3955,False
id_10383,id_8975,0.3663,False
id_10383,id_10383,0.6093,True
id_10383,id_10383,0.6096,True
id_10383,id_10383,0.4718,True
id_10383,id_2307,0.3324,False
id_10383,id_9517,0.4530,False
id_10383,id_10383,0.5052,True
id_10383,id_10383,0.5187,True
id_10383,id_10383,0.5644,True
id_10383,id_9271,0.4503,False
id_10383,id_10383,0.4942,True
id_10383,id_9598,0.3685,False
id_4175,id_4175,0.4978,True
id_4175,id_4175,0.6483,True
id_4175,id_4175,0.4760,True
id_4175,id_4175,0.7043,True
id_4175,id_4175,0.6398,True
id_4175,id_10152,0.3597,False
id_4175,id_4165,0.3895,False
id_4175,id_4175,0.7349,True
id_4175,id_4175,0.5390,True
id_9840,id_9840,0.5407,True
id_9840,id_9840,0.5430,True
id_9840,id_9840,0.5559,True
id_9840,id_9840,0.6153,True
id_9840,id_5687,0.4792,False
id_9840,id_9840,0.5846,True
id_9840,id_5273,0.4008,False
id_9840,id_9840,0.6272,True
id_9840,id_7451,0.4317,False
id_9840,id_9840,0.5353,True
id_9840,id_9840,0.5876,True
id_9840,id_9840,0.3883,True
id_9840,id_9840,0.3942,True
id_9840,id_9840,0.5607,True
id_9840,id_9840,0.6392,True
id_9840,id_9840,0.4319,True
id_9840,id_9840,0.4941,True
id_9840,id_9840,0.6546,True
id_9840,id_9840,0.6484,True
id_6817,id_3589,0.3281,False
id_6817,id_6817,0.6466,True
id_6817,id_6817,0.6546,True
id_6817,id_5437,0.3169,False
id_6817,id_6817,0.7103,True
id_6817,id_6817,0.6665,True
id_6817,id_6817,0.6939,True
id_6817,id_6648,0.4622,False
id_6817,id_6817,0.6270,True
id_6817,id_1597,0.5157,False
id_6363,id_6363,0.4689,True
id_6363,id_6363,0.6114,True
id_6363,id_6363,0.6577,True
id_6363,id_6363,0.5738,True
id_6363,id_6363,0.6589,True
id_6363,id_6363,0.6204,True
id_6363,id_6363,0.6435,True
id_6363,id_6363,0.5634,True
id_6363,id_6363,0.5250,True
id_6363,id_6363,0.6198,True
id_5793,id_5793,0.6053,True
id_5793,id_5793,0.4178,True
id_5793,id_4324,0.4310,False
id_5793,id_1904,0.4122,False
id_5793,id_1168,0.3676,False
id_5793,id_5793,0.5988,True
id_5793,id_5793,0.5462,True
id_5793,id_5793,0.5494,True
id_5793,id_5793,0.4533,True
id_5793,id_5222,0.3355,False
id_5793,id_5793,0.3695,True
id_5793,id_5793,0.5676,True
id_5793,id_5793,0.4536,True
id_5793,id_3060,0.4701,False
id_5793,id_5793,0.5259,True
id_5793,id_5793,0.5814,True
id_5793,id_5793,0.5913,True
id_5793,id_5793,0.4609,True
id_5793,id_5793,0.3942,True
id_5793,id_5793,0.5301,True
id_5793,id_5793,0.5108,True
id_5793,id_5793,0.5546,True
id_5793,id_1536,0.4005,False
id_5793,id_5793,0.5047,True
id_5793,id_5793,0.6586,True
id_5793,id_5793,0.5979,True
id_5793,id_6934,0.3672,False
id_5793,id_5793,0.4155,True
id_5793,id_8682,0.3178,False
id_5793,id_5793,0.5107,True
id_9945,id_6648,0.4443,False
id_9945,id_9945,0.4508,True
id_9945,id_4670,0.4595,False
id_9945,id_3503,0.4199,False
id_9945,id_9945,0.5333,True
id_9945,id_9945,0.5781,True
id_9945,id_9945,0.5459,True
id_9945,id_9945,0.5888,True
id_9945,id_5956,0.3836,False
id_9945,id_9945,0.4412,True
id_9945,id_1321,0.4406,False
id_9945,id_9945,0.4437,True
id_9945,id_9945,0.5680,True
id_9945,id_10023,0.4453,False
id_488,id_488,0.6315,True
id_488,id_720,0.4098,False
id_488,id_488,0.5487,True
id_488,id_488,0.6969,True
id_488,id_488,0.6589,True
id_488,id_5309,0.3564,False
id_488,id_488,0.7482,True
id_488,id_488,0.7672,True
id_10468,id_3750,0.4132,False
id_10468,id_10468,0.3474,True
id_10468,id_10468,0.5397,True
id_10468,id_10468,0.5875,True
id_10468,id_9821,0.3913,False
id_10468,id_4492,0.3072,False
id_10468,id_10468,0.4434,True
id_10468,id_10468,0.5301,True
id_10468,id_10468,0.5243,True
id_10468,id_10468,0.5451,True
id_10468,id_10468,0.5211,True
id_10468,id_10468,0.5609,True
id_10468,id_10468,0.4573,True
id_10468,id_10468,0.6770,True
id_5310,id_470,0.4827,False
id_5310,id_5310,0.5586,True
id_5310,id_8169,0.5337,False
id_5310,id_9530,0.3699,False
id_5310,id_5310,0.3911,True
id_5310,id_7451,0.5219,False
id_5310,id_4373,0.3208,False
id_5310,id_5018,0.4024,False
id_2307,id_2307,0.4432,True
id_2307,id_8682,0.3273,False
id_2307,id_9353,0.4246,False
id_2307,id_3327,0.4699,False
id_2307,id_6336,0.4526,False
id_2307,id_2307,0.6029,True
id_2307,id_2307,0.4247,True
id_3016,id_3016,0.4752,True
id_3016,id_2560,0.3896,False
id_3016,id_3159,0.3581,False
id_3016,id_3016,0.5631,True
id_3016,id_1904,0.3901,False
id_3016,id_1824,0.4130,False
id_3016,id_3016,0.4374,True
id_3016,id_4630,0.3847,False
id_3016,id_3415,0.2974,False
id_3016,id_3016,0.7012,True
id_3016,id_3016,0.4162,True
id_3016,id_4749,0.4457,False
id_3016,id_3016,0.4699,True
id_3016,id_3016,0.5987,True
id_3016,id_3016,0.5449,True
id_3016,id_3016,0.7065,True
id_3016,id_1924,0.4388,False
id_3016,id_3016,0.7356,True
id_3016,id_3016,0.4517,True
id_3016,id_3016,0.5632,True
id_3016,id_3016,0.3787,True
id_3016,id_3016,0.7868,True
id_3016,id_3016,0.5320,True
id_3016,id_3016,0.5189,True
id_3016,id_649,0.4147,False
id_3016,id_3016,0.5526,True
id_3016,id_3016,0.7441,True
id_3016,id_7193,0.3121,False
id_3016,id_3016,0.6879,True
id_3016,id_3016,0.5071,True
id_3016,id_10482,0.4088,False
id_3016,id_3016,0.6011,True
id_3016,id_3016,0.6893,True
id_3016,id_3016,0.6275,True
id_3016,id_8169,0.4128,False
id_3016,id_3016,0.5462,True
id_3016,id_6430,0.3888,False
id_3016,id_3016,0.6620,True
id_3016,id_3016,0.7499,True
id_3016,id_3016,0.3858,True
id_3016,id_3016,0.6346,True
id_3016,id_4233,0.4297,False
id_3016,id_7474,0.4035,False
id_3016,id_3016,0.5037,True
id_3016,id_1884,0.3977,False
id_3016,id_9599,0.3105,False
id_3016,id_9931,0.4825,False
id_3016,id_3016,0.6685,True
id_3016,id_3016,0.7475,True
id_3016,id_3016,0.6163,True
id_3016,id_3016,0.7125,True
id_3016,id_3016,0.4877,True
id_3016,id_3016,0.7187,True
id_3016,id_3016,0.4446,True
id_3016,id_3016,0.3762,True
id_3016,id_3016,0.3208,True
id_3016,id_5956,0.4096,False
id_3016,id_3016,0.7095,True
id_3016,id_8021,0.4107,False
id_3016,id_3016,0.6601,True
id_3016,id_3016,0.4972,True
id_3016,id_3016,0.6456,True
id_3016,id_3016,0.5358,True
id_3016,id_3016,0.6712,True
id_3016,id_6568,0.3358,False
id_3016,id_3016,0.6664,True
id_10442,id_10442,0.4689,True
id_10442,id_10442,0.5690,True
id_10442,id_10442,0.5791,True
id_10442,id_2369,0.4057,False
id_10442,id_5235,0.3987,False
id_10442,id_10442,0.6321,True
id_1020,id_1952,0.3757,False
id_1020,id_1020,0.7398,True
id_1020,id_1020,0.4849,True
id_1020,id_2154,0.3661,False
id_1020,id_1020,0.7023,True
id_1020,id_1020,0.5638,True
id_1020,id_1020,0.6769,True
id_1020,id_1750,0.4642,False
id_1020,id_1020,0.6366,True
id_1020,id_1020,0.7102,True
id_1020,id_1020,0.6710,True
id_1020,id_3397,0.4700,False
id_1020,id_9393,0.4098,False
id_1020,id_1020,0.6670,True
id_1020,id_1222,0.3606,False
id_1020,id_1020,0.4966,True
id_1020,id_1020,0.5617,True
id_1020,id_1020,0.6789,True
id_1020,id_1020,0.7055,True
id_1020,id_1020,0.6597,True
id_1020,id_1020,0.4230,True
id_1020,id_3257,0.3605,False
id_1020,id_9599,0.4998,False
id_1020,id_7380,0.4663,False
id_1020,id_1020,0.4997,True
id_1020,id_7478,0.3305,False
id_1020,id_1020,0.4841,True
id_1020,id_1020,0.6192,True
id_1020,id_1020,0.5706,True
id_1020,id_1020,0.6965,True
id_1020,id_3963,0.3382,False
id_1020,id_1020,0.7128,True
id_1020,id_1020,0.5504,True
id_1020,id_1020,0.6896,True
id_1020,id_1020,0.4914,True
id_1020,id_1020,0.5969,True
id_1020,id_4956,0.4598,False
id_6013,id_649,0.4233,False
id_6013,id_6013,0.4163,True
id_6013,id_6013,0.4936,True
id_6013,id_6013,0.5325,True
id_6013,id_4174,0.3565,False
id_6013,id_2287,0.5353,False
id_6013,id_2128,0.4870,False
id_6013,id_6013,0.4196,True
id_6013,id_6013,0.3286,True
id_6013,id_6013,0.4795,True
id_6013,id_3140,0.4261,False
id_420,id_4353,0.3410,False
id_420,id_9171,0.4212,False
id_420,id_162,0.3105,False
id_5886,id_5886,0.5754,True
id_5886,id_7756,0.4326,False
id_5886,id_5886,0.6984,True
id_5886,id_5886,0.6360,True
id_5886,id_4630,0.4469,False
id_5886,id_8036,0.4332,False
id_5886,id_6543,0.4380,False
id_5886,id_5886,0.4380,True
id_5886,id_5886,0.4432,True
id_5886,id_6543,0.4559,False
id_5886,id_10085,0.3581,False
id_5886,id_891,0.4310,False
id_5886,id_5886,0.5844,True
id_5886,id_5886,0.5600,True
id_5886,id_5886,0.6369,True
id_5886,id_1981,0.4641,False
id_5886,id_3430,0.5276,False
id_3327,id_3327,0.5374,True
id_3327,id_2333,0.3653,False
id_3327,id_3916,0.3959,False
id_3327,id_3327,0.5901,True
id_3327,id_5064,0.3534,False
id_3327,id_3327,0.6658,True
id_3327,id_3327,0.5611,True
id_3327,id_3327,0.4957,True
id_3327,id_2902,0.4212,False
id_3327,id_3327,0.7494,True
id_475,id_1286,0.4146,False
id_475,id_475,0.4790,True
id_475,id_475,0.3799,True
id_475,id_475,0.3992,True
id_475,id_4436,0.3978,False
id_475,id_475,0.4764,True
id_475,id_475,0.4405,True
id_475,id_212,0.4265,False
id_475,id_1597,0.4943,False
id_475,id_475,0.4985,True
id_475,id_526,0.5055,False
id_475,id_475,0.4806,True
id_475,id_5870,0.4045,False
id_2065,id_2065,0.5446,True
id_2065,id_2065,0.4632,True
id_2065,id_2065,0.5583,True
id_2065,id_2065,0.6617,True
id_2065,id_2065,0.4331,True
id_2065,id_2065,0.5549,True
id_2065,id_2065,0.6134,True
id_2065,id_8389,0.2937,False
id_2065,id_2065,0.5826,True
id_2065,id_2065,0.6113,True
id_2065,id_6882,0.3338,False
id_2065,id_2065,0.6572,True
id_2065,id_2065,0.5665,True
id_2065,id_2065,0.4001,True
id_2065,id_10532,0.3385,False
id_2065,id_2065,0.5815,True
id_2065,id_8825,0.3728,False
id_2065,id_3578,0.4142,False
id_7582,id_10541,0.3617,False
id_7582,id_10482,0.3807,False
id_7582,id_7582,0.6204,True
id_7582,id_7582,0.4932,True
id_7582,id_7582,0.5811,True
id_7582,id_7582,0.6340,True
id_7582,id_6241,0.4250,False
id_7582,id_7582,0.6805,True
id_7582,id_7582,0.5621,True
id_7582,id_7582,0.5019,True
id_7582,id_7582,0.5493,True
id_5548,id_1226,0.4394,False
id_5548,id_9286,0.4115,False
id_5548,id_5687,0.4752,False
id_5548,id_8685,0.3233,False
id_5548,id_9230,0.4494,False
id_5548,id_8883,0.3610,False
id_5548,id_5548,0.3456,True
id_5548,id_1723,0.4504,False
id_4726,id_4726,0.4849,True
id_4726,id_4726,0.4890,True
id_4726,id_4726,0.5550,True
id_4726,id_1897,0.4594,False
id_4726,id_4726,0.6484,True
id_4726,id_4726,0.5113,True
id_4726,id_2312,0.5398,False
id_4726,id_4726,0.5022,True
id_9695,id_9695,0.4813,True
id_9695,id_7575,0.3520,False
id_9695,id_9139,0.4549,False
id_9695,id_9695,0.4829,True
id_9695,id_9695,0.4669,True
id_9695,id_9950,0.3821,False
id_9695,id_9695,0.3814,True
id_9695,id_9695,0.4345,True
id_1536,id_1536,0.4646,True
id_1536,id_1536,0.3948,True
id_1536,id_1536,0.4440,True
id_1536,id_2867,0.4816,False
id_1536,id_1536,0.3862,True
id_1536,id_1536,0.5591,True
id_1536,id_8170,0.4889,False
id_1536,id_1536,0.4310,True
id_1536,id_1536,0.6729,True
id_1536,id_1536,0.4433,True
id_1536,id_1536,0.5226,True
id_1536,id_1536,0.5351,True
id_1536,id_1536,0.5042,True
id_1536,id_7446,0.3303,False
id_1536,id_1536,0.5788,True
id_1536,id_1536,0.4429,True
id_1536,id_1536,0.4516,True
id_1536,id_1536,0.5682,True
id_1536,id_2170,0.4202,False
id_1536,id_1536,0.3597,True
id_1536,id_1536,0.5831,True
id_2136,id_10135,0.4526,False
id_2136,id_2136,0.6929,True
id_2136,id_5221,0.3432,False
id_2136,id_2136,0.5339,True
id_2136,id_2136,0.5854,True
id_2136,id_2136,0.5993,True
id_2136,id_2136,0.4427,True
id_2136,id_2136,0.4883,True
id_2136,id_2136,0.6025,True
id_2136,id_6826,0.3239,False
id_2136,id_2136,0.5900,True
id_2136,id_2136,0.6907,True
id_2136,id_2136,0.5800,True
id_2136,id_8797,0.4166,False
id_2136,id_8870,0.4392,False
id_2136,id_9599,0.4386,False
id_2136,id_5951,0.3498,False
id_2136,id_2136,0.5166,True
id_2136,id_2136,0.5472,True
id_2136,id_2136,0.7002,True
id_2136,id_2809,0.4453,False
id_2136,id_4541,0.4179,False
id_2136,id_2136,0.5661,True
id_2136,id_3251,0.3680,False
id_2136,id_3963,0.4584,False
id_2136,id_5011,0.3955,False
id_2136,id_2136,0.5984,True
id_2136,id_2136,0.4571,True
id_2136,id_953,0.4562,False
id_2136,id_9931,0.3601,False
id_2136,id_6826,0.5177,False
id_2136,id_2136,0.6458,True
id_2136,id_2136,0.6165,True
id_2136,id_2136,0.5532,True
id_2136,id_2136,0.5101,True
id_2136,id_2136,0.5668,True
id_2136,id_2136,0.4277,True
id_2136,id_2136,0.6167,True
id_2136,id_3794,0.3035,False
id_2136,id_2136,0.5724,True
id_2136,id_2136,0.6102,True
id_7397,id_7397,0.5127,True
id_7397,id_69,0.3594,False
id_7397,id_7397,0.4277,True
id_7397,id_2520,0.4474,False
id_7397,id_7397,0.5807,True
id_7397,id_2489,0.2977,False
id_7397,id_2478,0.3644,False
id_7397,id_2672,0.4944,False
id_7397,id_7397,0.5143,True
id_7397,id_2832,0.4090,False
id_7397,id_7397,0.6167,True
id_7397,id_2730,0.4357,False
id_7397,id_7397,0.7254,True
id_3407,id_3407,0.6453,True
id_3407,id_3407,0.6149,True
id_3407,id_3407,0.5904,True
id_3407,id_3407,0.3361,True
id_3407,id_3407,0.6206,True
id_3407,id_3407,0.6031,True
id_3407,id_3407,0.6455,True
id_3407,id_3407,0.4545,True
id_3407,id_3407,0.4153,True
id_3407,id_3407,0.4955,True
id_3407,id_7988,0.3437,False
id_3407,id_2235,0.3320,False
id_3407,id_9016,0.3795,False
id_3407,id_3407,0.5309,True
id_3407,id_3407,0.6532,True
id_3407,id_2751,0.4643,False
id_3407,id_4047,0.3868,False
id_3407,id_8021,0.4397,False
id_3407,id_3407,0.5610,True
id_3407,id_2881,0.4200,False
id_3407,id_5550,0.3808,False
id_3407,id_3407,0.7382,True
id_3407,id_3407,0.6082,True
id_3407,id_3407,0.6757,True
id_3407,id_10152,0.3931,False
id_3407,id_3407,0.4276,True
id_3407,id_3407,0.7020,True
id_3407,id_3407,0.6021,True
id_3407,id_3407,0.6532,True
id_3407,id_3407,0.5928,True
id_3407,id_3407,0.5708,True
id_3407,id_3407,0.6325,True
id_3407,id_3206,0.3568,False
id_3407,id_3407,0.5276,True
id_3407,id_3407,0.3553,True
id_3407,id_3407,0.5710,True
id_3407,id_2867,0.5293,False
id_3407,id_5131,0.3526,False
id_3407,id_3407,0.7642,True
id_3407,id_3831,0.2774,False
id_3407,id_3407,0.5032,True
id_3407,id_3407,0.5576,True
id_3407,id_99,0.4473,False
id_3407,id_3016,0.2308,False
id_3407,id_3407,0.6978,True
id_3407,id_3407,0.5670,True
id_3407,id_3407,0.5677,True
id_3407,id_3407,0.6554,True
id_3407,id_7446,0.3033,False
id_3407,id_3407,0.4853,True
id_3407,id_3407,0.5060,True
id_3407,id_3407,0.6850,True
id_3407,id_4956,0.4347,False
id_3407,id_3407,0.6625,True
id_3407,id_3407,0.6773,True
id_3407,id_3407,0.5060,True
id_3407,id_3407,0.5926,True
id_3407,id_3407,0.5917,True
id_3407,id_3538,0.2869,False
id_3407,id_3407,0.6252,True
id_3407,id_3407,0.4706,True
id_3407,id_4956,0.3898,False
id_3407,id_3407,0.4853,True
id_3407,id_5548,0.3314,False
id_3407,id_8389,0.2838,False
id_3407,id_3407,0.4135,True
id_3407,id_5232,0.3596,False
id_3407,id_3206,0.3058,False
id_3407,id_3407,0.4398,True
id_3407,id_3407,0.5806,True
id_3407,id_3407,0.5125,True
id_3407,id_5045,0.3425,False
id_3407,id_3407,0.6577,True
id_3407,id_10532,0.3813,False
id_3407,id_5131,0.4963,False
id_3407,id_3407,0.4697,True
id_3407,id_3407,0.6686,True
id_3407,id_3407,0.5921,True
id_3407,id_3407,0.6859,True
id_3407,id_3407,0.5486,True
id_3407,id_3407,0.5041,True
id_3407,id_1924,0.4597,False
id_3407,id_10181,0.3314,False
id_3407,id_9694,0.3895,False
id_3407,id_3407,0.6686,True
id_3407,id_7904,0.4205,False
id_3407,id_3407,0.5791,True
id_3407,id_3407,0.5219,True
id_3407,id_3407,0.5074,True
id_3407,id_3517,0.4045,False
id_3407,id_3407,0.5086,True
id_3407,id_3407,0.4149,True
id_3407,id_3407,0.6864,True
id_3407,id_3407,0.4579,True
id_3407,id_3407,0.6923,True
id_3407,id_5956,0.4264,False
id_3407,id_3407,0.6167,True
id_2108,id_2108,0.6540,True
id_2108,id_2108,0.6262,True
id_2108,id_2108,0.7600,True
id_2108,id_2108,0.5337,True
id_2108,id_2108,0.5904,True
id_2108,id_2108,0.7213,True
id_2108,id_2108,0.5866,True
id_2108,id_2108,0.4587,True
id_2108,id_2108,0.5556,True
id_2108,id_2108,0.7242,True
id_2108,id_2108,0.7168,True
id_2108,id_2108,0.7495,True
id_2108,id_2108,0.7629,True
id_2108,id_2108,0.7802,True
id_2108,id_2108,0.5433,True
id_2108,id_2103,0.4304,False
id_2108,id_2108,0.6712,True
id_2108,id_2108,0.7092,True
id_2108,id_2108,0.6351,True
id_2108,id_2108,0.5581,True
id_2108,id_2108,0.5188,True
id_2108,id_2108,0.4960,True
id_2108,id_2108,0.6827,True
id_2108,id_2108,0.6211,True
id_2108,id_2108,0.7787,True
id_2108,id_2108,0.4338,True
id_2108,id_2108,0.3461,True
id_2108,id_2108,0.6917,True
id_2108,id_2108,0.4478,True
id_2108,id_475,0.3740,False
id_2108,id_2108,0.5171,True
id_2108,id_2108,0.3637,True
id_2108,id_2108,0.7692,True
id_2108,id_7446,0.4350,False
id_2108,id_2108,0.7164,True
id_2108,id_2108,0.5755,True
id_2108,id_2108,0.7475,True
id_2108,id_2108,0.6610,True
id_2108,id_2108,0.6996,True
id_2108,id_9016,0.3503,False
id_2108,id_2108,0.6576,True
id_2108,id_7645,0.3282,False
id_2108,id_2108,0.7480,True
id_2108,id_3218,0.3592,False
id_2108,id_2108,0.7500,True
id_2108,id_4630,0.4041,False
id_2108,id_2108,0.5951,True
id_2108,id_2108,0.6912,True
id_2108,id_9950,0.4389,False
id_2108,id_2108,0.6192,True
id_2108,id_2108,0.5025,True
id_2108,id_2108,0.6921,True
id_2108,id_2108,0.7158,True
id_8863,id_8863,0.6604,True
id_8863,id_8863,0.6374,True
id_8863,id_4956,0.4250,False
id_8863,id_8863,0.6859,True
id_8863,id_8863,0.4098,True
id_8863,id_10468,0.3968,False
id_8863,id_8863,0.5817,True
id_8863,id_8863,0.5729,True
id_8863,id_8863,0.7422,True
id_8863,id_8863,0.7169,True
id_8863,id_8863,0.6144,True
id_8863,id_8863,0.7146,True
id_8863,id_10419,0.4878,False
id_8863,id_8641,0.4815,False
id_8863,id_8863,0.6922,True
id_8863,id_8863,0.7036,True
id_2058,id_610,0.4055,False
id_2058,id_2128,0.4866,False
id_2058,id_2058,0.6251,True
id_2058,id_233,0.4300,False
id_2058,id_2058,0.6806,True
id_2058,id_5209,0.5073,False
id_6368,id_3060,0.5065,False
id_6368,id_6368,0.5197,True
id_6368,id_6368,0.7238,True
id_6368,id_6368,0.5773,True
id_6368,id_6368,0.5639,True
id_6368,id_1262,0.3607,False
id_6368,id_6368,0.5225,True
id_6368,id_6368,0.5463,True
id_6368,id_6368,0.6518,True
id_6368,id_10532,0.3304,False
id_6368,id_9988,0.3453,False
id_6368,id_6368,0.5921,True
id_6368,id_6368,0.4837,True
id_6368,id_9470,0.3281,False
id_4975,id_4975,0.5495,True
id_4975,id_4975,0.4594,True
id_4975,id_5314,0.4206,False
id_4975,id_4975,0.6527,True
id_4975,id_1542,0.3809,False
id_4975,id_4975,0.4215,True
id_4975,id_1540,0.3352,False
id_3866,id_3866,0.6712,True
id_3866,id_3866,0.6056,True
id_3866,id_3866,0.6799,True
id_3866,id_3866,0.4608,True
id_3866,id_3866,0.6869,True
id_3866,id_3866,0.5096,True
id_3866,id_3866,0.4834,True
id_3866,id_3866,0.6052,True
id_3866,id_3866,0.5977,True
id_3866,id_3866,0.6105,True
id_3866,id_3866,0.5364,True
id_3866,id_3866,0.5903,True
id_3866,id_3866,0.5309,True
id_3866,id_3866,0.6315,True
id_3866,id_3866,0.5631,True
id_3866,id_3866,0.6165,True
id_9694,id_9694,0.4875,True
id_9694,id_9694,0.4220,True
id_9694,id_4915,0.4301,False
id_9694,id_9694,0.3851,True
id_9694,id_1884,0.3688,False
id_9694,id_9694,0.5027,True
id_9694,id_8682,0.4545,False
id_9694,id_9694,0.4260,True
id_9694,id_9694,0.5347,True
id_9694,id_9694,0.3908,True
id_9694,id_9694,0.4122,True
id_9694,id_1694,0.3385,False
id_9694,id_9694,0.5353,True
id_9694,id_5441,0.4057,False
id_9694,id_9694,0.3826,True
id_9694,id_9694,0.3184,True
id_9694,id_9694,0.5174,True
id_9694,id_6948,0.3802,False
id_9694,id_9694,0.3809,True
id_9694,id_3350,0.3480,False
id_9694,id_186,0.4437,False
id_10079,id_10079,0.4113,True
id_10079,id_10079,0.5223,True
id_10079,id_7282,0.5242,False
id_10079,id_10079,0.5235,True
id_10079,id_10079,0.5915,True
id_10079,id_10079,0.5578,True
id_10079,id_10079,0.5114,True
id_10079,id_8021,0.4626,False
id_10079,id_10079,0.5890,True
id_10079,id_10079,0.4885,True
id_10079,id_10079,0.5670,True
id_10079,id_10079,0.4948,True
id_10079,id_6594,0.5232,False
id_10079,id_69,0.4686,False
id_10079,id_10079,0.6108,True
id_10079,id_10232,0.4979,False
id_10079,id_5309,0.4878,False
id_10079,id_10079,0.5228,True
id_10079,id_10079,0.5868,True
id_10079,id_10079,0.5460,True
id_10079,id_10079,0.5057,True
id_10079,id_3257,0.4087,False
id_10079,id_6623,0.3835,False
id_10079,id_10079,0.4898,True
id_10079,id_10079,0.4517,True
id_10079,id_9496,0.3492,False
id_10079,id_3660,0.4559,False
id_10079,id_3855,0.4199,False
id_10079,id_6024,0.4535,False
id_10079,id_10079,0.6097,True
id_10079,id_5818,0.4936,False
id_10079,id_10079,0.4283,True
id_10079,id_3911,0.4716,False
id_10079,id_3622,0.4829,False
id_10079,id_10079,0.5025,True
id_10079,id_4075,0.3631,False
id_10079,id_10079,0.5826,True
id_2364,id_2364,0.8052,True
id_2364,id_2364,0.7707,True
id_2364,id_2364,0.7638,True
id_2364,id_2364,0.4214,True
id_2364,id_2364,0.5443,True
id_2364,id_2364,0.5631,True
id_2364,id_2364,0.6381,True
id_2364,id_2364,0.6046,True
id_2364,id_2364,0.4937,True
id_2364,id_2364,0.7606,True
id_1700,id_8949,0.3399,False
id_1700,id_1700,0.6371,True
id_1700,id_1700,0.5699,True
id_1700,id_4317,0.3834,False
id_1700,id_1700,0.6064,True
id_1700,id_1700,0.4972,True
id_1700,id_1700,0.3903,True
id_1700,id_10482,0.4417,False
id_1700,id_5309,0.4566,False
id_1700,id_1700,0.6364,True
id_3792,id_3792,0.5268,True
id_3792,id_3792,0.5307,True
id_3792,id_3792,0.6417,True
id_3792,id_3792,0.6665,True
id_3792,id_3792,0.5058,True
id_3792,id_3792,0.6370,True
id_3792,id_7363,0.3871,False
id_9931,id_10506,0.4142,False
id_9931,id_9931,0.5105,True
id_9931,id_9931,0.6813,True
id_9931,id_9931,0.7224,True
id_9931,id_10442,0.3887,False
id_9931,id_9931,0.6650,True
id_9931,id_9931,0.4265,True
id_9931,id_9931,0.3422,True
id_9931,id_9931,0.3894,True
id_9931,id_9271,0.4759,False
id_9931,id_8055,0.4241,False
id_9931,id_9931,0.5781,True
id_9823,id_9823,0.7105,True
id_9823,id_9823,0.5756,True
id_9823,id_9823,0.5544,True
id_9823,id_9823,0.4433,True
id_9823,id_9823,0.6771,True
id_9823,id_9823,0.5973,True
id_9823,id_9823,0.5288,True
id_9823,id_9823,0.4794,True
id_9823,id_9823,0.4425,True
id_9823,id_9823,0.5430,True
id_9823,id_9823,0.5246,True
id_9823,id_9823,0.5185,True
id_9823,id_9823,0.5759,True
id_9823,id_2101,0.4636,False
id_9823,id_9823,0.4883,True
id_9823,id_9823,0.6421,True
id_9823,id_6284,0.3773,False
id_9823,id_9823,0.3894,True
id_9823,id_9823,0.6033,True
id_9823,id_9823,0.6771,True
id_9823,id_9823,0.4743,True
id_9383,id_9032,0.4229,False
id_9383,id_9383,0.4324,True
id_9383,id_9383,0.4996,True
id_9383,id_4123,0.4705,False
id_9383,id_9383,0.5926,True
id_9383,id_9383,0.5023,True
id_9383,id_9383,0.5559,True
id_9383,id_6042,0.4014,False
id_9383,id_9383,0.4086,True
id_9383,id_9383,0.4701,True
id_9383,id_9383,0.7018,True
id_9383,id_9383,0.5805,True
id_9383,id_1360,0.4292,False
id_9383,id_9383,0.4001,True
id_9383,id_9383,0.6744,True
id_9383,id_9383,0.5601,True
id_9383,id_9383,0.4535,True
id_9383,id_9383,0.5642,True
id_9383,id_9383,0.4448,True
id_9383,id_9383,0.6362,True
id_9383,id_9508,0.4667,False
id_9383,id_9383,0.7152,True
id_1795,id_792,0.5367,False
id_1795,id_9598,0.3711,False
id_1795,id_3735,0.4447,False
id_1795,id_6809,0.4324,False
id_1795,id_3773,0.4581,False
id_1795,id_6466,0.4134,False
id_1795,id_6213,0.3907,False
id_1795,id_90,0.4411,False
id_1795,id_6560,0.3741,False
id_1795,id_186,0.5566,False
id_1795,id_99,0.4793,False
id_1795,id_2415,0.4836,False
id_1795,id_7620,0.4608,False
id_1795,id_10571,0.4063,False
id_1795,id_3831,0.3995,False
id_1795,id_1597,0.4230,False
id_1795,id_2424,0.4230,False
id_1795,id_5548,0.4720,False
id_1795,id_7403,0.4500,False
id_1795,id_10541,0.4931,False
id_1795,id_6013,0.3962,False
id_1795,id_10532,0.4134,False
id_1795,id_8627,0.5887,False
id_1795,id_65,0.3754,False
id_1795,id_3970,0.3953,False
id_1795,id_3773,0.4102,False
id_1795,id_9393,0.4061,False
id_2670,id_2670,0.6254,True
id_2670,id_3778,0.4120,False
id_2670,id_2670,0.4658,True
id_2670,id_6159,0.4387,False
id_2670,id_1127,0.4178,False
id_2670,id_2670,0.5435,True
id_2670,id_2670,0.4992,True
id_2670,id_2670,0.5321,True
id_2670,id_7474,0.4829,False
id_2670,id_10232,0.4057,False
id_2670,id_5080,0.4284,False
id_2670,id_7380,0.4199,False
id_2670,id_9598,0.4783,False
id_2670,id_2838,0.2819,False
id_2670,id_7806,0.4422,False
id_2670,id_2670,0.5428,True
id_3623,id_3623,0.3544,True
id_3623,id_3623,0.3921,True
id_3623,id_9629,0.3296,False
id_3623,id_3623,0.3248,True
id_3623,id_3623,0.3925,True
id_3623,id_7470,0.4210,False
id_3623,id_1612,0.4053,False
id_3623,id_3623,0.6180,True
id_3623,id_3623,0.5786,True
id_3623,id_7474,0.3494,False
id_3623,id_3623,0.3934,True
id_3623,id_3623,0.4129,True
id_3623,id_3623,0.5160,True
id_3623,id_3623,0.4076,True
id_3623,id_3623,0.5309,True
id_3623,id_3623,0.5063,True
id_369,id_5128,0.3638,False
id_369,id_369,0.6537,True
id_369,id_369,0.5105,True
id_369,id_369,0.5424,True
id_369,id_5896,0.3366,False
id_369,id_369,0.7069,True
id_369,id_1400,0.3795,False
id_369,id_369,0.5655,True
id_369,id_369,0.4459,True
id_369,id_369,0.5753,True
id_369,id_3754,0.3975,False
id_2798,id_9881,0.3378,False
id_2798,id_2798,0.5344,True
id_2798,id_10085,0.4591,False
id_2798,id_4998,0.3486,False
id_2798,id_2724,0.2480,False
id_2798,id_2798,0.5585,True
id_2798,id_2798,0.5868,True
id_2798,id_526,0.4429,False
id_2798,id_7522,0.4038,False
id_2798,id_2798,0.3874,True
id_2798,id_2798,0.4427,True
id_2798,id_2798,0.5913,True
id_2798,id_2798,0.6292,True
id_2798,id_2798,0.4514,True
id_2798,id_475,0.4628,False
id_2798,id_2798,0.5304,True
id_2798,id_2798,0.4380,True
id_2798,id_2798,0.6437,True
id_2798,id_2798,0.4799,True
id_2798,id_3773,0.3850,False
id_4353,id_4353,0.7295,True
id_4353,id_4353,0.4214,True
id_4353,id_4353,0.6482,True
id_4353,id_4749,0.3707,False
id_4353,id_4353,0.7142,True
id_4353,id_4353,0.5060,True
id_4353,id_4459,0.4234,False
id_4353,id_4353,0.7832,True
id_4353,id_4353,0.6328,True
id_6826,id_1597,0.3899,False
id_6826,id_6826,0.4844,True
id_6826,id_6826,0.6750,True
id_6826,id_6826,0.4422,True
id_6826,id_7834,0.4493,False
id_6826,id_2950,0.4459,False
id_6826,id_5422,0.4204,False
id_6826,id_1286,0.4134,False
id_6826,id_10206,0.3837,False
id_4710,id_4710,0.5305,True
id_4710,id_4710,0.4729,True
id_4710,id_1321,0.3807,False
id_4710,id_4710,0.6146,True
id_4710,id_1020,0.3754,False
id_4710,id_4710,0.5700,True
id_4710,id_1694,0.4059,False
id_9869,id_9869,0.7550,True
id_9869,id_9869,0.6341,True
id_9869,id_9869,0.4878,True
id_9869,id_9869,0.6868,True
id_9869,id_9869,0.7175,True
id_9869,id_9869,0.6883,True
id_9869,id_9869,0.6269,True
id_9869,id_9869,0.6193,True
id_9869,id_9869,0.6679,True
id_9869,id_9869,0.5081,True
id_9869,id_9869,0.5248,True
id_9869,id_9869,0.7154,True
id_9869,id_9869,0.4531,True
id_9869,id_9869,0.6500,True
id_9869,id_9869,0.6376,True
id_9869,id_9869,0.7983,True
id_9869,id_9869,0.6238,True
id_9869,id_9869,0.6441,True
id_9869,id_9869,0.3842,True
id_6703,id_7833,0.4863,False
id_6703,id_8764,0.4370,False
id_6703,id_6703,0.7387,True
id_6703,id_6703,0.6244,True
id_6703,id_1255,0.4095,False
id_6703,id_9181,0.4581,False
id_6703,id_6703,0.4557,True
id_6703,id_5956,0.4414,False
id_6703,id_6703,0.4573,True
id_6703,id_8811,0.4668,False
id_6703,id_5801,0.4691,False
id_6703,id_6703,0.6264,True
id_6703,id_9441,0.4080,False
id_6703,id_2164,0.4016,False
id_6703,id_1744,0.3376,False
id_4715,id_4715,0.5388,True
id_4715,id_4715,0.5197,True
id_4715,id_1952,0.3259,False
id_4715,id_4715,0.5262,True
id_4715,id_4715,0.5520,True
id_4715,id_4715,0.5031,True
id_4715,id_4715,0.6870,True
id_4715,id_4715,0.6169,True
id_4715,id_4715,0.7053,True
id_4715,id_4715,0.5608,True
id_4715,id_2478,0.3096,False
id_4715,id_10048,0.3243,False
id_4715,id_4715,0.6006,True
id_4715,id_2351,0.4020,False
id_4715,id_4715,0.4376,True
id_4715,id_4715,0.6033,True
id_4715,id_7947,0.4207,False
id_4715,id_5209,0.4835,False
id_4715,id_4715,0.5471,True
id_4715,id_4715,0.5720,True
id_4715,id_3902,0.4433,False
id_9489,id_9489,0.5876,True
id_9489,id_9489,0.5232,True
id_9489,id_9489,0.4128,True
id_9489,id_9489,0.3611,True
id_9489,id_5235,0.3099,False
id_9447,id_9447,0.5450,True
id_9447,id_8613,0.4178,False
id_9447,id_8629,0.4227,False
id_9447,id_9447,0.7362,True
id_9447,id_9447,0.6342,True
id_9447,id_1400,0.2744,False
id_9447,id_9447,0.5998,True
id_9447,id_9447,0.5717,True
id_9447,id_9447,0.4809,True
id_9447,id_9447,0.6746,True
id_9447,id_9447,0.5265,True
id_9447,id_5988,0.3986,False
id_3503,id_9530,0.4710,False
id_3503,id_3503,0.4277,True
id_3503,id_3503,0.4876,True
id_3503,id_3926,0.5321,False
id_3503,id_3503,0.4855,True
id_3503,id_528,0.4266,False
id_3503,id_3503,0.6173,True
id_3503,id_6568,0.4591,False
id_3503,id_7174,0.4348,False
id_3503,id_3503,0.5702,True
id_3503,id_3503,0.5258,True
id_3503,id_9852,0.3261,False
id_3503,id_6543,0.4219,False
id_3503,id_4192,0.3588,False
id_3503,id_2415,0.2898,False
id_3503,id_3503,0.5865,True
id_3503,id_834,0.3677,False
id_3503,id_1021,0.3662,False
id_3503,id_3503,0.5550,True
id_3503,id_3503,0.6538,True
id_3503,id_701,0.3796,False
id_3503,id_3503,0.5542,True
id_3503,id_3503,0.6496,True
id_3503,id_3503,0.5109,True
id_3503,id_3503,0.4751,True
id_3503,id_3503,0.6490,True
id_3503,id_3503,0.7157,True
id_3503,id_3503,0.3965,True
id_3503,id_3503,0.6401,True
id_3503,id_3503,0.6031,True
id_3503,id_6899,0.4536,False
id_3503,id_3503,0.6477,True
id_3503,id_3503,0.6335,True
id_3503,id_3503,0.6293,True
id_3503,id_3503,0.4308,True
id_3503,id_4285,0.4278,False
id_3503,id_3503,0.4851,True
id_3503,id_3503,0.4470,True
id_3503,id_10023,0.4137,False
id_3503,id_3503,0.5859,True
id_3503,id_3503,0.5565,True
id_3503,id_3503,0.5005,True
id_3503,id_9427,0.4721,False
id_3503,id_3503,0.6705,True
id_3503,id_3503,0.5807,True
id_3503,id_3503,0.4573,True
id_3503,id_3503,0.6501,True
id_3503,id_10213,0.4426,False
id_3503,id_3503,0.6925,True
id_3503,id_1755,0.4533,False
id_3503,id_594,0.3453,False
id_3503,id_8152,0.3208,False
id_3503,id_3503,0.6275,True
id_3503,id_3503,0.5422,True
id_3503,id_6543,0.4286,False
id_3503,id_3503,0.5181,True
id_3503,id_3503,0.5079,True
id_3503,id_4975,0.3702,False
id_3503,id_6543,0.4560,False
id_3503,id_8610,0.3397,False
id_3503,id_6642,0.4465,False
id_3503,id_3503,0.5863,True
id_3503,id_3503,0.7425,True
id_3503,id_10079,0.3668,False
id_3503,id_3503,0.5591,True
id_3503,id_3503,0.5772,True
id_3503,id_2358,0.4097,False
id_3503,id_3503,0.7077,True
id_3503,id_3503,0.4941,True
id_3503,id_3503,0.4595,True
id_3503,id_3503,0.6850,True
id_3503,id_3503,0.5511,True
id_3503,id_3503,0.6519,True
id_3503,id_5956,0.4498,False
id_3503,id_3503,0.5028,True
id_3503,id_8902,0.4112,False
id_3503,id_6543,0.4565,False
id_3503,id_3503,0.5780,True
id_3503,id_3503,0.6591,True
id_3503,id_3503,0.6757,True
id_3503,id_8987,0.3923,False
id_3503,id_3503,0.5045,True
id_3503,id_4006,0.3974,False
id_3503,id_4874,0.4896,False
id_3503,id_2590,0.4410,False
id_3503,id_3503,0.7005,True
id_3503,id_3503,0.6291,True
id_3503,id_3503,0.6776,True
id_3503,id_3503,0.3927,True
id_3503,id_3503,0.7869,True
id_3503,id_5928,0.3567,False
id_3503,id_3503,0.6727,True
id_3503,id_6024,0.3815,False
id_3503,id_6011,0.4122,False
id_3503,id_3503,0.5892,True
id_3503,id_3503,0.5572,True
id_3503,id_3911,0.3492,False
id_3503,id_3503,0.5829,True
id_3503,id_3503,0.6782,True
id_252,id_252,0.3788,True
id_252,id_252,0.6645,True
id_252,id_252,0.3934,True
id_252,id_5467,0.3904,False
id_252,id_7995,0.3997,False
id_252,id_252,0.5709,True
id_252,id_252,0.4643,True
id_252,id_2136,0.4572,False
id_252,id_3936,0.3718,False
id_252,id_1026,0.4188,False
id_252,id_8420,0.3504,False
id_252,id_252,0.5280,True
id_252,id_9032,0.5328,False
id_252,id_252,0.4905,True
id_252,id_252,0.5616,True
id_252,id_252,0.5323,True
id_252,id_252,0.4599,True
id_8159,id_8159,0.4560,True
id_8159,id_5988,0.3465,False
id_8159,id_8159,0.4046,True
id_8159,id_8159,0.4713,True
id_8159,id_4710,0.4379,False
id_90,id_90,0.7701,True
id_90,id_10541,0.3096,False
id_90,id_90,0.7701,True
id_90,id_90,0.7734,True
id_90,id_90,0.4026,True
id_90,id_90,0.7240,True
id_90,id_90,0.5859,True
id_90,id_90,0.8568,True
id_90,id_4820,0.4220,False
id_90,id_90,0.4357,True
id_90,id_1153,0.3738,False
id_90,id_90,0.7469,True
id_90,id_90,0.5973,True
id_90,id_90,0.7694,True
id_90,id_90,0.8431,True
id_90,id_4710,0.2895,False
id_90,id_4524,0.3255,False
id_90,id_90,0.7730,True
id_90,id_90,0.6449,True
id_90,id_90,0.6144,True
id_90,id_90,0.8245,True
id_90,id_90,0.7189,True
id_90,id_90,0.7409,True
id_90,id_90,0.8474,True
id_90,id_90,0.7801,True
id_90,id_5806,0.4637,False
id_90,id_90,0.4546,True
id_90,id_90,0.8204,True
id_90,id_90,0.7184,True
id_90,id_708,0.4058,False
id_90,id_3589,0.3284,False
id_90,id_90,0.7940,True
id_90,id_90,0.7822,True
id_90,id_90,0.7571,True
id_90,id_90,0.5597,True
id_90,id_90,0.7523,True
id_90,id_90,0.3624,True
id_90,id_90,0.8410,True
id_90,id_90,0.7959,True
id_90,id_90,0.7603,True
id_90,id_90,0.8303,True
id_9707,id_5794,0.2887,False
id_9707,id_9707,0.5925,True
id_9707,id_1936,0.5579,False
id_9707,id_9489,0.4019,False
id_9707,id_9707,0.5241,True
id_9707,id_9707,0.7442,True
id_5314,id_5314,0.4525,True
id_5314,id_4897,0.4731,False
id_5314,id_5314,0.4257,True
id_5314,id_5314,0.5959,True
id_5314,id_5314,0.4543,True
id_5314,id_5314,0.5089,True
id_5314,id_4204,0.4175,False
id_5314,id_5314,0.5378,True
id_5314,id_528,0.4128,False
id_5314,id_8685,0.4809,False
id_5314,id_5314,0.5131,True
id_5314,id_5314,0.5055,True
id_5314,id_365,0.4515,False
id_5314,id_2235,0.3684,False
id_5314,id_414,0.4429,False
id_5314,id_1694,0.4321,False
id_5314,id_3911,0.4551,False
id_5314,id_1904,0.3615,False
id_5314,id_5314,0.5442,True
id_2990,id_2990,0.6460,True
id_2990,id_4317,0.4385,False
id_2990,id_496,0.6117,False
id_2990,id_2990,0.6931,True
id_2990,id_2990,0.5571,True
id_2990,id_2990,0.4293,True
id_2990,id_496,0.4947,False
id_2990,id_2990,0.6359,True
id_2990,id_2990,0.6046,True
id_2990,id_177,0.3567,False
id_2990,id_2990,0.6121,True
id_2990,id_8986,0.4151,False
id_2576,id_2576,0.4871,True
id_2576,id_2878,0.3724,False
id_2576,id_2576,0.5201,True
id_2576,id_9668,0.5273,False
id_2576,id_2990,0.4316,False
id_2576,id_9668,0.4908,False
id_2576,id_2576,0.4066,True
id_1746,id_2415,0.3817,False
id_1746,id_6241,0.4461,False
id_1746,id_6938,0.5551,False
id_1746,id_8423,0.3541,False
id_1746,id_1746,0.5632,True
id_1746,id_1746,0.5521,True
id_1746,id_1360,0.3708,False
id_1746,id_1746,0.5105,True
id_1746,id_1746,0.6929,True
id_1746,id_9030,0.3734,False
id_1746,id_4634,0.5792,False
id_1746,id_4821,0.5720,False
id_1746,id_1746,0.5661,True
id_1746,id_6213,0.3825,False
id_1746,id_1746,0.5729,True
id_1746,id_1746,0.7371,True
id_1597,id_4436,0.3586,False
id_1597,id_8486,0.4092,False
id_1597,id_2357,0.4796,False
id_1597,id_1402,0.3654,False
id_1597,id_1597,0.4326,True
id_1597,id_5593,0.4613,False
id_1597,id_9470,0.3738,False
id_1597,id_1201,0.2943,False
id_1597,id_3866,0.5157,False
id_1597,id_7947,0.3122,False
id_1597,id_6543,0.3923,False
id_1597,id_7273,0.4027,False
id_1597,id_2802,0.3190,False
id_1597,id_1597,0.5805,True
id_1597,id_8641,0.5027,False
id_1597,id_6882,0.4064,False
id_1597,id_1597,0.5090,True
id_1597,id_7446,0.4039,False
id_1597,id_1168,0.4076,False
id_6186,id_6186,0.4524,True
id_6186,id_4968,0.3677,False
id_6186,id_6186,0.4894,True
id_6186,id_8641,0.5092,False
id_6186,id_6186,0.4102,True
id_6186,id_9716,0.4771,False
id_6186,id_6186,0.5733,True
id_1046,id_1046,0.4038,True
id_1046,id_2701,0.3412,False
id_1046,id_1046,0.3681,True
id_1046,id_9950,0.4120,False
id_1046,id_4045,0.3236,False
id_1046,id_7953,0.4054,False
id_1046,id_4157,0.3870,False
id_5131,id_5131,0.5792,True
id_5131,id_5131,0.7312,True
id_5131,id_5131,0.6273,True
id_5131,id_5131,0.6716,True
id_5131,id_5131,0.5791,True
id_5131,id_5131,0.5095,True
id_5131,id_5131,0.6037,True
id_5131,id_5131,0.5820,True
id_5131,id_5131,0.5117,True
id_5131,id_5131,0.5858,True
id_5131,id_5131,0.6566,True
id_5131,id_5131,0.6973,True
id_5131,id_5131,0.7496,True
id_5131,id_5131,0.6166,True
id_287,id_287,0.5300,True
id_287,id_287,0.4873,True
id_287,id_287,0.5122,True
id_287,id_287,0.5886,True
id_287,id_864,0.4334,False
id_287,id_7478,0.3822,False
id_287,id_287,0.4618,True
id_287,id_287,0.4959,True
id_287,id_7752,0.3163,False
id_287,id_261,0.3942,False
id_287,id_287,0.4207,True
id_287,id_287,0.4493,True
id_287,id_287,0.5649,True
id_287,id_287,0.4608,True
id_287,id_252,0.3290,False
id_287,id_287,0.3941,True
id_287,id_397,0.3640,False
id_287,id_287,0.5556,True
id_2295,id_2295,0.4509,True
id_2295,id_714,0.4014,False
id_2295,id_4436,0.3797,False
id_2295,id_2295,0.4061,True
id_2295,id_8440,0.3416,False
id_7567,id_7567,0.6391,True
id_7567,id_7567,0.6704,True
id_7567,id_8440,0.4026,False
id_7567,id_1268,0.4879,False
id_7567,id_7567,0.6736,True
id_7567,id_7567,0.6011,True
id_7567,id_7567,0.6090,True
id_7567,id_7567,0.5608,True
id_7567,id_7567,0.6596,True
id_7089,id_9353,0.3815,False
id_7089,id_7089,0.4657,True
id_7089,id_9598,0.4105,False
id_7089,id_9427,0.3227,False
id_7089,id_3492,0.4089,False
id_7089,id_7089,0.5241,True
id_7089,id_7089,0.4998,True
id_7089,id_7273,0.3462,False
id_7089,id_255,0.2856,False
id_7089,id_7089,0.5112,True
id_7089,id_7089,0.4402,True
id_7089,id_4698,0.4292,False
id_8613,id_8613,0.5625,True
id_8613,id_3492,0.4227,False
id_8613,id_5058,0.5133,False
id_8613,id_7451,0.4562,False
id_8613,id_2358,0.3969,False
id_8613,id_8977,0.3581,False
id_8613,id_8613,0.5001,True
id_8613,id_8021,0.2974,False
id_8613,id_8613,0.4744,True
id_8613,id_1542,0.3852,False
id_8613,id_3153,0.4065,False
id_8613,id_69,0.4342,False
id_8613,id_8613,0.5429,True
id_8613,id_470,0.3111,False
id_8613,id_8613,0.3958,True
id_8613,id_8613,0.4723,True
id_8613,id_3165,0.4317,False
id_8613,id_8613,0.4716,True
id_8613,id_8613,0.4803,True
id_8613,id_5794,0.4234,False
id_8613,id_6088,0.4769,False
id_8613,id_8613,0.4078,True
id_8613,id_6543,0.3623,False
id_8613,id_5794,0.4509,False
id_8613,id_1888,0.3522,False
id_8613,id_8613,0.5377,True
id_8613,id_8613,0.4332,True
id_8613,id_9695,0.4014,False
id_8613,id_8613,0.5177,True
id_8613,id_8613,0.5625,True
id_8613,id_8613,0.4502,True
id_8613,id_8613,0.4600,True
id_8613,id_8613,0.4761,True
id_8613,id_5273,0.4135,False
id_8613,id_414,0.3912,False
id_8613,id_8613,0.5554,True
id_8613,id_8613,0.3956,True
id_8613,id_8613,0.3338,True
id_3153,id_3153,0.6980,True
id_3153,id_3153,0.7012,True
id_3153,id_8811,0.3908,False
id_3153,id_3153,0.8292,True
id_3153,id_3153,0.6102,True
id_3153,id_3153,0.7351,True
id_3153,id_3153,0.6087,True
id_3153,id_3153,0.4845,True
id_3153,id_3153,0.6621,True
id_3153,id_3153,0.5989,True
id_3153,id_3153,0.5580,True
id_3153,id_3492,0.4936,False
id_3153,id_3819,0.4945,False
id_3153,id_3153,0.6593,True
id_3153,id_3153,0.5924,True
id_3153,id_1847,0.4642,False
id_3153,id_3153,0.5529,True
id_3153,id_3153,0.5994,True
id_3153,id_3153,0.5281,True
id_3153,id_3153,0.4565,True
id_3153,id_3153,0.7207,True
id_3153,id_3153,0.5830,True
id_3153,id_3153,0.5776,True
id_3153,id_3153,0.4167,True
id_3153,id_3153,0.6081,True
id_3153,id_3153,0.7443,True
id_3153,id_3153,0.4872,True
id_3153,id_3153,0.5171,True
id_3153,id_3153,0.5076,True
id_3153,id_3153,0.5268,True
id_3153,id_3153,0.6230,True
id_3153,id_3153,0.5479,True
id_3153,id_3153,0.7592,True
id_3153,id_3153,0.6442,True
id_3153,id_7575,0.3073,False
id_3153,id_3153,0.6454,True
id_3153,id_3153,0.7202,True
id_3153,id_3153,0.6994,True
id_3153,id_3153,0.5537,True
id_3153,id_3153,0.6678,True
id_3153,id_3153,0.3858,True
id_3153,id_3153,0.4947,True
id_3153,id_3153,0.5111,True
id_3153,id_3153,0.7210,True
id_3153,id_3153,0.6868,True
id_3153,id_3153,0.7379,True
id_3153,id_8677,0.3575,False
id_3153,id_3153,0.6131,True
id_3153,id_3153,0.5119,True
id_3153,id_3153,0.4107,True
id_3153,id_3153,0.6995,True
id_3153,id_3153,0.6593,True
id_6001,id_3750,0.4874,False
id_6001,id_9806,0.3783,False
id_6001,id_6001,0.4814,True
id_6001,id_2369,0.3102,False
id_6001,id_6001,0.5892,True
id_6001,id_6001,0.7580,True
id_6001,id_2331,0.5122,False
id_6001,id_6001,0.7074,True
id_6001,id_6001,0.6611,True
id_6001,id_6001,0.6911,True
id_6001,id_2333,0.4918,False
id_6001,id_6001,0.6765,True
id_6001,id_6001,0.6167,True
id_6001,id_6001,0.5910,True
id_6001,id_5278,0.3292,False
id_6001,id_6001,0.6716,True
id_5467,id_2589,0.4119,False
id_5467,id_2589,0.3339,False
id_5467,id_5467,0.4473,True
id_5467,id_2878,0.3848,False
id_5467,id_5467,0.4769,True
id_5467,id_5467,0.5929,True
id_10050,id_10050,0.4150,True
id_10050,id_6336,0.3872,False
id_10050,id_10050,0.4733,True
id_10050,id_10050,0.4633,True
id_10050,id_5886,0.4298,False
id_10050,id_2134,0.3456,False
id_10050,id_4459,0.3871,False
id_10050,id_10050,0.4474,True
id_7193,id_7193,0.6882,True
id_7193,id_7193,0.6810,True
id_7193,id_7193,0.5542,True
id_7193,id_7193,0.8087,True
id_7193,id_7193,0.5821,True
id_7193,id_7193,0.7265,True
id_7193,id_7193,0.3780,True
id_7193,id_7193,0.8171,True
id_7193,id_5045,0.3826,False
id_1532,id_1532,0.4245,True
id_1532,id_1532,0.6126,True
id_1532,id_1532,0.5924,True
id_1532,id_3461,0.3979,False
id_1532,id_1532,0.6060,True
id_1532,id_1532,0.5966,True
id_1532,id_1532,0.4559,True
id_1532,id_4878,0.3966,False
id_1532,id_1532,0.5263,True
id_1532,id_1532,0.3500,True
id_1532,id_952,0.4527,False
id_4647,id_4165,0.4239,False
id_4647,id_4647,0.4031,True
id_4647,id_4647,0.5646,True
id_4647,id_4647,0.3665,True
id_4647,id_4647,0.5728,True
id_4647,id_9816,0.3827,False
id_4647,id_4647,0.5820,True
id_4647,id_4647,0.4323,True
id_4647,id_4647,0.5962,True
id_4647,id_6319,0.3456,False
id_4647,id_4647,0.5860,True
id_4647,id_4647,0.4275,True
id_1027,id_1027,0.6219,True
id_1027,id_1027,0.6383,True
id_1027,id_1027,0.6796,True
id_1027,id_1027,0.6727,True
id_1027,id_1027,0.6381,True
id_1027,id_1271,0.3570,False
id_1027,id_1027,0.3720,True
id_1027,id_1027,0.5696,True
id_1027,id_1027,0.5918,True
id_1027,id_6213,0.4634,False
id_1027,id_177,0.4299,False
id_1027,id_1027,0.4180,True
id_1027,id_1026,0.4201,False
id_3140,id_3589,0.4488,False
id_3140,id_3140,0.5848,True
id_3140,id_5033,0.4559,False
id_3140,id_3140,0.5014,True
id_3140,id_8641,0.4811,False
id_3140,id_3140,0.6492,True
id_3140,id_5869,0.3745,False
id_3140,id_3140,0.4681,True
id_3140,id_3140,0.4764,True
id_3140,id_2410,0.3868,False
id_3140,id_2478,0.3709,False
id_3140,id_3140,0.5994,True
id_3140,id_3140,0.5967,True
id_904,id_3537,0.5085,False
id_904,id_3289,0.4061,False
id_904,id_904,0.5921,True
id_904,id_904,0.4449,True
id_904,id_7090,0.4859,False
id_904,id_904,0.6664,True
id_904,id_4542,0.2996,False
id_904,id_904,0.3581,True
id_904,id_5596,0.3497,False
id_904,id_9794,0.3460,False
id_904,id_904,0.6017,True
id_904,id_3503,0.3166,False
id_904,id_904,0.6123,True
id_904,id_904,0.5923,True
id_904,id_904,0.5040,True
id_904,id_904,0.6530,True
id_904,id_904,0.5316,True
id_904,id_904,0.4971,True
id_904,id_904,0.6149,True
id_904,id_904,0.4701,True
id_2802,id_2802,0.4177,True
id_2802,id_2802,0.5529,True
id_2802,id_2802,0.6020,True
id_2802,id_2802,0.6937,True
id_2802,id_9188,0.3762,False
id_2802,id_2802,0.5706,True
id_2802,id_2802,0.5609,True
id_2802,id_2802,0.6498,True
id_2802,id_2802,0.5062,True
id_2802,id_2802,0.5231,True
id_2802,id_2802,0.5645,True
id_2802,id_2802,0.5804,True
id_2802,id_9489,0.4125,False
id_2802,id_2802,0.6759,True
id_2802,id_4619,0.3900,False
id_2802,id_2802,0.3715,True
id_2802,id_2287,0.4804,False
id_2802,id_2802,0.3865,True
id_2802,id_3936,0.3865,False
id_2802,id_2802,0.5839,True
id_2802,id_2802,0.3835,True
id_2802,id_2802,0.7405,True
id_2802,id_2802,0.6307,True
id_2802,id_2802,0.5904,True
id_2802,id_2802,0.6035,True
id_2802,id_2802,0.5496,True
id_2802,id_2802,0.6807,True
id_2802,id_2802,0.5755,True
id_2802,id_2802,0.6708,True
id_2802,id_2802,0.5476,True
id_2802,id_2802,0.6331,True
id_2802,id_446,0.3601,False
id_2802,id_2802,0.5725,True
id_2802,id_2802,0.5867,True
id_7022,id_7022,0.5798,True
id_7022,id_2101,0.5122,False
id_7022,id_7022,0.6106,True
id_7022,id_7022,0.5630,True
id_7022,id_7022,0.6745,True
id_7022,id_8531,0.5154,False
id_7022,id_7022,0.6913,True
id_7022,id_1824,0.4152,False
id_7022,id_4138,0.4940,False
id_7022,id_7022,0.6399,True
id_7022,id_5922,0.3586,False
id_7022,id_8469,0.5218,False
id_7022,id_7022,0.4851,True
id_7022,id_8685,0.4609,False
id_505,id_505,0.6803,True
id_505,id_505,0.6032,True
id_505,id_3257,0.4099,False
id_505,id_505,0.5863,True
id_505,id_505,0.3613,True
id_505,id_2801,0.4922,False
id_505,id_505,0.7004,True
id_505,id_3709,0.4948,False
id_505,id_505,0.5699,True
id_10434,id_10434,0.7952,True
id_10434,id_10434,0.7344,True
id_10434,id_10434,0.4969,True
id_10434,id_10434,0.7491,True
id_10434,id_10434,0.6481,True
id_10434,id_4634,0.5249,False
id_10434,id_10434,0.7290,True
id_10434,id_10434,0.6941,True
id_10434,id_7772,0.3010,False
id_7575,id_7575,0.5036,True
id_7575,id_7575,0.6797,True
id_7575,id_7575,0.6062,True
id_7575,id_7575,0.5035,True
id_7575,id_7575,0.4991,True
id_7575,id_7575,0.5392,True
id_7575,id_505,0.4317,False
id_7575,id_7575,0.4761,True
id_9187,id_9187,0.5541,True
id_9187,id_9187,0.4705,True
id_9187,id_2170,0.3435,False
id_9187,id_9470,0.4336,False
id_9187,id_9187,0.5238,True
id_9187,id_9187,0.4723,True
id_9187,id_9187,0.4199,True
id_9187,id_9187,0.4647,True
id_5257,id_8469,0.4303,False
id_5257,id_5257,0.6603,True
id_5257,id_9356,0.4814,False
id_5257,id_5257,0.7636,True
id_5257,id_5257,0.6714,True
id_5257,id_7484,0.3996,False
id_5257,id_5257,0.5961,True
id_5257,id_6543,0.4402,False
id_5257,id_6731,0.3961,False
id_5257,id_5257,0.4006,True
id_5257,id_5257,0.6920,True
id_5257,id_9181,0.5251,False
id_5257,id_5257,0.5749,True
id_5257,id_5257,0.5869,True
id_5257,id_5257,0.4544,True
id_5257,id_5257,0.6151,True
id_5257,id_5257,0.6383,True
id_5257,id_9356,0.4149,False
id_5257,id_5257,0.6979,True
id_5257,id_5257,0.6230,True
id_5257,id_5257,0.6223,True
id_5257,id_5257,0.6481,True
id_5257,id_4075,0.4868,False
id_5257,id_5257,0.5020,True
id_5257,id_5257,0.5989,True
id_1936,id_1936,0.7733,True
id_1936,id_1936,0.5398,True
id_1936,id_1936,0.4004,True
id_1936,id_1936,0.5863,True
id_1936,id_1936,0.5348,True
id_1936,id_1936,0.7913,True
id_1936,id_1936,0.7374,True
id_1936,id_1936,0.6634,True
id_1936,id_5064,0.4587,False
id_1936,id_5222,0.3794,False
id_1936,id_1936,0.7471,True
id_1936,id_1936,0.6532,True
id_1936,id_1936,0.4636,True
id_1936,id_1936,0.6930,True
id_1936,id_1936,0.7875,True
id_1936,id_4630,0.3747,False
id_1936,id_8641,0.4085,False
id_1936,id_1936,0.5059,True
id_1936,id_1936,0.6282,True
id_1936,id_1936,0.6938,True
id_9599,id_1127,0.4339,False
id_9599,id_8389,0.4131,False
id_9599,id_9863,0.4706,False
id_9599,id_9599,0.4819,True
id_8021,id_8021,0.5178,True
id_8021,id_8021,0.5929,True
id_8021,id_8021,0.5025,True
id_8021,id_8021,0.5546,True
id_8021,id_8021,0.4892,True
id_8021,id_8021,0.5095,True
id_8021,id_9873,0.4846,False
id_8021,id_8021,0.5244,True
id_8021,id_8021,0.6149,True
id_8021,id_8021,0.4342,True
id_8021,id_8021,0.5013,True
id_8021,id_7149,0.3810,False
id_8021,id_8021,0.5047,True
id_8021,id_8021,0.6424,True
id_8021,id_8021,0.5239,True
id_465,id_465,0.5596,True
id_465,id_465,0.5565,True
id_465,id_465,0.5570,True
id_465,id_2689,0.4134,False
id_465,id_465,0.5578,True
id_465,id_2480,0.4224,False
id_465,id_7282,0.4944,False
id_465,id_2646,0.2884,False
id_465,id_1226,0.3934,False
id_1735,id_1735,0.6488,True
id_1735,id_10125,0.4138,False
id_1735,id_1735,0.4713,True
id_1735,id_1735,0.6957,True
id_1735,id_701,0.5083,False
id_1735,id_1735,0.5957,True
id_1735,id_8622,0.5214,False
id_1735,id_1824,0.4707,False
id_1735,id_99,0.3710,False
id_2478,id_2478,0.6643,True
id_2478,id_2478,0.7319,True
id_2478,id_2478,0.7327,True
id_2478,id_2478,0.7261,True
id_2478,id_2478,0.4477,True
id_2478,id_2478,0.7453,True
id_2478,id_2478,0.8224,True
id_2478,id_2478,0.7399,True
id_2478,id_2478,0.5677,True
id_2478,id_9032,0.4205,False
id_2478,id_2478,0.5350,True
id_2478,id_2478,0.6051,True
id_2478,id_2478,0.7180,True
id_2478,id_2478,0.7338,True
id_2478,id_2478,0.4848,True
id_2478,id_6667,0.4559,False
id_2478,id_2478,0.7607,True
id_2478,id_2478,0.7559,True
id_2478,id_2478,0.3470,True
id_2478,id_2478,0.7558,True
id_2478,id_7554,0.4247,False
id_2478,id_2478,0.6736,True
id_2478,id_2478,0.7876,True
id_2478,id_2478,0.6221,True
id_2478,id_2478,0.6857,True
id_2478,id_2478,0.7137,True
id_2478,id_2478,0.5674,True
id_2478,id_2478,0.7925,True
id_2478,id_2478,0.8046,True
id_1481,id_1481,0.5012,True
id_1481,id_1481,0.5116,True
id_1481,id_1481,0.4419,True
id_1481,id_1481,0.4281,True
id_1481,id_1481,0.5116,True
id_1481,id_1481,0.6354,True
id_1481,id_4583,0.4152,False
id_1481,id_1481,0.5111,True
id_2489,id_6284,0.3895,False
id_2489,id_8428,0.4851,False
id_2489,id_1360,0.4369,False
id_2489,id_5235,0.3342,False
id_2489,id_10136,0.3577,False
id_2489,id_4630,0.4083,False
id_2489,id_6560,0.3860,False
id_2489,id_3165,0.3901,False
id_610,id_610,0.6426,True
id_610,id_610,0.6132,True
id_610,id_610,0.6025,True
id_610,id_610,0.6561,True
id_610,id_6560,0.4214,False
id_610,id_3963,0.3301,False
id_610,id_610,0.7002,True
id_610,id_3623,0.4117,False
id_610,id_610,0.6595,True
id_610,id_610,0.5111,True
id_610,id_610,0.5726,True
id_610,id_2663,0.4354,False
id_610,id_610,0.4777,True
id_610,id_610,0.3999,True
id_610,id_610,0.5413,True
id_610,id_610,0.6825,True
id_610,id_610,0.5004,True
id_610,id_610,0.6049,True
id_610,id_610,0.5334,True
id_610,id_834,0.3978,False
id_610,id_610,0.5150,True
id_610,id_252,0.4076,False
id_610,id_610,0.4993,True
id_610,id_610,0.5109,True
id_610,id_610,0.6061,True
id_610,id_5033,0.3081,False
id_610,id_10428,0.3356,False
id_610,id_3095,0.2834,False
id_610,id_610,0.6132,True
id_610,id_610,0.5253,True
id_7703,id_7703,0.4796,True
id_7703,id_7703,0.4225,True
id_7703,id_7703,0.7363,True
id_7703,id_7703,0.5648,True
id_7703,id_7703,0.6692,True
id_7703,id_7703,0.6289,True
id_7703,id_7703,0.6835,True
id_7703,id_7703,0.6213,True
id_7703,id_7703,0.7669,True
id_1694,id_793,0.4385,False
id_1694,id_4086,0.2920,False
id_1694,id_1694,0.4652,True
id_1694,id_4358,0.3695,False
id_1694,id_69,0.4130,False
id_1694,id_4138,0.3875,False
id_1694,id_1694,0.4494,True
id_1694,id_5886,0.4292,False
id_1694,id_1924,0.4648,False
id_1694,id_1694,0.3796,True
id_1694,id_4317,0.3844,False
id_1694,id_186,0.4837,False
id_1694,id_1694,0.4661,True
id_1694,id_1694,0.4415,True
id_1694,id_1694,0.4022,True
id_1694,id_6457,0.4525,False
id_1694,id_2623,0.3376,False
id_1694,id_1952,0.4368,False
id_1694,id_1694,0.4652,True
id_476,id_496,0.3852,False
id_476,id_476,0.6016,True
id_476,id_476,0.5092,True
id_476,id_9288,0.2951,False
id_476,id_5223,0.4755,False
id_476,id_476,0.5422,True
id_476,id_476,0.6146,True
id_476,id_476,0.3621,True
id_476,id_3877,0.4155,False
id_476,id_476,0.6921,True
id_476,id_476,0.5984,True
id_476,id_476,0.5084,True
id_476,id_476,0.4590,True
id_476,id_476,0.3677,True
id_476,id_476,0.6693,True
id_476,id_6218,0.5000,False
id_476,id_476,0.5665,True
id_476,id_476,0.5808,True
id_476,id_3492,0.4845,False
id_476,id_476,0.5017,True
id_476,id_8604,0.5400,False
id_476,id_792,0.3811,False
id_476,id_476,0.5606,True
id_476,id_7484,0.4002,False
id_476,id_7478,0.4642,False
id_476,id_476,0.6052,True
id_476,id_476,0.5364,True
id_476,id_6833,0.4125,False
id_476,id_476,0.5716,True
id_476,id_476,0.4464,True
id_476,id_5794,0.5339,False
id_476,id_9051,0.5025,False
id_476,id_476,0.7118,True
id_476,id_3257,0.4089,False
id_476,id_1652,0.4287,False
id_476,id_1321,0.3504,False
id_476,id_7300,0.3974,False
id_476,id_476,0.5627,True
id_476,id_476,0.5746,True
id_476,id_476,0.6189,True
id_476,id_7752,0.3905,False
id_476,id_476,0.4387,True
id_476,id_2480,0.4072,False
id_476,id_8159,0.3161,False
id_476,id_6376,0.4265,False
id_476,id_476,0.4201,True
id_476,id_476,0.4863,True
id_476,id_476,0.7097,True
id_476,id_4532,0.4014,False
id_476,id_476,0.5843,True
id_476,id_476,0.6666,True
id_476,id_476,0.6250,True
id_476,id_476,0.5932,True
id_476,id_8970,0.4921,False
id_476,id_476,0.5422,True
id_476,id_1514,0.4535,False
id_476,id_5988,0.4401,False
id_476,id_9291,0.4520,False
id_476,id_476,0.6900,True
id_476,id_476,0.5332,True
id_476,id_476,0.4888,True
id_476,id_476,0.6127,True
id_476,id_476,0.5392,True
id_476,id_476,0.5902,True
id_476,id_2101,0.4945,False
id_476,id_476,0.4815,True
id_476,id_7568,0.3942,False
id_476,id_476,0.5750,True
id_476,id_476,0.4495,True
id_476,id_556,0.4674,False
id_476,id_476,0.4796,True
id_476,id_476,0.6121,True
id_476,id_476,0.4753,True
id_476,id_2500,0.4298,False
id_476,id_7506,0.4266,False
id_476,id_476,0.5082,True
id_476,id_556,0.3871,False
id_476,id_476,0.5961,True
id_476,id_476,0.4715,True
id_476,id_9181,0.5360,False
id_476,id_476,0.6164,True
id_476,id_476,0.5602,True
id_476,id_556,0.4280,False
id_476,id_8970,0.3733,False
id_476,id_1001,0.4706,False
id_476,id_476,0.4648,True
id_476,id_3855,0.3033,False
id_476,id_1750,0.4142,False
id_476,id_7218,0.3834,False
id_476,id_476,0.5160,True
id_476,id_476,0.5414,True
id_476,id_4086,0.3472,False
id_476,id_1952,0.3523,False
id_476,id_5794,0.4165,False
id_476,id_3917,0.3548,False
id_476,id_476,0.4750,True
id_476,id_2164,0.4279,False
id_476,id_476,0.6213,True
id_476,id_476,0.5991,True
id_476,id_6816,0.3485,False
id_476,id_476,0.6141,True
id_476,id_476,0.5382,True
id_476,id_476,0.4294,True
id_476,id_2985,0.4545,False
id_476,id_5223,0.4063,False
id_476,id_476,0.5029,True
id_476,id_9051,0.3430,False
id_476,id_476,0.4960,True
id_476,id_476,0.4336,True
id_476,id_476,0.5938,True
id_476,id_3257,0.3787,False
id_476,id_476,0.7171,True
id_476,id_6284,0.4574,False
id_476,id_476,0.5616,True
id_476,id_5794,0.3651,False
id_476,id_8469,0.4034,False
id_476,id_2730,0.4707,False
id_476,id_476,0.5597,True
id_476,id_1393,0.4729,False
id_476,id_6890,0.3668,False
id_476,id_476,0.5205,True
id_476,id_470,0.5190,False
id_476,id_3722,0.4280,False
id_476,id_476,0.5429,True
id_476,id_6284,0.4983,False
id_476,id_1824,0.4100,False
id_476,id_476,0.5260,True
id_476,id_239,0.3453,False
id_476,id_2164,0.3018,False
id_476,id_476,0.5942,True
id_476,id_69,0.4197,False
id_476,id_7506,0.3342,False
id_476,id_476,0.4390,True
id_476,id_476,0.5522,True
id_476,id_1540,0.4428,False
id_476,id_1542,0.4141,False
id_476,id_476,0.5671,True
id_476,id_264,0.3728,False
id_476,id_476,0.5783,True
id_476,id_476,0.5346,True
id_476,id_6218,0.4854,False
id_476,id_2802,0.3798,False
id_476,id_10023,0.3051,False
id_476,id_5223,0.3942,False
id_476,id_476,0.4920,True
id_476,id_476,0.5011,True
id_476,id_476,0.6149,True
id_476,id_476,0.5743,True
id_476,id_6284,0.3903,False
id_476,id_6218,0.3604,False
id_476,id_476,0.6516,True
id_476,id_476,0.5697,True
id_476,id_476,0.3648,True
id_476,id_476,0.5510,True
id_476,id_6284,0.4012,False
id_476,id_10482,0.2836,False
id_476,id_7658,0.4549,False
id_476,id_5934,0.3890,False
id_476,id_7123,0.2757,False
id_476,id_476,0.6044,True
id_476,id_476,0.5265,True
id_476,id_476,0.5639,True
id_476,id_3165,0.4825,False
id_476,id_7300,0.4426,False
id_476,id_476,0.4846,True
id_476,id_7451,0.3852,False
id_476,id_7484,0.4161,False
id_5305,id_5305,0.4942,True
id_5305,id_5305,0.5165,True
id_5305,id_1644,0.3486,False
id_5305,id_3251,0.3843,False
id_5305,id_8414,0.2960,False
id_5305,id_488,0.4616,False
id_5305,id_6642,0.3851,False
id_5305,id_5305,0.4377,True
id_5305,id_4009,0.4059,False
id_5305,id_3735,0.4527,False
id_5305,id_5305,0.4214,True
id_5305,id_7752,0.3590,False
id_5305,id_6556,0.3424,False
id_5507,id_5033,0.2696,False
id_5507,id_5507,0.3012,True
id_5507,id_5507,0.7707,True
id_5507,id_5507,0.5446,True
id_5507,id_3461,0.2774,False
id_5507,id_7484,0.3465,False
id_5507,id_5507,0.7281,True
id_5507,id_5507,0.4939,True
id_5507,id_5507,0.3620,True
id_5507,id_5507,0.7489,True
id_5507,id_5507,0.6786,True
id_5507,id_6266,0.3772,False
id_6302,id_9139,0.3864,False
id_6302,id_10079,0.3755,False
id_6302,id_6302,0.4653,True
id_6302,id_6302,0.4517,True
id_6302,id_6302,0.5245,True
id_6302,id_6302,0.4775,True
id_6302,id_6302,0.5332,True
id_6302,id_6302,0.5215,True
id_6302,id_6302,0.4125,True
id_6302,id_6302,0.4661,True
id_6302,id_6302,0.5589,True
id_6302,id_6302,0.4876,True
id_6302,id_5818,0.4732,False
id_6302,id_6302,0.2700,True
id_6302,id_6302,0.5086,True
id_6302,id_6302,0.4362,True
id_6302,id_6302,0.4826,True
id_6302,id_7575,0.4156,False
id_6139,id_6139,0.5730,True
id_6139,id_6821,0.3981,False
id_6139,id_6139,0.6323,True
id_6139,id_6139,0.6055,True
id_6139,id_6139,0.5986,True
id_6139,id_6139,0.6715,True
id_6139,id_6139,0.5654,True
id_6139,id_6139,0.5996,True
id_165,id_165,0.7244,True
id_165,id_165,0.7619,True
id_165,id_165,0.7758,True
id_165,id_10152,0.3464,False
id_165,id_165,0.3616,True
id_165,id_165,0.7232,True
id_165,id_165,0.5303,True
id_165,id_1612,0.4210,False
id_165,id_165,0.7588,True
id_165,id_165,0.6710,True
id_165,id_165,0.5558,True
id_165,id_165,0.8130,True
id_165,id_165,0.6954,True
id_165,id_165,0.6882,True
id_165,id_165,0.8182,True
id_165,id_165,0.8784,True
id_165,id_165,0.7595,True
id_165,id_165,0.7771,True
id_165,id_165,0.7156,True
id_165,id_7363,0.3136,False
id_165,id_165,0.7429,True
id_165,id_165,0.5511,True
id_165,id_165,0.7214,True
id_165,id_165,0.4791,True
id_165,id_165,0.6694,True
id_165,id_165,0.6965,True
id_165,id_165,0.7431,True
id_165,id_165,0.4634,True
id_165,id_165,0.7013,True
id_165,id_165,0.7661,True
id_165,id_6667,0.3424,False
id_165,id_165,0.6464,True
id_165,id_165,0.7624,True
id_165,id_165,0.7975,True
id_165,id_165,0.8089,True
id_165,id_165,0.5619,True
id_165,id_165,0.6133,True
id_165,id_165,0.6741,True
id_165,id_165,0.4177,True
id_165,id_165,0.7400,True
id_165,id_165,0.4840,True
id_165,id_165,0.7233,True
id_165,id_165,0.6281,True
id_165,id_165,0.4961,True
id_165,id_165,0.3376,True
id_165,id_165,0.6997,True
id_165,id_252,0.2894,False
id_165,id_165,0.4131,True
id_165,id_4820,0.3570,False
id_165,id_165,0.5295,True
id_165,id_165,0.7763,True
id_165,id_165,0.6868,True
id_165,id_165,0.8028,True
id_165,id_7834,0.3697,False
id_165,id_165,0.7943,True
id_165,id_165,0.7838,True
id_165,id_3157,0.4699,False
id_165,id_165,0.5675,True
id_165,id_4358,0.4014,False
id_165,id_953,0.4615,False
id_165,id_4956,0.4393,False
id_165,id_165,0.5056,True
id_165,id_165,0.7985,True
id_165,id_713,0.3129,False
id_165,id_165,0.8370,True
id_165,id_165,0.7598,True
id_165,id_165,0.7237,True
id_165,id_165,0.3928,True
id_165,id_165,0.7725,True
id_165,id_165,0.7697,True
id_165,id_165,0.6688,True
id_165,id_2480,0.3105,False
id_165,id_165,0.4664,True
id_165,id_165,0.8383,True
id_165,id_1765,0.3358,False
id_165,id_165,0.7604,True
id_165,id_165,0.7480,True
id_165,id_165,0.7340,True
id_165,id_165,0.6834,True
id_165,id_165,0.4076,True
id_165,id_165,0.6649,True
id_165,id_165,0.7448,True
id_165,id_165,0.8518,True
id_165,id_165,0.8055,True
id_165,id_165,0.5415,True
id_165,id_2878,0.4241,False
id_165,id_165,0.7422,True
id_165,id_3517,0.4362,False
id_165,id_165,0.7797,True
id_165,id_165,0.8296,True
id_2154,id_470,0.3967,False
id_2154,id_4455,0.4372,False
id_2154,id_6594,0.4545,False
id_2154,id_2154,0.6035,True
id_2154,id_2154,0.6744,True
id_2154,id_3257,0.4599,False
id_2154,id_7451,0.4760,False
id_2154,id_2154,0.4111,True
id_2154,id_2164,0.3556,False
id_2154,id_2154,0.6294,True
id_2154,id_2154,0.6301,True
id_2154,id_2154,0.5964,True
id_2154,id_2154,0.6684,True
id_2154,id_2154,0.5538,True
id_2154,id_2154,0.6108,True
id_2154,id_2154,0.5758,True
id_2154,id_2154,0.5448,True
id_2154,id_2154,0.5103,True
id_2154,id_3257,0.4284,False
id_2154,id_2154,0.5322,True
id_2154,id_2154,0.4698,True
id_2154,id_4455,0.4986,False
id_2154,id_8482,0.4017,False
id_2154,id_2154,0.5938,True
id_2154,id_2154,0.5036,True
id_2154,id_1357,0.4317,False
id_2154,id_7451,0.4703,False
id_2154,id_2154,0.6299,True
id_2154,id_2154,0.5545,True
id_2154,id_2154,0.5950,True
id_2154,id_2154,0.4336,True
id_2154,id_5956,0.3729,False
id_2154,id_4455,0.5366,False
id_2154,id_2154,0.6251,True
id_2154,id_2154,0.4862,True
id_2154,id_2154,0.4848,True
id_2154,id_2154,0.6187,True
id_2154,id_4455,0.6074,False
id_2154,id_2154,0.6453,True
id_2154,id_2154,0.6350,True
id_2154,id_3165,0.5600,False
id_2154,id_4138,0.3871,False
id_2154,id_2154,0.5259,True
id_2154,id_4455,0.5086,False
id_2154,id_2154,0.5006,True
id_2154,id_1542,0.3861,False
id_2154,id_2154,0.5114,True
id_2154,id_2154,0.6368,True
id_2154,id_2154,0.5867,True
id_2154,id_2154,0.6099,True
id_2154,id_2154,0.5153,True
id_2154,id_2154,0.4632,True
id_2154,id_2154,0.5979,True
id_2154,id_2154,0.6494,True
id_2154,id_2154,0.5516,True
id_2154,id_2154,0.5845,True
id_2154,id_2154,0.6705,True
id_2154,id_2154,0.5241,True
id_5806,id_5806,0.5763,True
id_5806,id_5806,0.6814,True
id_5806,id_5806,0.5365,True
id_5806,id_5806,0.6890,True
id_5806,id_5806,0.5668,True
id_5806,id_5806,0.4740,True
id_5806,id_5806,0.6429,True
id_5806,id_5806,0.4379,True
id_5806,id_2351,0.4420,False
id_5806,id_5806,0.6378,True
id_5806,id_3016,0.3812,False
id_5806,id_1535,0.3490,False
id_5806,id_4505,0.3694,False
id_5806,id_5806,0.5398,True
id_5806,id_5806,0.7456,True
id_5806,id_10135,0.3550,False
id_5806,id_5806,0.5907,True
id_7568,id_8622,0.4472,False
id_7568,id_7568,0.5494,True
id_7568,id_1694,0.4122,False
id_7568,id_2435,0.4550,False
id_7568,id_5999,0.4508,False
id_7568,id_7568,0.5621,True
id_7568,id_3855,0.4485,False
id_7568,id_9716,0.4849,False
id_7568,id_9950,0.4215,False
id_7568,id_7568,0.5795,True
id_7568,id_10422,0.5210,False
id_7568,id_7568,0.5440,True
id_3902,id_3902,0.5938,True
id_3902,id_3902,0.5644,True
id_3902,id_3902,0.4998,True
id_3902,id_5520,0.3724,False
id_3902,id_3902,0.6310,True
id_3902,id_3902,0.6647,True
id_3902,id_10464,0.2696,False
id_4530,id_4530,0.5593,True
id_4530,id_1765,0.3596,False
id_4530,id_4530,0.5798,True
id_4530,id_4530,0.6777,True
id_4530,id_4530,0.5343,True
id_4530,id_4530,0.5900,True
id_4530,id_4530,0.5897,True
id_4530,id_4530,0.6355,True
id_4530,id_4530,0.4903,True
id_9136,id_6637,0.4261,False
id_9136,id_9136,0.5533,True
id_9136,id_9136,0.6313,True
id_9136,id_7166,0.4112,False
id_9136,id_10422,0.5035,False
id_9136,id_9136,0.5045,True
id_6527,id_5593,0.4797,False
id_6527,id_6527,0.5046,True
id_6527,id_6527,0.6486,True
id_6527,id_6527,0.5908,True
id_6527,id_5895,0.4408,False
id_6527,id_1654,0.4624,False
id_6527,id_8866,0.5886,False
id_6527,id_4459,0.3099,False
id_6527,id_10289,0.4588,False
id_6527,id_1360,0.4273,False
id_6466,id_5711,0.4708,False
id_6466,id_6466,0.5611,True
id_6466,id_6466,0.6619,True
id_6466,id_6466,0.5526,True
id_6466,id_10079,0.3658,False
id_6466,id_5711,0.5208,False
id_6466,id_4075,0.4687,False
id_6466,id_6466,0.5965,True
id_6466,id_2415,0.3483,False
id_6466,id_6466,0.4707,True
id_6466,id_6466,0.6312,True
id_6466,id_6466,0.4529,True
id_6466,id_792,0.3944,False
id_6466,id_6466,0.6651,True
id_6466,id_6466,0.4504,True
id_9647,id_520,0.2963,False
id_9647,id_9647,0.4470,True
id_9647,id_9647,0.6955,True
id_9647,id_9647,0.4736,True
id_9647,id_9647,0.6737,True
id_2590,id_2590,0.5899,True
id_2590,id_2590,0.4084,True
id_2590,id_2590,0.4859,True
id_2590,id_2590,0.6505,True
id_2590,id_2590,0.4527,True
id_2590,id_2590,0.5370,True
id_2590,id_2590,0.4438,True
id_2590,id_2590,0.5405,True
id_2590,id_2590,0.6002,True
id_9272,id_9272,0.4952,True
id_9272,id_9272,0.7143,True
id_9272,id_9272,0.5204,True
id_9272,id_9272,0.6369,True
id_9272,id_9272,0.4335,True
id_9272,id_9272,0.6097,True
id_9272,id_2548,0.3736,False
id_9272,id_5870,0.4004,False
id_9272,id_9272,0.4884,True
id_9272,id_9272,0.6159,True
id_9272,id_9272,0.5561,True
id_9272,id_6582,0.2769,False
id_9272,id_9272,0.6382,True
id_9272,id_6482,0.3772,False
id_9272,id_9272,0.6423,True
id_9272,id_9272,0.6236,True
id_9272,id_5895,0.3162,False
id_9272,id_9272,0.5046,True
id_9272,id_9272,0.5018,True
id_9272,id_6637,0.4366,False
id_9272,id_9272,0.4212,True
id_9272,id_9272,0.5290,True
id_9272,id_9272,0.4968,True
id_9272,id_9032,0.3412,False
id_8755,id_8755,0.7421,True
id_8755,id_8755,0.4785,True
id_8755,id_8755,0.6872,True
id_8755,id_8755,0.6152,True
id_8755,id_8755,0.4792,True
id_8755,id_8755,0.5339,True
id_8755,id_8755,0.5084,True
id_8755,id_4358,0.3627,False
id_8755,id_8755,0.5629,True
id_8755,id_8755,0.6174,True
id_8755,id_8755,0.6264,True
id_8755,id_8755,0.5934,True
id_8755,id_8755,0.6274,True
id_8755,id_8755,0.7145,True
id_8755,id_8755,0.4805,True
id_8755,id_7022,0.4503,False
id_8755,id_8755,0.5235,True
id_8755,id_10023,0.3628,False
id_8755,id_4956,0.4095,False
id_8755,id_8755,0.4026,True
id_6648,id_6648,0.5586,True
id_6648,id_6648,0.5252,True
id_6648,id_6648,0.5743,True
id_6648,id_6648,0.5229,True
id_6648,id_6648,0.5065,True
id_6648,id_9393,0.3699,False
id_6648,id_5235,0.3697,False
id_6648,id_6648,0.6560,True
id_6648,id_6648,0.4658,True
id_6648,id_6648,0.6989,True
id_6648,id_6648,0.3902,True
id_6648,id_9694,0.4042,False
id_6648,id_10507,0.2638,False
id_6648,id_2802,0.3951,False
id_6648,id_6648,0.5040,True
id_6648,id_6648,0.5799,True
id_6648,id_3735,0.3503,False
id_6648,id_6648,0.5243,True
id_6648,id_6648,0.5699,True
id_3060,id_953,0.4206,False
id_3060,id_6368,0.4221,False
id_3060,id_6368,0.3606,False
id_3060,id_4749,0.3861,False
id_3060,id_3060,0.5142,True
id_3060,id_3060,0.5442,True
id_3060,id_3060,0.6461,True
id_3060,id_3060,0.5466,True
id_3060,id_3060,0.6049,True
id_3060,id_505,0.2841,False
id_3060,id_3060,0.4670,True
id_3060,id_5793,0.3390,False
id_3060,id_3060,0.5295,True
id_3060,id_3060,0.5080,True
id_4006,id_8682,0.4459,False
id_4006,id_4358,0.4135,False
id_4006,id_4726,0.4877,False
id_4006,id_1465,0.3960,False
id_4006,id_4006,0.5988,True
id_4006,id_4455,0.4941,False
id_4006,id_4006,0.5218,True
id_4006,id_5956,0.4541,False
id_4006,id_3911,0.5195,False
id_4006,id_4006,0.4254,True
id_4006,id_9530,0.3125,False
id_4006,id_4358,0.4135,False
id_4006,id_4006,0.6473,True
id_4006,id_10393,0.3309,False
id_4006,id_4006,0.4998,True
id_4006,id_4006,0.5685,True
id_4006,id_3902,0.3681,False
id_4006,id_4006,0.5612,True
id_4006,id_4006,0.5777,True
id_4006,id_4726,0.5422,False
id_4006,id_10131,0.3658,False
id_4006,id_4006,0.4083,True
id_4006,id_4006,0.5838,True
id_4006,id_7533,0.4714,False
id_4006,id_4006,0.4662,True
id_4006,id_6833,0.5648,False
id_4006,id_4006,0.4450,True
id_8639,id_8639,0.4012,True
id_8639,id_8639,0.3815,True
id_8639,id_476,0.4318,False
id_8639,id_8639,0.4887,True
id_8639,id_8639,0.5838,True
id_8639,id_7484,0.4255,False
id_8639,id_8639,0.4961,True
id_8639,id_6218,0.4002,False
id_5818,id_5818,0.4445,True
id_5818,id_3397,0.4543,False
id_5818,id_7174,0.3816,False
id_5818,id_8811,0.4627,False
id_5818,id_9716,0.4649,False
id_5818,id_4222,0.3744,False
id_5818,id_1884,0.4488,False
id_5818,id_1537,0.4794,False
id_5818,id_5818,0.5710,True
id_5818,id_1924,0.3913,False
id_5818,id_4323,0.3610,False
id_5818,id_7478,0.4622,False
id_5818,id_5818,0.5480,True
id_5818,id_5818,0.4885,True
id_5818,id_9489,0.3363,False
id_720,id_3735,0.4188,False
id_720,id_7947,0.4196,False
id_720,id_720,0.7214,True
id_720,id_7947,0.4196,False
id_720,id_720,0.7167,True
id_720,id_720,0.7008,True
id_720,id_720,0.6797,True
id_720,id_720,0.7281,True
id_720,id_720,0.6371,True
id_720,id_720,0.5365,True
id_720,id_9545,0.2515,False
id_720,id_720,0.7281,True
id_720,id_720,0.6399,True
id_720,id_7947,0.4196,False
id_720,id_720,0.5506,True
id_720,id_720,0.5913,True
id_65,id_4165,0.4802,False
id_65,id_3519,0.3642,False
id_65,id_65,0.6688,True
id_65,id_65,0.4385,True
id_65,id_3339,0.3077,False
id_65,id_1127,0.3569,False
id_65,id_4524,0.4829,False
id_65,id_65,0.5394,True
id_65,id_1434,0.4147,False
id_65,id_65,0.3434,True
id_65,id_65,0.5496,True
id_65,id_1597,0.4629,False
id_65,id_8011,0.3785,False
id_65,id_8622,0.3245,False
id_65,id_65,0.5156,True
id_65,id_2415,0.3294,False
id_65,id_65,0.5478,True
id_65,id_6741,0.4055,False
id_65,id_65,0.6050,True
id_65,id_8437,0.3177,False
id_65,id_10021,0.3812,False
id_65,id_5827,0.3210,False
id_65,id_5080,0.3460,False
id_65,id_65,0.5985,True
id_65,id_1003,0.3961,False
id_65,id_6245,0.7301,False
id_65,id_65,0.5334,True
id_65,id_5278,0.3384,False
id_65,id_3497,0.3431,False
id_65,id_65,0.5437,True
id_65,id_65,0.6708,True
id_65,id_6213,0.4460,False
id_65,id_3916,0.2988,False
id_65,id_65,0.4865,True
id_65,id_65,0.5249,True
id_65,id_4436,0.3753,False
id_65,id_65,0.6608,True
id_65,id_65,0.6449,True
id_10021,id_10021,0.5504,True
id_10021,id_4698,0.3051,False
id_10021,id_8206,0.4362,False
id_10021,id_9816,0.4340,False
id_10021,id_786,0.4477,False
id_10021,id_6882,0.4473,False
id_10021,id_10021,0.5810,True
id_10021,id_4855,0.3732,False
id_10021,id_4045,0.3495,False
id_540,id_540,0.6522,True
id_540,id_540,0.5271,True
id_540,id_497,0.3833,False
id_540,id_540,0.7002,True
id_540,id_540,0.7653,True
id_540,id_5011,0.4046,False
id_540,id_540,0.6489,True
id_540,id_3563,0.4097,False
id_540,id_540,0.6724,True
id_540,id_9598,0.4170,False
id_540,id_1020,0.3920,False
id_540,id_540,0.6029,True
id_540,id_2802,0.4033,False
id_540,id_540,0.5383,True
id_540,id_2878,0.5406,False
id_6894,id_6894,0.4511,True
id_6894,id_6894,0.5092,True
id_6894,id_1222,0.4842,False
id_6894,id_1222,0.4260,False
id_6894,id_1222,0.3718,False
id_27,id_6648,0.3416,False
id_27,id_27,0.6260,True
id_27,id_5836,0.4738,False
id_27,id_27,0.4959,True
id_27,id_27,0.5387,True
id_27,id_27,0.4927,True
id_27,id_7522,0.4462,False
id_27,id_27,0.5204,True
id_27,id_526,0.3967,False
id_27,id_3674,0.4414,False
id_27,id_27,0.3787,True
id_27,id_27,0.3940,True
id_27,id_2987,0.4661,False
id_27,id_27,0.4848,True
id_27,id_27,0.5542,True
id_27,id_4204,0.3789,False
id_27,id_27,0.6754,True
id_27,id_27,0.5806,True
id_27,id_9950,0.3852,False
id_27,id_27,0.5990,True
id_27,id_1750,0.3496,False
id_27,id_27,0.3999,True
id_27,id_27,0.5043,True
id_27,id_4634,0.3953,False
id_27,id_27,0.5917,True
id_27,id_27,0.6608,True
id_27,id_7363,0.4191,False
id_27,id_2950,0.4649,False
id_27,id_27,0.6139,True
id_27,id_369,0.3203,False
id_27,id_27,0.5194,True
id_27,id_27,0.6322,True
id_27,id_7582,0.4690,False
id_27,id_27,0.4602,True
id_27,id_4075,0.3736,False
id_27,id_5520,0.3955,False
id_27,id_2802,0.4276,False
id_27,id_27,0.4249,True
id_27,id_6077,0.2882,False
id_27,id_2128,0.4743,False
id_27,id_3773,0.4537,False
id_27,id_4505,0.2665,False
id_27,id_27,0.5824,True
id_27,id_27,0.4883,True
id_27,id_27,0.4500,True
id_27,id_27,0.4233,True
id_27,id_27,0.3842,True
id_27,id_27,0.4970,True
id_27,id_7484,0.4345,False
id_27,id_27,0.4651,True
id_27,id_27,0.5294,True
id_27,id_27,0.4791,True
id_27,id_3735,0.2541,False
id_27,id_2128,0.5392,False
id_27,id_27,0.6413,True
id_27,id_27,0.6119,True
id_27,id_27,0.5260,True
id_27,id_27,0.6532,True
id_27,id_27,0.5835,True
id_27,id_27,0.5898,True
id_27,id_7446,0.3394,False
id_27,id_27,0.4390,True
id_27,id_1535,0.4338,False
id_27,id_27,0.4242,True
id_27,id_4436,0.4542,False
id_27,id_255,0.4222,False
id_1744,id_9496,0.4190,False
id_1744,id_1744,0.5415,True
id_1744,id_1744,0.5516,True
id_1744,id_1744,0.5676,True
id_1744,id_1952,0.4373,False
id_1744,id_5956,0.4540,False
id_1744,id_4059,0.3999,False
id_97,id_3792,0.3708,False
id_97,id_4358,0.3456,False
id_97,id_97,0.5241,True
id_97,id_97,0.6440,True
id_97,id_97,0.6152,True
id_97,id_97,0.6181,True
id_97,id_97,0.7424,True
id_97,id_1765,0.3312,False
id_97,id_97,0.4605,True
id_97,id_10021,0.2960,False
id_97,id_97,0.5670,True
id_97,id_97,0.6158,True
id_97,id_97,0.5794,True
id_97,id_97,0.4935,True
id_97,id_97,0.7122,True
id_97,id_97,0.4532,True
id_97,id_97,0.5772,True
id_97,id_97,0.4723,True
id_97,id_97,0.5479,True
id_97,id_97,0.6366,True
id_97,id_97,0.5206,True
id_97,id_97,0.5494,True
id_97,id_97,0.5533,True
id_97,id_97,0.4746,True
id_97,id_97,0.6395,True
id_97,id_97,0.4661,True
id_97,id_97,0.5897,True
id_97,id_97,0.6151,True
id_97,id_10232,0.2470,False
id_97,id_97,0.6680,True
id_97,id_97,0.6408,True
id_97,id_97,0.6239,True
id_97,id_97,0.6073,True
id_97,id_97,0.6512,True
id_97,id_97,0.6664,True
id_97,id_97,0.5261,True
id_97,id_6503,0.4004,False
id_97,id_97,0.5995,True
id_97,id_97,0.6939,True
id_97,id_97,0.5750,True
id_97,id_97,0.4354,True
id_97,id_97,0.5552,True
id_97,id_97,0.5214,True
id_97,id_97,0.5249,True
id_97,id_97,0.4602,True
id_97,id_97,0.6280,True
id_97,id_97,0.6424,True
id_97,id_97,0.6002,True
id_97,id_97,0.6788,True
id_97,id_97,0.5555,True
id_97,id_97,0.6676,True
id_97,id_97,0.5235,True
id_97,id_3778,0.3174,False
id_97,id_97,0.3491,True
id_97,id_97,0.5297,True
id_97,id_97,0.5703,True
id_97,id_6934,0.4067,False
id_97,id_97,0.6051,True
id_97,id_97,0.5987,True
id_97,id_97,0.3994,True
id_97,id_97,0.5872,True
id_97,id_97,0.6767,True
id_97,id_97,0.6864,True
id_97,id_97,0.3755,True
id_97,id_97,0.5929,True
id_97,id_97,0.5961,True
id_97,id_97,0.6896,True
id_97,id_97,0.6528,True
id_97,id_97,0.4238,True
id_97,id_97,0.6043,True
id_97,id_97,0.6632,True
id_97,id_1154,0.3868,False
id_97,id_97,0.6125,True
id_97,id_97,0.5836,True
id_97,id_3311,0.3518,False
id_97,id_97,0.3245,True
id_97,id_97,0.5771,True
id_97,id_97,0.5673,True
id_97,id_97,0.5856,True
id_97,id_97,0.3948,True
id_97,id_4019,0.3504,False
id_97,id_97,0.4189,True
id_97,id_4819,0.4649,False
id_97,id_97,0.6818,True
id_97,id_5080,0.3373,False
id_97,id_97,0.4673,True
id_97,id_97,0.5561,True
id_97,id_97,0.5891,True
id_97,id_90,0.2873,False
id_97,id_97,0.4950,True
id_97,id_97,0.4963,True
id_97,id_97,0.6420,True
id_97,id_97,0.5592,True
id_97,id_97,0.4664,True
id_97,id_97,0.4834,True
id_97,id_97,0.5872,True
id_97,id_97,0.6760,True
id_97,id_97,0.5695,True
id_97,id_97,0.4673,True
id_97,id_97,0.6831,True
id_97,id_10482,0.2898,False
id_97,id_10511,0.3153,False
id_97,id_97,0.4604,True
id_97,id_1597,0.4828,False
id_97,id_97,0.5919,True
id_97,id_97,0.6813,True
id_97,id_97,0.3981,True
id_8682,id_8682,0.4223,True
id_8682,id_8682,0.4222,True
id_8682,id_8682,0.5782,True
id_8682,id_8682,0.6140,True
id_8682,id_8682,0.5065,True
id_8682,id_8682,0.6993,True
id_8682,id_8682,0.5895,True
id_8682,id_5928,0.3353,False
id_8682,id_2357,0.4637,False
id_8682,id_8682,0.6080,True
id_8682,id_8682,0.6187,True
id_8682,id_8682,0.3523,True
id_8682,id_8682,0.3316,True
id_8682,id_8682,0.6543,True
id_8682,id_8682,0.4297,True
id_8682,id_5033,0.3940,False
id_8682,id_8682,0.2859,True
id_5058,id_5058,0.6770,True
id_5058,id_5058,0.5695,True
id_5058,id_5058,0.7623,True
id_5058,id_5058,0.7599,True
id_5058,id_5058,0.5145,True
id_5058,id_5058,0.7816,True
id_5058,id_5058,0.7505,True
id_5058,id_5058,0.6070,True
id_5058,id_5058,0.5706,True
id_5058,id_5058,0.6616,True
id_5058,id_4875,0.4551,False
id_5058,id_9766,0.6317,False
id_5058,id_5058,0.7933,True
id_5058,id_5058,0.7022,True
id_5058,id_5058,0.5563,True
id_5058,id_5058,0.5315,True
id_5058,id_5058,0.7601,True
id_5058,id_5058,0.7611,True
id_5058,id_5058,0.7225,True
id_5058,id_9441,0.3883,False
id_4634,id_4634,0.4831,True
id_4634,id_4634,0.7205,True
id_4634,id_4634,0.5657,True
id_4634,id_4634,0.5793,True
id_4634,id_4634,0.6530,True
id_4634,id_4634,0.6313,True
id_4634,id_4634,0.6530,True
id_1047,id_1047,0.5745,True
id_1047,id_1047,0.7610,True
id_1047,id_1047,0.5272,True
id_1047,id_1047,0.4857,True
id_1047,id_1047,0.4757,True
id_1047,id_1047,0.8141,True
id_1047,id_1047,0.6906,True
id_1047,id_1047,0.6462,True
id_1047,id_1047,0.5428,True
id_1047,id_1047,0.5325,True
id_1047,id_1047,0.8141,True
id_1047,id_6568,0.3626,False
id_1047,id_10232,0.3957,False
id_1047,id_1047,0.7880,True
id_1047,id_1047,0.7396,True
id_1047,id_1047,0.6758,True
id_1047,id_1047,0.7545,True
id_1047,id_1047,0.7816,True
id_1047,id_1047,0.7368,True
id_1047,id_1047,0.7474,True
id_1047,id_1047,0.7718,True
id_1047,id_1047,0.7638,True
id_1047,id_1824,0.4252,False
id_1047,id_1047,0.4068,True
id_1047,id_1047,0.7113,True
id_1047,id_1047,0.5511,True
id_1047,id_1047,0.6683,True
id_1047,id_1047,0.6801,True
id_1047,id_1047,0.6702,True
id_1047,id_1047,0.3614,True
id_1047,id_1047,0.6820,True
id_1047,id_1047,0.7726,True
id_1047,id_1047,0.7751,True
id_1047,id_1047,0.7235,True
id_3926,id_2832,0.3595,False
id_3926,id_2435,0.3500,False
id_3926,id_800,0.3929,False
id_3926,id_3926,0.5333,True
id_3926,id_3926,0.4748,True
id_3926,id_9753,0.4837,False
id_3926,id_3926,0.3009,True
id_3926,id_9218,0.3786,False
id_3926,id_1884,0.4497,False
id_3926,id_3926,0.4498,True
id_3926,id_8902,0.3744,False
id_3926,id_9356,0.6025,False
id_3926,id_4630,0.3982,False
id_3926,id_3926,0.5938,True
id_3926,id_3926,0.5248,True
id_3926,id_3140,0.4023,False
id_3926,id_3926,0.3573,True
id_3926,id_9096,0.3830,False
id_3926,id_3926,0.5071,True
id_3926,id_3926,0.4731,True
id_3926,id_3926,0.4932,True
id_3926,id_3926,0.3988,True
id_3926,id_3926,0.4355,True
id_3926,id_3926,0.5614,True
id_3926,id_3926,0.3020,True
id_3926,id_3926,0.4812,True
id_3926,id_4170,0.3445,False
id_3926,id_3926,0.5276,True
id_3926,id_3926,0.4392,True
id_3926,id_3926,0.4042,True
id_526,id_864,0.2996,False
id_526,id_526,0.6951,True
id_526,id_526,0.4459,True
id_526,id_526,0.6732,True
id_526,id_526,0.5282,True
id_526,id_526,0.6206,True
id_526,id_526,0.6941,True
id_526,id_2987,0.4187,False
id_526,id_526,0.4655,True
id_526,id_526,0.3220,True
id_526,id_526,0.6130,True
id_526,id_526,0.6780,True
id_526,id_8482,0.3863,False
id_526,id_526,0.3930,True
id_1750,id_1750,0.4349,True
id_1750,id_1750,0.5056,True
id_1750,id_7022,0.4900,False
id_1750,id_1750,0.4871,True
id_1750,id_1750,0.4363,True
id_1750,id_1750,0.4636,True
id_1750,id_9291,0.4024,False
id_1750,id_1750,0.5665,True
id_1750,id_1750,0.5609,True
id_1750,id_1750,0.5491,True
id_1750,id_1155,0.3368,False
id_1750,id_1750,0.5580,True
id_6254,id_6254,0.7808,True
id_6254,id_6254,0.6059,True
id_6254,id_6254,0.6597,True
id_6254,id_6254,0.5209,True
id_6254,id_6254,0.5803,True
id_6254,id_6254,0.6888,True
id_6254,id_3735,0.3795,False
id_6254,id_6254,0.3783,True
id_6254,id_6254,0.6505,True
id_6254,id_4869,0.3993,False
id_6254,id_6254,0.5201,True
id_6254,id_6254,0.7450,True
id_6254,id_6254,0.5848,True
id_6254,id_6254,0.7441,True
id_6254,id_6254,0.3794,True
id_6254,id_6254,0.6174,True
id_6254,id_5232,0.2310,False
id_6254,id_6254,0.5554,True
id_6254,id_1168,0.3713,False
id_6254,id_287,0.3975,False
id_6254,id_6254,0.6833,True
id_239,id_74,0.4516,False
id_239,id_5549,0.3744,False
id_239,id_239,0.4401,True
id_239,id_239,0.5729,True
id_239,id_5232,0.4224,False
id_239,id_1694,0.4775,False
id_239,id_99,0.4996,False
id_239,id_3492,0.4275,False
id_8902,id_8902,0.3344,True
id_8902,id_10506,0.3756,False
id_8902,id_2520,0.4047,False
id_8902,id_8902,0.4443,True
id_8902,id_8902,0.4108,True
id_8902,id_2520,0.4938,False
id_8902,id_8902,0.4875,True
id_8902,id_8902,0.4670,True
id_8902,id_8183,0.3069,False
id_977,id_977,0.4388,True
id_977,id_977,0.7106,True
id_977,id_977,0.5435,True
id_977,id_977,0.6552,True
id_977,id_7506,0.4007,False
id_977,id_6594,0.3429,False
id_977,id_977,0.4038,True
id_977,id_977,0.6843,True
id_977,id_977,0.6196,True
id_977,id_977,0.4513,True
id_977,id_3778,0.3641,False
id_977,id_6368,0.4039,False
id_977,id_977,0.7228,True
id_977,id_977,0.4531,True
id_977,id_977,0.6413,True
id_977,id_977,0.5587,True
id_977,id_9865,0.3770,False
id_977,id_977,0.5636,True
id_977,id_977,0.6505,True
id_977,id_6042,0.3475,False
id_977,id_977,0.7377,True
id_977,id_977,0.3235,True
id_977,id_977,0.6497,True
id_977,id_977,0.7172,True
id_977,id_4634,0.3687,False
id_977,id_7381,0.4763,False
id_977,id_977,0.3579,True
id_977,id_3551,0.3742,False
id_977,id_2478,0.4495,False
id_977,id_977,0.4418,True
id_977,id_977,0.6627,True
id_977,id_1465,0.4778,False
id_977,id_1627,0.5380,False
id_977,id_977,0.6293,True
id_977,id_977,0.5138,True
id_977,id_977,0.5143,True
id_977,id_977,0.4048,True
id_977,id_977,0.4676,True
id_977,id_8200,0.2542,False
id_977,id_977,0.5491,True
id_977,id_977,0.4853,True
id_977,id_4634,0.5728,False
id_977,id_2569,0.3287,False
id_977,id_977,0.5756,True
id_977,id_977,0.4083,True
id_977,id_1853,0.3706,False
id_977,id_977,0.6865,True
id_977,id_977,0.4619,True
id_977,id_977,0.7108,True
id_6321,id_5131,0.3980,False
id_6321,id_6321,0.4399,True
id_6321,id_6321,0.4673,True
id_6321,id_6321,0.5251,True
id_6321,id_6882,0.3626,False
id_6321,id_7995,0.4224,False
id_6321,id_6321,0.4729,True
id_6321,id_1365,0.2888,False
id_6321,id_9030,0.4223,False
id_2293,id_9821,0.4215,False
id_2293,id_3866,0.4505,False
id_2293,id_8797,0.3840,False
id_2293,id_2293,0.5578,True
id_2293,id_4853,0.4293,False
id_2293,id_2293,0.6591,True
id_2293,id_2293,0.6259,True
id_2293,id_2293,0.5946,True
id_2293,id_2293,0.5250,True
id_2293,id_2293,0.5750,True
id_2293,id_2293,0.4132,True
id_2293,id_2293,0.3953,True
id_2293,id_2293,0.5761,True
id_2293,id_1644,0.4089,False
id_2293,id_2293,0.5425,True
id_2293,id_2293,0.4847,True
id_2293,id_2293,0.4680,True
id_2293,id_5714,0.3822,False
id_2293,id_3578,0.4290,False
id_2293,id_5869,0.4900,False
id_2293,id_2293,0.5387,True
id_2293,id_2293,0.5457,True
id_2293,id_5951,0.3180,False
id_2293,id_2293,0.5168,True
id_2293,id_714,0.4387,False
id_2293,id_3397,0.4424,False
id_2293,id_2701,0.3467,False
id_2293,id_2293,0.4808,True
id_2293,id_2293,0.5465,True
id_2293,id_2293,0.4156,True
id_2293,id_2293,0.6923,True
id_2293,id_2293,0.5262,True
id_2293,id_2293,0.7233,True
id_2293,id_2293,0.4617,True
id_2293,id_2293,0.4058,True
id_2293,id_2293,0.5073,True
id_2293,id_701,0.4179,False
id_2293,id_2293,0.4331,True
id_2293,id_2293,0.6421,True
id_2293,id_2293,0.3998,True
id_2293,id_6319,0.3282,False
id_2293,id_2293,0.5984,True
id_2293,id_3866,0.4321,False
id_9766,id_9766,0.5723,True
id_9766,id_9766,0.6570,True
id_9766,id_7763,0.5466,False
id_9766,id_9766,0.5823,True
id_9766,id_9766,0.5043,True
id_9766,id_9766,0.5563,True
id_9766,id_9766,0.6399,True
id_9766,id_9766,0.4354,True
id_9766,id_9766,0.4963,True
id_9766,id_9766,0.3901,True
id_6779,id_6779,0.4761,True
id_6779,id_6779,0.4905,True
id_6779,id_3692,0.3677,False
id_6779,id_6779,0.4645,True
id_6779,id_6779,0.5650,True
id_6779,id_9821,0.3371,False
id_6779,id_6779,0.3888,True
id_6779,id_6779,0.4138,True
id_9031,id_9031,0.4997,True
id_9031,id_6890,0.3724,False
id_9031,id_9271,0.4616,False
id_9031,id_9031,0.5314,True
id_9031,id_8482,0.3661,False
id_9031,id_9517,0.3905,False
id_9031,id_9031,0.5702,True
id_9031,id_9031,0.6269,True
id_9031,id_8036,0.4609,False
id_9031,id_9031,0.4732,True
id_9031,id_9031,0.5671,True
id_9031,id_9496,0.3738,False
id_9031,id_2730,0.3184,False
id_9031,id_9031,0.6051,True
id_9031,id_9031,0.5638,True
id_9031,id_9031,0.5359,True
id_9031,id_9031,0.3626,True
id_9031,id_9031,0.5960,True
id_9031,id_10181,0.3405,False
id_9031,id_714,0.2879,False
id_9031,id_9031,0.5676,True
id_3506,id_3506,0.5524,True
id_3506,id_3506,0.6059,True
id_3506,id_177,0.4328,False
id_3506,id_3506,0.3565,True
id_3506,id_3970,0.4064,False
id_3506,id_1722,0.3460,False
id_3506,id_7474,0.4082,False
id_3506,id_3506,0.4450,True
id_3506,id_1722,0.3460,False
id_1091,id_1091,0.5262,True
id_1091,id_1722,0.3455,False
id_1091,id_1091,0.4981,True
id_1091,id_1091,0.5587,True
id_4821,id_10251,0.4863,False
id_4821,id_4821,0.5509,True
id_4821,id_8011,0.4546,False
id_4821,id_4821,0.4634,True
id_4821,id_4821,0.5037,True
id_4821,id_4748,0.3621,False
id_4821,id_5066,0.4027,False
id_4821,id_1746,0.5145,False
id_8156,id_8156,0.6564,True
id_8156,id_2902,0.4018,False
id_8156,id_8156,0.5301,True
id_8156,id_8156,0.6808,True
id_8156,id_5951,0.4199,False
id_169,id_3902,0.4285,False
id_169,id_6684,0.3875,False
id_169,id_3866,0.2885,False
id_169,id_169,0.5111,True
id_169,id_169,0.4141,True
id_169,id_3934,0.3562,False
id_169,id_169,0.4827,True
id_169,id_7733,0.2943,False
id_169,id_169,0.4848,True
id_169,id_169,0.4606,True
id_169,id_261,0.2787,False
id_169,id_1252,0.3513,False
id_169,id_169,0.4810,True
id_169,id_169,0.7540,True
id_169,id_169,0.4425,True
id_169,id_169,0.7534,True
id_169,id_169,0.5526,True
id_169,id_169,0.4185,True
id_169,id_169,0.7262,True
id_169,id_169,0.6992,True
id_169,id_169,0.6931,True
id_169,id_169,0.5487,True
id_169,id_169,0.4077,True
id_169,id_169,0.7310,True
id_169,id_169,0.4393,True
id_169,id_169,0.3818,True
id_169,id_169,0.4207,True
id_169,id_8677,0.3817,False
id_169,id_4436,0.3572,False
id_169,id_169,0.7668,True
id_169,id_5472,0.4204,False
id_169,id_3589,0.3256,False
id_169,id_169,0.5400,True
id_169,id_475,0.3463,False
id_169,id_169,0.5286,True
id_169,id_169,0.6992,True
id_169,id_3902,0.3582,False
id_169,id_169,0.7576,True
id_169,id_169,0.6469,True
id_169,id_169,0.5317,True
id_169,id_169,0.6012,True
id_169,id_4165,0.4212,False
id_169,id_5080,0.3935,False
id_169,id_169,0.6625,True
id_169,id_169,0.6893,True
id_169,id_169,0.4634,True
id_169,id_169,0.7008,True
id_169,id_5221,0.3799,False
id_169,id_1765,0.4081,False
id_169,id_169,0.7013,True
id_169,id_169,0.7101,True
id_169,id_169,0.5473,True
id_169,id_8975,0.3457,False
id_169,id_169,0.7106,True
id_169,id_169,0.6004,True
id_169,id_264,0.4286,False
id_7925,id_7925,0.6277,True
id_7925,id_3159,0.2431,False
id_7925,id_3623,0.3460,False
id_7925,id_7925,0.4504,True
id_7925,id_7925,0.4777,True
id_7925,id_7925,0.4504,True
id_7925,id_6811,0.5099,False
id_7925,id_2947,0.3398,False
id_7925,id_7446,0.3536,False
id_7925,id_7925,0.6028,True
id_7925,id_873,0.4098,False
id_7925,id_7925,0.4117,True
id_7925,id_7925,0.5946,True
id_7925,id_7925,0.6936,True
id_7925,id_7925,0.6103,True
id_7925,id_7925,0.7375,True
id_7925,id_7763,0.4220,False
id_7925,id_7925,0.5087,True
id_7925,id_7925,0.5357,True
id_7925,id_7925,0.6157,True
id_7925,id_7925,0.6326,True
id_7925,id_9881,0.3514,False
id_7925,id_7925,0.5977,True
id_7925,id_7925,0.4217,True
id_7925,id_6623,0.3117,False
id_7925,id_7925,0.6652,True
id_7925,id_7925,0.4870,True
id_7925,id_7925,0.5064,True
id_7925,id_7925,0.4985,True
id_7925,id_7925,0.4468,True
id_7270,id_4596,0.2797,False
id_7270,id_7270,0.6732,True
id_7270,id_7270,0.5464,True
id_7270,id_4317,0.5507,False
id_7270,id_7270,0.6253,True
id_7270,id_7270,0.6106,True
id_7270,id_7270,0.4890,True
id_7270,id_6062,0.4657,False
id_7270,id_7270,0.6176,True
id_7270,id_7270,0.6829,True
id_7270,id_7270,0.4206,True
id_9484,id_9484,0.5815,True
id_9484,id_9484,0.6463,True
id_9484,id_8682,0.3545,False
id_9484,id_9484,0.4503,True
id_9484,id_5257,0.4204,False
id_6744,id_6744,0.5952,True
id_6744,id_6744,0.7058,True
id_6744,id_6744,0.7133,True
id_6744,id_6744,0.7270,True
id_6744,id_6934,0.3660,False
id_6744,id_6744,0.7033,True
id_6744,id_6744,0.7705,True
id_6744,id_6744,0.6474,True
id_6744,id_8863,0.5177,False
id_5593,id_5593,0.5469,True
id_5593,id_5593,0.7000,True
id_5593,id_6266,0.4668,False
id_5593,id_5593,0.6013,True
id_5593,id_9393,0.3763,False
id_5593,id_10518,0.4062,False
id_5593,id_5593,0.7081,True
id_5593,id_4436,0.3477,False
id_5593,id_7092,0.3594,False
id_5593,id_4459,0.3591,False
id_5593,id_5593,0.6286,True
id_5593,id_5593,0.6904,True
id_5593,id_5593,0.6403,True
id_5593,id_5593,0.5421,True
id_5593,id_9393,0.4239,False
id_3430,id_7522,0.3906,False
id_3430,id_3430,0.5244,True
id_3430,id_3430,0.6544,True
id_3430,id_3430,0.5999,True
id_3430,id_3430,0.6723,True
id_3430,id_3430,0.6961,True
id_3430,id_3430,0.4430,True
id_3430,id_8866,0.3076,False
id_3430,id_3430,0.5862,True
id_3430,id_3430,0.5240,True
id_3430,id_3430,0.7150,True
id_3430,id_4009,0.4472,False
id_3430,id_8627,0.3861,False
id_3430,id_8423,0.3241,False
id_3430,id_3430,0.3975,True
id_3430,id_3578,0.3833,False
id_3430,id_3430,0.5008,True
id_3430,id_3430,0.7400,True
id_3430,id_3430,0.7275,True
id_3430,id_3430,0.5013,True
id_3430,id_3430,0.7209,True
id_3430,id_10541,0.2819,False
id_3430,id_3430,0.7152,True
id_3430,id_3430,0.5984,True
id_3430,id_6213,0.3032,False
id_3430,id_3430,0.6802,True
id_3430,id_1365,0.4546,False
id_3430,id_3430,0.5648,True
id_3430,id_3430,0.7338,True
id_3430,id_6648,0.3439,False
id_3430,id_3430,0.4496,True
id_3430,id_2802,0.4745,False
id_3430,id_3430,0.5722,True
id_3430,id_3430,0.5559,True
id_3430,id_2478,0.4031,False
id_3430,id_4379,0.4849,False
id_3430,id_7363,0.3734,False
id_3430,id_3430,0.5300,True
id_3430,id_3430,0.6605,True
id_3430,id_5467,0.3618,False
id_3430,id_5750,0.3291,False
id_3430,id_3430,0.5650,True
id_3430,id_3430,0.5218,True
id_3430,id_3936,0.4165,False
id_3430,id_3430,0.6545,True
id_3430,id_3430,0.6254,True
id_3430,id_3430,0.6459,True
id_3430,id_3430,0.6849,True
id_3430,id_3430,0.6704,True
id_3430,id_3589,0.4513,False
id_3430,id_3430,0.5648,True
id_3430,id_3430,0.5356,True
id_3430,id_3430,0.6416,True
id_3430,id_3430,0.4747,True
id_3430,id_4634,0.3480,False
id_3430,id_3430,0.7751,True
id_3430,id_3430,0.4739,True
id_3430,id_3430,0.6730,True
id_3430,id_3430,0.5375,True
id_3430,id_3430,0.5852,True
id_3430,id_6744,0.3542,False
id_3430,id_3039,0.4098,False
id_3430,id_3430,0.4910,True
id_3430,id_3430,0.6264,True
id_3430,id_3430,0.6251,True
id_3430,id_3430,0.4770,True
id_3430,id_3430,0.4600,True
id_3430,id_3430,0.6845,True
id_3430,id_3430,0.7250,True
id_3430,id_3430,0.6475,True
id_3430,id_2415,0.3812,False
id_3430,id_3430,0.7313,True
id_3430,id_3430,0.6711,True
id_3430,id_3430,0.7087,True
id_3430,id_3430,0.6482,True
id_3430,id_3430,0.6136,True
id_3430,id_3430,0.5014,True
id_3430,id_3430,0.5454,True
id_3430,id_3430,0.6612,True
id_3430,id_3430,0.6572,True
id_3430,id_3430,0.7023,True
id_3430,id_3430,0.6572,True
id_3430,id_3430,0.7322,True
id_738,id_738,0.4237,True
id_738,id_738,0.4625,True
id_738,id_738,0.5258,True
id_738,id_7174,0.4254,False
id_738,id_738,0.5688,True
id_738,id_738,0.5246,True
id_738,id_738,0.3917,True
id_738,id_738,0.4008,True
id_738,id_738,0.3022,True
id_738,id_738,0.4447,True
id_738,id_5509,0.4229,False
id_738,id_738,0.4712,True
id_738,id_738,0.4721,True
id_738,id_9447,0.4001,False
id_738,id_738,0.5098,True
id_738,id_233,0.3747,False
id_738,id_738,0.4186,True
id_738,id_738,0.5979,True
id_738,id_9950,0.3154,False
id_738,id_4409,0.4585,False
id_738,id_9864,0.3873,False
id_738,id_738,0.5962,True
id_738,id_3794,0.4369,False
id_738,id_738,0.5442,True
id_738,id_738,0.5997,True
id_738,id_6582,0.4804,False
id_738,id_738,0.5646,True
id_738,id_6556,0.4652,False
id_738,id_738,0.4390,True
id_738,id_6556,0.4424,False
id_738,id_6642,0.4084,False
id_738,id_9517,0.4015,False
id_738,id_738,0.5190,True
id_738,id_738,0.5887,True
id_738,id_4898,0.4362,False
id_5309,id_9398,0.4556,False
id_5309,id_10181,0.3573,False
id_5309,id_5309,0.5056,True
id_5309,id_5687,0.5696,False
id_5309,id_7484,0.3500,False
id_5309,id_5309,0.6200,True
id_5309,id_7967,0.4095,False
id_5309,id_5309,0.4306,True
id_5309,id_5687,0.3826,False
id_5309,id_5309,0.4652,True
id_5309,id_5309,0.6266,True
id_5309,id_5309,0.6501,True
id_5309,id_5309,0.4607,True
id_8825,id_8825,0.6366,True
id_8825,id_8825,0.5698,True
id_8825,id_8825,0.4592,True
id_8825,id_8825,0.6898,True
id_8825,id_8825,0.5696,True
id_8825,id_8825,0.5941,True
id_8825,id_8825,0.5085,True
id_8825,id_8825,0.6467,True
id_8825,id_8825,0.6979,True
id_8825,id_5437,0.4751,False
id_8825,id_8825,0.7566,True
id_8825,id_8825,0.6798,True
id_8825,id_8825,0.5950,True
id_10203,id_6878,0.3180,False
id_10203,id_2288,0.4000,False
id_10203,id_10239,0.3877,False
id_10203,id_10203,0.5517,True
id_10203,id_10203,0.5134,True
id_10203,id_10203,0.4891,True
id_10203,id_7446,0.3324,False
id_9609,id_2645,0.4245,False
id_9609,id_4505,0.3080,False
id_9609,id_3327,0.4712,False
id_9609,id_9609,0.4651,True
id_9609,id_9609,0.5017,True
id_9609,id_3207,0.4084,False
id_9609,id_7988,0.4058,False
id_9609,id_8159,0.3400,False
id_9609,id_10288,0.4352,False
id_9609,id_9609,0.6126,True
id_1357,id_1357,0.6341,True
id_1357,id_1357,0.5338,True
id_1357,id_1357,0.5498,True
id_1357,id_1357,0.6506,True
id_1357,id_1357,0.5980,True
id_1357,id_1357,0.6171,True
id_1357,id_8677,0.3786,False
id_1357,id_2101,0.4663,False
id_1357,id_1001,0.3822,False
id_1357,id_1357,0.4785,True
id_1357,id_1357,0.6104,True
id_1357,id_1357,0.4585,True
id_1357,id_1357,0.6526,True
id_1357,id_2500,0.4326,False
id_1357,id_1357,0.5539,True
id_1357,id_1357,0.5904,True
id_1357,id_5154,0.3581,False
id_1357,id_1357,0.6113,True
id_1357,id_1357,0.4902,True
id_1357,id_1357,0.5903,True
id_1357,id_1357,0.5601,True
id_1357,id_1357,0.4237,True
id_1357,id_1357,0.6179,True
id_1357,id_1357,0.6647,True
id_1357,id_1357,0.7098,True
id_1357,id_1357,0.4120,True
id_1357,id_1357,0.6469,True
id_1357,id_1357,0.4908,True
id_1357,id_1357,0.4972,True
id_4748,id_8420,0.3228,False
id_4748,id_4748,0.5369,True
id_4748,id_4748,0.5867,True
id_4748,id_4748,0.6196,True
id_4748,id_4748,0.5429,True
id_4748,id_4748,0.4378,True
id_5043,id_5043,0.4826,True
id_5043,id_7069,0.3602,False
id_5043,id_5043,0.6137,True
id_5043,id_5043,0.6211,True
id_5043,id_5043,0.7409,True
id_5043,id_5043,0.4810,True
id_5043,id_9766,0.5166,False
id_5043,id_10419,0.3772,False
id_5043,id_5043,0.6754,True
id_5043,id_5043,0.5675,True
id_5043,id_5043,0.6260,True
id_5043,id_5043,0.6838,True
id_5043,id_1724,0.4678,False
id_5043,id_9766,0.5242,False
id_5043,id_5043,0.5565,True
id_5043,id_5043,0.6475,True
id_8912,id_8912,0.5859,True
id_8912,id_1286,0.3505,False
id_8912,id_3051,0.3362,False
id_8912,id_7089,0.3800,False
id_8912,id_1360,0.3699,False
id_8912,id_8912,0.6747,True
id_8912,id_8912,0.5877,True
id_8912,id_8912,0.6196,True
id_8912,id_8912,0.5775,True
id_8912,id_8912,0.6916,True
id_8912,id_8912,0.4897,True
id_8912,id_8912,0.5830,True
id_7967,id_9794,0.5430,False
id_7967,id_8677,0.4743,False
id_7967,id_7967,0.5130,True
id_7967,id_7967,0.5044,True
id_7967,id_3877,0.3708,False
id_7967,id_6594,0.5111,False
id_7967,id_7350,0.3261,False
id_7967,id_7575,0.4856,False
id_7967,id_7967,0.6636,True
id_7967,id_7967,0.3301,True
id_7967,id_2480,0.4177,False
id_7967,id_7967,0.5086,True
id_7967,id_5988,0.4657,False
id_800,id_3722,0.4131,False
id_800,id_10181,0.4709,False
id_800,id_6302,0.3979,False
id_800,id_2351,0.2951,False
id_800,id_800,0.4311,True
id_800,id_800,0.4686,True
id_800,id_800,0.5738,True
id_800,id_6218,0.3561,False
id_800,id_800,0.4860,True
id_800,id_4532,0.2415,False
id_800,id_800,0.3475,True
id_800,id_8531,0.4726,False
id_800,id_800,0.5034,True
id_800,id_540,0.3504,False
id_800,id_1888,0.3300,False
id_800,id_4323,0.3777,False
id_800,id_800,0.4717,True
id_800,id_800,0.4347,True
id_800,id_6373,0.3717,False
id_800,id_2354,0.4599,False
id_800,id_1843,0.4386,False
id_800,id_800,0.5094,True
id_800,id_800,0.5160,True
id_800,id_800,0.5050,True
id_800,id_8531,0.4201,False
id_800,id_800,0.4538,True
id_800,id_800,0.3490,True
id_800,id_800,0.4674,True
id_800,id_800,0.3980,True
id_800,id_8470,0.4156,False
id_800,id_800,0.5961,True
id_8301,id_9598,0.3987,False
id_8301,id_8169,0.4482,False
id_8301,id_8301,0.4657,True
id_8301,id_8301,0.5430,True
id_8301,id_5687,0.4222,False
id_8301,id_6056,0.3669,False
id_8301,id_8301,0.3393,True
id_8301,id_8301,0.5017,True
id_8301,id_8301,0.5743,True
id_8301,id_8301,0.5341,True
id_8301,id_9139,0.5330,False
id_10541,id_10541,0.5476,True
id_10541,id_10541,0.5491,True
id_10541,id_10541,0.5381,True
id_10541,id_6245,0.3601,False
id_10541,id_10541,0.6798,True
id_10541,id_10541,0.5476,True
id_10541,id_10541,0.4997,True
id_10541,id_10541,0.5100,True
id_10541,id_6278,0.4337,False
id_10541,id_10541,0.5757,True
id_10541,id_1252,0.4606,False
id_10541,id_10541,0.4491,True
id_10541,id_255,0.2863,False
id_8547,id_7427,0.4109,False
id_8547,id_8414,0.4508,False
id_8547,id_9030,0.4075,False
id_8547,id_7879,0.3720,False
id_8547,id_8547,0.5173,True
id_8547,id_8547,0.5513,True
id_8547,id_8547,0.4754,True
id_8547,id_8547,0.4682,True
id_8547,id_8547,0.4267,True
id_8547,id_7166,0.5239,False
id_8547,id_7427,0.4622,False
id_3853,id_4135,0.4376,False
id_3853,id_3853,0.4626,True
id_3853,id_3853,0.3954,True
id_3853,id_3853,0.4784,True
id_3853,id_3853,0.4497,True
id_3853,id_3853,0.5791,True
id_3853,id_6523,0.4712,False
id_3853,id_6319,0.4030,False
id_3853,id_3853,0.5349,True
id_3853,id_1481,0.3111,False
id_3853,id_9166,0.4252,False
id_3853,id_8897,0.4532,False
id_3853,id_7904,0.5555,False
id_1752,id_4123,0.3866,False
id_1752,id_3397,0.4419,False
id_1752,id_1752,0.6266,True
id_1752,id_1752,0.5858,True
id_1752,id_1752,0.4403,True
id_1752,id_4819,0.5108,False
id_1752,id_1752,0.5825,True
id_1752,id_1752,0.5248,True
id_446,id_446,0.4834,True
id_446,id_446,0.4402,True
id_446,id_556,0.4581,False
id_446,id_9286,0.4041,False
id_446,id_6543,0.3033,False
id_446,id_1226,0.2806,False
id_446,id_446,0.4853,True
id_1252,id_1252,0.4921,True
id_1252,id_4938,0.4436,False
id_1252,id_1252,0.5912,True
id_1252,id_1252,0.5053,True
id_1252,id_6466,0.4889,False
id_1252,id_3370,0.4009,False
id_1252,id_1252,0.6026,True
id_1252,id_10050,0.4244,False
id_1252,id_1252,0.5962,True
id_1252,id_1252,0.5583,True
id_1252,id_4567,0.4343,False
id_1252,id_7363,0.3514,False
id_1252,id_1252,0.4331,True
id_1252,id_1252,0.5736,True
id_1252,id_1252,0.5307,True
id_1252,id_9599,0.4875,False
id_1252,id_1252,0.4655,True
id_1252,id_5896,0.5180,False
id_873,id_873,0.6034,True
id_873,id_873,0.4984,True
id_873,id_873,0.5180,True
id_873,id_5965,0.4136,False
id_873,id_873,0.5061,True
id_873,id_6173,0.4603,False
id_873,id_873,0.5651,True
id_873,id_873,0.4400,True
id_873,id_4874,0.4879,False
id_873,id_873,0.6038,True
id_873,id_873,0.5290,True
id_9393,id_3370,0.4781,False
id_9393,id_9393,0.5320,True
id_9393,id_1597,0.4476,False
id_9393,id_6245,0.3242,False
id_9393,id_9694,0.3791,False
id_9393,id_5429,0.5454,False
id_9393,id_5827,0.4444,False
id_9393,id_8493,0.4248,False
id_3925,id_6042,0.3031,False
id_3925,id_3925,0.4546,True
id_3925,id_520,0.3365,False
id_3925,id_3058,0.3547,False
id_3925,id_3925,0.6577,True
id_3925,id_3925,0.4995,True
id_3925,id_3925,0.7103,True
id_3925,id_2303,0.3944,False
id_3925,id_3925,0.6691,True
id_3925,id_3925,0.6446,True
id_3925,id_3925,0.5740,True
id_3925,id_3925,0.6385,True
id_3925,id_3925,0.5326,True
id_4915,id_4915,0.6063,True
id_4915,id_5405,0.4240,False
id_4915,id_4177,0.3804,False
id_4915,id_3541,0.3620,False
id_4915,id_4915,0.5164,True
id_4915,id_4915,0.4777,True
id_4915,id_7575,0.4076,False
id_4915,id_4915,0.6270,True
id_4915,id_4915,0.5736,True
id_4915,id_3866,0.3508,False
id_4915,id_4915,0.5079,True
id_4915,id_2867,0.3973,False
id_4915,id_1226,0.3335,False
id_4915,id_4915,0.7087,True
id_4915,id_9898,0.4507,False
id_9286,id_9286,0.6525,True
id_9286,id_9286,0.6648,True
id_9286,id_4583,0.2966,False
id_9286,id_9286,0.7356,True
id_9286,id_9286,0.6313,True
id_9286,id_9286,0.3985,True
id_9286,id_9286,0.4291,True
id_9286,id_3106,0.4254,False
id_9286,id_9286,0.5106,True
id_8781,id_5794,0.3136,False
id_8781,id_8781,0.4368,True
id_8781,id_8781,0.4122,True
id_8781,id_8781,0.3806,True
id_8781,id_8781,0.5748,True
id_8781,id_6288,0.4229,False
id_8781,id_8781,0.5964,True
id_8781,id_8781,0.4372,True
id_8781,id_5309,0.3650,False
id_8781,id_4317,0.3504,False
id_8781,id_2361,0.4384,False
id_8781,id_8781,0.6710,True
id_8781,id_8781,0.5927,True
id_8781,id_8781,0.6198,True
id_8781,id_6288,0.4229,False
id_8781,id_8781,0.4131,True
id_8781,id_8781,0.6813,True
id_8781,id_5956,0.4723,False
id_8781,id_8781,0.6352,True
id_8781,id_5596,0.4224,False
id_8781,id_8781,0.5544,True
id_8781,id_8781,0.5910,True
id_8781,id_8781,0.6682,True
id_8781,id_8781,0.5259,True
id_8781,id_4956,0.4030,False
id_8781,id_2663,0.3587,False
id_8781,id_2689,0.3725,False
id_8781,id_8781,0.6612,True
id_8781,id_8781,0.6109,True
id_8781,id_4358,0.4572,False
id_8781,id_8781,0.5412,True
id_8781,id_8781,0.4700,True
id_8781,id_8781,0.5347,True
id_8781,id_8781,0.4238,True
id_8781,id_3041,0.3469,False
id_8781,id_9398,0.3716,False
id_8781,id_8781,0.6621,True
id_8781,id_8781,0.5085,True
id_8781,id_5687,0.5642,False
id_8781,id_8781,0.6036,True
id_8781,id_8781,0.5741,True
id_8781,id_8781,0.4368,True
id_8781,id_8781,0.3887,True
id_8781,id_8781,0.5669,True
id_8781,id_8781,0.5629,True
id_8781,id_8902,0.3917,False
id_6245,id_6245,0.4305,True
id_6245,id_6245,0.6590,True
id_6245,id_6245,0.3834,True
id_6245,id_2,0.4423,False
id_6245,id_6245,0.6961,True
id_6245,id_6245,0.6766,True
id_6245,id_6245,0.5272,True
id_6245,id_6245,0.5439,True
id_6245,id_6245,0.5110,True
id_6245,id_2136,0.5467,False
id_6245,id_6245,0.5322,True
id_6245,id_6245,0.6373,True
id_6245,id_6245,0.3638,True
id_6245,id_6245,0.5649,True
id_6506,id_6506,0.6576,True
id_6506,id_6506,0.5412,True
id_6506,id_10023,0.5138,False
id_6506,id_10506,0.4316,False
id_6506,id_6506,0.4685,True
id_6506,id_5425,0.3820,False
id_6506,id_6434,0.4332,False
id_9032,id_9032,0.6814,True
id_9032,id_9032,0.6172,True
id_9032,id_9032,0.6535,True
id_9032,id_9032,0.5566,True
id_9032,id_9032,0.5984,True
id_9032,id_9032,0.6089,True
id_9032,id_9032,0.4022,True
id_9032,id_9032,0.5533,True
id_9032,id_9032,0.4830,True
id_9032,id_9032,0.5007,True
id_9032,id_7567,0.4560,False
id_1988,id_1988,0.6439,True
id_1988,id_1988,0.6811,True
id_1988,id_1988,0.4415,True
id_1988,id_1988,0.6165,True
id_1988,id_1988,0.7024,True
id_1988,id_1988,0.6224,True
id_1988,id_953,0.5662,False
id_8447,id_8447,0.7277,True
id_8447,id_8447,0.6131,True
id_8447,id_9766,0.3995,False
id_8447,id_8447,0.4413,True
id_8447,id_8447,0.5435,True
id_8447,id_8447,0.6355,True
id_8447,id_8447,0.5754,True
id_8447,id_8447,0.7524,True
id_8447,id_8447,0.5667,True
id_8447,id_8447,0.5357,True
id_8447,id_8447,0.4953,True
id_8447,id_8447,0.7093,True
id_8447,id_8447,0.5778,True
id_8447,id_8447,0.6816,True
id_5965,id_7389,0.4782,False
id_5965,id_5309,0.3321,False
id_5965,id_465,0.4681,False
id_5965,id_3926,0.4491,False
id_5965,id_5257,0.5304,False
id_5965,id_4165,0.3291,False
id_5965,id_1514,0.4186,False
id_5965,id_5965,0.6253,True
id_3551,id_3551,0.7176,True
id_3551,id_3551,0.4474,True
id_3551,id_3551,0.5077,True
id_3551,id_3551,0.5999,True
id_3551,id_3551,0.7527,True
id_3551,id_3551,0.6887,True
id_3551,id_10541,0.4456,False
id_3551,id_3551,0.4444,True
id_3551,id_3551,0.5560,True
id_3551,id_3551,0.6687,True
id_3551,id_3551,0.6101,True
id_3551,id_6077,0.3736,False
id_3551,id_3551,0.5897,True
id_3551,id_3551,0.7053,True
id_3551,id_3551,0.6233,True
id_3551,id_10232,0.3850,False
id_3551,id_3551,0.6705,True
id_3551,id_3551,0.4858,True
id_3551,id_3551,0.6601,True
id_3551,id_3551,0.6987,True
id_3551,id_9470,0.4306,False
id_3551,id_3551,0.6200,True
id_221,id_221,0.3144,True
id_221,id_2287,0.4907,False
id_221,id_221,0.6469,True
id_221,id_221,0.5051,True
id_221,id_3735,0.4305,False
id_221,id_2629,0.3857,False
id_221,id_7114,0.3436,False
id_221,id_221,0.4662,True
id_221,id_2216,0.4504,False
id_221,id_221,0.4410,True
id_221,id_221,0.5064,True
id_221,id_5278,0.4225,False
id_221,id_834,0.3018,False
id_221,id_221,0.4796,True
id_221,id_1535,0.4309,False
id_221,id_5472,0.4479,False
id_221,id_5080,0.4227,False
id_221,id_1981,0.3564,False
id_221,id_221,0.5304,True
id_221,id_97,0.4798,False
id_221,id_221,0.6873,True
id_221,id_221,0.6650,True
id_221,id_1360,0.2846,False
id_221,id_4853,0.3641,False
id_221,id_2383,0.4124,False
id_221,id_221,0.5979,True
id_221,id_1465,0.4586,False
id_221,id_221,0.4540,True
id_221,id_1535,0.4755,False
id_221,id_3195,0.3363,False
id_221,id_221,0.6120,True
id_221,id_3784,0.4502,False
id_221,id_221,0.6565,True
id_221,id_3866,0.3892,False
id_221,id_221,0.5957,True
id_221,id_221,0.4682,True
id_221,id_1535,0.3916,False
id_221,id_3831,0.3120,False
id_221,id_221,0.5062,True
id_221,id_221,0.5785,True
id_221,id_221,0.5450,True
id_221,id_221,0.6402,True
id_221,id_221,0.4801,True
id_221,id_1535,0.4525,False
id_221,id_5750,0.4698,False
id_221,id_221,0.5602,True
id_221,id_221,0.4705,True
id_221,id_5309,0.4060,False
id_221,id_7064,0.4619,False
id_221,id_221,0.4761,True
id_221,id_221,0.6039,True
id_221,id_1393,0.3783,False
id_221,id_221,0.5366,True
id_221,id_221,0.5068,True
id_221,id_6115,0.3641,False
id_221,id_221,0.6623,True
id_221,id_608,0.4858,False
id_221,id_2287,0.3205,False
id_221,id_221,0.4401,True
id_221,id_221,0.5904,True
id_221,id_1795,0.4147,False
id_221,id_221,0.5223,True
id_221,id_221,0.5357,True
id_221,id_2287,0.3695,False
id_221,id_5827,0.3761,False
id_221,id_221,0.6733,True
id_221,id_90,0.3808,False
id_221,id_9114,0.4002,False
id_221,id_1535,0.3846,False
id_221,id_7904,0.3422,False
id_221,id_221,0.6614,True
id_221,id_4505,0.2793,False
id_221,id_221,0.4378,True
id_221,id_221,0.6364,True
id_221,id_221,0.4946,True
id_221,id_221,0.6209,True
id_221,id_221,0.4650,True
id_221,id_221,0.5602,True
id_221,id_221,0.5962,True
id_221,id_7389,0.4496,False
id_221,id_221,0.5054,True
id_221,id_2141,0.2618,False
id_221,id_221,0.4529,True
id_221,id_221,0.4645,True
id_221,id_10048,0.3265,False
id_221,id_221,0.4823,True
id_221,id_221,0.6312,True
id_221,id_221,0.4065,True
id_221,id_2802,0.3457,False
id_221,id_221,0.3941,True
id_221,id_4268,0.3316,False
id_221,id_221,0.6882,True
id_221,id_221,0.6714,True
id_221,id_221,0.6646,True
id_221,id_221,0.5140,True
id_221,id_221,0.4882,True
id_221,id_9272,0.3294,False
id_221,id_221,0.6683,True
id_221,id_8072,0.3543,False
id_221,id_4045,0.4118,False
id_221,id_221,0.6667,True
id_221,id_221,0.4918,True
id_221,id_1532,0.4172,False
id_221,id_221,0.5007,True
id_221,id_27,0.4189,False
id_221,id_3578,0.3577,False
id_221,id_221,0.4887,True
id_221,id_221,0.4816,True
id_221,id_4855,0.3426,False
id_221,id_221,0.4152,True
id_221,id_221,0.3704,True
id_221,id_3456,0.4929,False
id_221,id_1400,0.4315,False
id_221,id_1536,0.3601,False
id_221,id_2287,0.4240,False
id_221,id_10428,0.4050,False
id_5999,id_5999,0.4792,True
id_5999,id_5999,0.3942,True
id_5999,id_2867,0.4731,False
id_5999,id_5999,0.6885,True
id_5999,id_5999,0.7130,True
id_5999,id_5999,0.4202,True
id_5999,id_5999,0.6930,True
id_5999,id_5999,0.6716,True
id_5999,id_5999,0.7396,True
id_5999,id_5999,0.6854,True
id_5999,id_5509,0.6432,False
id_5999,id_5999,0.6808,True
id_5999,id_5999,0.4880,True
id_5934,id_8072,0.3814,False
id_5934,id_5934,0.5524,True
id_5934,id_5956,0.5035,False
id_5934,id_5934,0.6371,True
id_5934,id_5934,0.6674,True
id_5934,id_5934,0.5706,True
id_5934,id_5934,0.6885,True
id_5934,id_10232,0.3347,False
id_5934,id_5934,0.4790,True
id_5934,id_1904,0.3592,False
id_5934,id_5934,0.4653,True
id_5934,id_5934,0.5071,True
id_5934,id_5934,0.3660,True
id_5934,id_5934,0.5346,True
id_5934,id_5934,0.5393,True
id_5934,id_6334,0.4002,False
id_5934,id_9267,0.3851,False
id_5934,id_5934,0.4394,True
id_5934,id_5934,0.6312,True
id_5934,id_5934,0.6279,True
id_5934,id_8902,0.3308,False
id_5934,id_3207,0.4641,False
id_5934,id_488,0.3393,False
id_5934,id_6334,0.4282,False
id_5934,id_10181,0.4216,False
id_7524,id_7524,0.5852,True
id_7524,id_4436,0.4348,False
id_7524,id_2802,0.4046,False
id_7524,id_7524,0.5758,True
id_7524,id_7524,0.5754,True
id_7524,id_7524,0.5256,True
id_7524,id_1644,0.3125,False
id_8637,id_8637,0.7477,True
id_8637,id_8637,0.6588,True
id_8637,id_8637,0.7081,True
id_8637,id_8637,0.7607,True
id_8637,id_8637,0.6464,True
id_8637,id_8637,0.5101,True
id_8637,id_8637,0.6582,True
id_4667,id_4667,0.4505,True
id_4667,id_9823,0.3706,False
id_4667,id_834,0.4671,False
id_4667,id_3497,0.4804,False
id_4667,id_5309,0.4636,False
id_4667,id_4667,0.4567,True
id_4667,id_4667,0.4521,True
id_4667,id_4667,0.5600,True
id_4667,id_1847,0.4575,False
id_4667,id_4667,0.5241,True
id_4667,id_4667,0.4989,True
id_4667,id_4204,0.4251,False
id_4667,id_1357,0.3442,False
id_4667,id_4619,0.3760,False
id_4667,id_4667,0.6098,True
id_9259,id_2902,0.3418,False
id_9259,id_9259,0.5854,True
id_9259,id_3060,0.4390,False
id_9259,id_5051,0.3831,False
id_9259,id_10468,0.3591,False
id_9259,id_9259,0.6007,True
id_9259,id_9259,0.5987,True
id_9259,id_4135,0.3531,False
id_9259,id_9259,0.4583,True
id_9259,id_9259,0.5572,True
id_9259,id_9259,0.5208,True
id_9259,id_9259,0.6375,True
id_10135,id_10135,0.7191,True
id_10135,id_10135,0.6220,True
id_10135,id_10135,0.6178,True
id_10135,id_10135,0.4247,True
id_10135,id_10135,0.7146,True
id_10135,id_10135,0.6441,True
id_10135,id_10135,0.5481,True
id_10135,id_2724,0.3768,False
id_10135,id_10135,0.7049,True
id_2077,id_4880,0.4165,False
id_2077,id_2077,0.5047,True
id_2077,id_9187,0.4469,False
id_2077,id_2077,0.6154,True
id_6594,id_2154,0.4801,False
id_6594,id_6594,0.5728,True
id_6594,id_8021,0.3729,False
id_6594,id_6594,0.6039,True
id_6594,id_6594,0.5905,True
id_6594,id_6594,0.6071,True
id_6594,id_5422,0.3854,False
id_6594,id_6594,0.6831,True
id_6594,id_6594,0.6308,True
id_6594,id_6594,0.5567,True
id_6594,id_6594,0.5959,True
id_6594,id_6594,0.5896,True
id_6594,id_6594,0.5743,True
id_6594,id_6594,0.4517,True
id_6594,id_6594,0.6942,True
id_6594,id_6594,0.4394,True
id_6594,id_4956,0.3721,False
id_6594,id_6594,0.5159,True
id_6594,id_8613,0.4191,False
id_6594,id_7620,0.3491,False
id_6594,id_4698,0.3730,False
id_6594,id_6594,0.6500,True
id_6594,id_3877,0.4526,False
id_6594,id_2548,0.3651,False
id_6594,id_6594,0.6607,True
id_6594,id_6594,0.7614,True
id_6594,id_6594,0.7488,True
id_6594,id_6594,0.6313,True
id_6594,id_6594,0.4951,True
id_6594,id_9945,0.4554,False
id_6594,id_6594,0.5951,True
id_6594,id_6594,0.7809,True
id_6594,id_9230,0.4198,False
id_6594,id_6594,0.6202,True
id_6594,id_9530,0.3413,False
id_6594,id_6594,0.4367,True
id_6594,id_6594,0.4932,True
id_6594,id_6594,0.7325,True
id_6594,id_6594,0.4632,True
id_6594,id_8021,0.3207,False
id_6594,id_6062,0.4129,False
id_6594,id_6594,0.6143,True
id_6594,id_6594,0.7258,True
id_6594,id_6594,0.5977,True
id_6594,id_2257,0.3944,False
id_6594,id_6594,0.5624,True
id_6594,id_6594,0.6824,True
id_6028,id_6028,0.5524,True
id_6028,id_6028,0.6053,True
id_6028,id_4583,0.3389,False
id_6028,id_5202,0.3846,False
id_6028,id_4170,0.3214,False
id_6028,id_1904,0.5384,False
id_6028,id_6543,0.3746,False
id_6028,id_6028,0.6172,True
id_6028,id_6028,0.4764,True
id_6028,id_6028,0.6099,True
id_4972,id_4972,0.4800,True
id_4972,id_4972,0.5722,True
id_4972,id_5397,0.2796,False
id_4972,id_4972,0.5272,True
id_4972,id_2424,0.5234,False
id_4972,id_4972,0.6734,True
id_4972,id_9188,0.3759,False
id_1939,id_1939,0.5153,True
id_1939,id_10181,0.4492,False
id_1939,id_1939,0.6288,True
id_1939,id_8482,0.3306,False
id_1939,id_1939,0.4082,True
id_1939,id_2358,0.4136,False
id_1939,id_1939,0.5184,True
id_1939,id_1939,0.6505,True
id_1939,id_1939,0.7292,True
id_7690,id_8764,0.3506,False
id_7690,id_7690,0.6041,True
id_7690,id_7690,0.4081,True
id_7690,id_8243,0.3277,False
id_7690,id_7690,0.5582,True
id_7690,id_7690,0.5668,True
id_7690,id_1924,0.2804,False
id_7690,id_7690,0.4226,True
id_7690,id_8604,0.4102,False
id_7690,id_8418,0.4860,False
id_7690,id_7690,0.6437,True
id_5441,id_5441,0.5998,True
id_5441,id_5441,0.5825,True
id_5441,id_5441,0.6797,True
id_5441,id_7554,0.4597,False
id_5441,id_5441,0.7234,True
id_5441,id_5441,0.4649,True
id_5441,id_5441,0.5317,True
id_5441,id_5441,0.6717,True
id_5441,id_5441,0.7002,True
id_5441,id_5441,0.6103,True
id_5441,id_5441,0.4373,True
id_5441,id_5441,0.5134,True
id_5441,id_5441,0.6406,True
id_5441,id_5441,0.5268,True
id_5441,id_5441,0.6852,True
id_5441,id_5441,0.7046,True
id_5441,id_5441,0.6836,True
id_5441,id_5441,0.5084,True
id_5441,id_4459,0.4195,False
id_5441,id_5441,0.5464,True
id_5441,id_5441,0.3984,True
id_5441,id_5441,0.7234,True
id_7991,id_7991,0.6035,True
id_7991,id_6816,0.4728,False
id_7991,id_9517,0.3986,False
id_7991,id_8417,0.4128,False
id_7991,id_8986,0.4699,False
id_7991,id_8021,0.3718,False
id_7991,id_7712,0.4638,False
id_7991,id_7991,0.5969,True
id_7991,id_7991,0.4502,True
id_7991,id_6568,0.3911,False
id_7991,id_7991,0.6866,True
id_7991,id_7991,0.6440,True
id_7991,id_7991,0.5517,True
id_7991,id_5548,0.4300,False
id_7991,id_7991,0.6196,True
id_7991,id_7991,0.5993,True
id_7991,id_7991,0.5431,True
id_7991,id_5922,0.4455,False
id_7991,id_8204,0.4819,False
id_7991,id_8021,0.3539,False
id_7991,id_7991,0.5400,True
id_7991,id_4358,0.3338,False
id_7991,id_7991,0.4066,True
id_7991,id_7991,0.5578,True
id_7991,id_6241,0.4136,False
id_7991,id_4358,0.4120,False
id_7991,id_5273,0.3403,False
id_7991,id_7991,0.4918,True
id_7991,id_9945,0.4825,False
id_7991,id_7991,0.5460,True
id_7991,id_7991,0.4625,True
id_7991,id_10116,0.3691,False
id_7991,id_7991,0.5215,True
id_7991,id_4358,0.4284,False
id_7991,id_7991,0.5848,True
id_7484,id_2354,0.4596,False
id_7484,id_4258,0.4333,False
id_7484,id_7484,0.3480,True
id_7484,id_2354,0.3736,False
id_7484,id_3926,0.2978,False
id_7484,id_800,0.3466,False
id_7484,id_2164,0.3436,False
id_7484,id_9181,0.3817,False
id_7484,id_6568,0.2860,False
